epoch,step,train_gap_MAE,train_loss,val_gap_MAE,val_loss
0,9,6.409909248352051,50.76506042480469,,
0,19,4.52038049697876,22.603473663330078,,
0,29,1.447587490081787,2.8334896564483643,,
0,39,1.2120189666748047,2.547252893447876,,
0,49,1.18485689163208,1.887939691543579,,
0,59,0.7901713848114014,1.2312264442443848,,
0,69,0.7409006953239441,0.7778306007385254,,
0,79,0.7091631293296814,0.69985032081604,,
0,89,0.8441511392593384,1.6607847213745117,,
0,99,0.9405540227890015,1.4172072410583496,,
0,109,1.0191799402236938,1.7998158931732178,,
0,119,1.0028386116027832,1.6976630687713623,,
0,129,0.7244390845298767,0.8770029544830322,,
0,139,0.5875330567359924,0.6114975214004517,,
0,149,0.7767979502677917,1.2502278089523315,,
0,159,0.780502200126648,0.9584261178970337,,
0,169,0.6854507923126221,0.7810508012771606,,
0,179,0.6898738145828247,0.6920044422149658,,
0,189,0.7908892631530762,0.9447574019432068,,
0,199,0.6974242329597473,0.7434368133544922,,
0,209,0.597498893737793,0.5651072263717651,,
0,219,0.49698561429977417,0.4124162793159485,,
0,229,0.5890934467315674,0.5193159580230713,,
0,239,0.6445813775062561,0.6822046041488647,,
0,249,0.6092180013656616,0.6344166398048401,,
0,259,0.5439456701278687,0.5824058055877686,,
0,269,0.6870479583740234,0.9986070394515991,,
0,279,0.5777618885040283,0.635290265083313,,
0,289,0.6013062596321106,0.5434112548828125,,
0,299,0.7035200595855713,0.982986330986023,,
0,309,0.5988059639930725,0.5199078917503357,,
0,319,0.6392897367477417,0.7072839736938477,,
0,329,0.708145022392273,0.899065375328064,,
0,339,0.5791458487510681,0.5157244205474854,,
0,349,0.7935096025466919,1.208104133605957,,
0,359,0.7276159524917603,0.7147070169448853,,
0,369,0.4801587760448456,0.35344281792640686,,
0,379,0.6087958812713623,0.6467434167861938,,
0,389,0.5156735777854919,0.4465571343898773,,
0,399,0.5382575988769531,0.4625372290611267,,
0,409,0.509408175945282,0.4992070198059082,,
0,419,0.4901188015937805,0.5327638387680054,,
0,429,0.4740694463253021,0.37399864196777344,,
0,439,0.47556304931640625,0.44340696930885315,,
0,449,0.7250474691390991,0.7835423946380615,,
0,459,0.35906651616096497,0.24566107988357544,,
0,469,0.6100640892982483,0.5308645367622375,,
0,479,0.5612974166870117,0.5776904225349426,,
0,489,0.6926653981208801,0.8892478346824646,,
0,499,0.6557536125183105,0.6127511262893677,,
0,509,0.7052764892578125,0.7248866558074951,,
0,519,0.6085330843925476,0.5853970050811768,,
0,529,0.6159653067588806,0.5114602446556091,,
0,539,0.472816526889801,0.3247072696685791,,
0,549,0.6687425971031189,0.862739622592926,,
0,559,0.5390071272850037,0.4416857361793518,,
0,569,0.6037279367446899,0.5913130044937134,,
0,579,0.4652263820171356,0.3414447009563446,,
0,589,0.7540581822395325,1.1237032413482666,,
0,599,0.5798394680023193,0.5230966210365295,,
0,609,0.49829643964767456,0.3828190565109253,,
0,619,0.6293435096740723,0.7722792625427246,,
0,629,0.6282184720039368,0.5934383869171143,,
0,639,0.5961428880691528,0.5711666345596313,,
0,649,0.7636642456054688,0.7686768770217896,,
0,659,0.6344436407089233,0.9536619782447815,,
0,669,0.8625463247299194,1.1524490118026733,,
0,679,0.576471209526062,0.5052254796028137,,
0,689,0.5762944221496582,0.4507317543029785,,
0,699,0.7723426818847656,0.838715672492981,,
0,709,0.5635703802108765,0.4822598695755005,,
0,719,0.4066022038459778,0.28442296385765076,,
0,729,0.622645378112793,0.590750515460968,,
0,739,0.7501534223556519,0.8344161510467529,,
0,749,0.6770317554473877,0.7434983253479004,,
0,759,0.4919096827507019,0.39174699783325195,,
0,769,0.3369736671447754,0.1782468855381012,,
0,779,0.7195063829421997,0.7331898212432861,,
0,789,0.5588221549987793,0.5054744482040405,,
0,799,0.5626336336135864,0.4682290554046631,,
0,809,0.5877555012702942,0.6282682418823242,,
0,819,0.812443733215332,1.1740185022354126,,
0,829,0.4778147339820862,0.4079723358154297,,
0,839,0.6134915947914124,0.6227094531059265,,
0,849,0.5048433542251587,0.3687017560005188,,
0,859,0.692101776599884,0.6547965407371521,,
0,869,0.5621252059936523,0.5126854181289673,,
0,879,0.41333216428756714,0.2822425961494446,,
0,889,0.5023815631866455,0.3978005051612854,,
0,899,0.5657544136047363,0.47436997294425964,,
0,909,0.7597625255584717,0.8492310643196106,,
0,919,0.514635443687439,0.3604978919029236,,
0,929,0.6619207859039307,0.7278052568435669,,
0,939,0.541539192199707,0.48709526658058167,,
0,949,0.4978119134902954,0.4183127284049988,,
0,959,0.7057079672813416,0.8588120937347412,,
0,969,0.5674847960472107,0.484421968460083,,
0,979,0.6457436084747314,0.7172982692718506,,
0,989,0.46932828426361084,0.3176809549331665,,
0,999,0.5464850664138794,0.47400060296058655,,
0,1009,0.4226912260055542,0.2771640419960022,,
0,1019,0.5756511688232422,0.4824610948562622,,
0,1029,0.6448276042938232,0.7102221250534058,,
0,1039,0.7141226530075073,0.8726014494895935,,
0,1049,0.5326626300811768,0.38501936197280884,,
0,1059,0.7901995182037354,0.8529267907142639,,
0,1069,0.45709264278411865,0.3066134452819824,,
0,1079,0.40768635272979736,0.3147833049297333,,
0,1089,0.6290914416313171,0.5710487365722656,,
0,1099,0.5310323238372803,0.6346357464790344,,
0,1109,0.46579456329345703,0.35465946793556213,,
0,1119,0.543304443359375,0.45212942361831665,,
0,1129,0.5059967637062073,0.39588654041290283,,
0,1139,0.6063451766967773,0.5099900364875793,,
0,1149,0.5699472427368164,0.49476030468940735,,
0,1159,0.4953688383102417,0.3485991358757019,,
0,1169,0.5492811799049377,0.4503173232078552,,
0,1179,0.6077929735183716,0.5450199842453003,,
0,1189,0.6225407123565674,0.5065345764160156,,
0,1199,0.5056635737419128,0.424235463142395,,
0,1209,0.5243737101554871,0.5269550085067749,,
0,1219,0.5934561491012573,0.6879474520683289,,
0,1229,0.5964356660842896,0.5924261808395386,,
0,1239,0.5809470415115356,0.5710599422454834,,
0,1249,0.5307573080062866,0.38791805505752563,,
0,1259,0.6787134408950806,0.6923031806945801,,
0,1269,0.44200748205184937,0.25429975986480713,,
0,1279,0.4026618003845215,0.30634236335754395,,
0,1289,0.48272505402565,0.3107752501964569,,
0,1299,0.5016850829124451,0.40955376625061035,,
0,1309,0.5489356517791748,0.45706111192703247,,
0,1319,0.7081054449081421,0.7386447787284851,,
0,1329,0.5496501922607422,0.45477837324142456,,
0,1339,0.4813709855079651,0.35322698950767517,,
0,1349,0.6746270060539246,0.7382187843322754,,
0,1359,0.44298213720321655,0.35854557156562805,,
0,1369,0.4745304584503174,0.3447532653808594,,
0,1379,0.40454161167144775,0.2598252594470978,,
0,1389,0.5964670181274414,0.5333598852157593,,
0,1399,0.5020467638969421,0.44502925872802734,,
0,1409,0.4491015374660492,0.3007596731185913,,
0,1419,0.6393739581108093,0.6241744756698608,,
0,1429,0.5911598801612854,0.5395385026931763,,
0,1439,0.4609445035457611,0.40877765417099,,
0,1449,0.5351448059082031,0.4507956802845001,,
0,1459,0.45258480310440063,0.3168240785598755,,
0,1469,0.6156812310218811,0.5848274230957031,,
0,1479,0.4897509515285492,0.37883666157722473,,
0,1489,0.5055392980575562,0.41349905729293823,,
0,1499,0.4489361047744751,0.3010687232017517,,
0,1509,0.5274926424026489,0.42198872566223145,,
0,1519,0.5381179451942444,0.4206356406211853,,
0,1529,0.3739837408065796,0.2305491715669632,,
0,1539,0.5321700572967529,0.4655590057373047,,
0,1549,0.8006471395492554,0.8301349878311157,,
0,1559,0.48974525928497314,0.3836826980113983,,
0,1569,0.49024513363838196,0.35245153307914734,,
0,1579,0.522057294845581,0.38043326139450073,,
0,1589,0.5430049300193787,0.5296720266342163,,
0,1599,0.4765447974205017,0.33064132928848267,,
0,1609,0.5491419434547424,0.6209947466850281,,
0,1619,0.7283880710601807,0.7388852834701538,,
0,1629,0.44774115085601807,0.3730538785457611,,
0,1639,0.4887719452381134,0.35795000195503235,,
0,1649,0.4203834533691406,0.3032722771167755,,
0,1659,0.5049605369567871,0.4040350019931793,,
0,1669,0.46608227491378784,0.3624594807624817,,
0,1679,0.43941813707351685,0.3096979856491089,,
0,1689,0.6522610187530518,0.5496189594268799,,
0,1699,0.4780776798725128,0.3249031901359558,,
0,1709,0.3206454813480377,0.1501743495464325,,
0,1719,0.46955832839012146,0.32301145792007446,,
0,1729,0.5423764586448669,0.4311446249485016,,
0,1739,0.5740534663200378,0.4557870328426361,,
0,1749,0.5221059322357178,0.461840957403183,,
0,1759,0.6037390232086182,0.7165958881378174,,
0,1769,0.5247586369514465,0.4223811626434326,,
0,1779,0.4383348524570465,0.27411624789237976,,
0,1789,0.5449055433273315,0.530630350112915,,
0,1799,0.5768027901649475,0.6659250855445862,,
0,1809,0.5072923302650452,0.6734784841537476,,
0,1819,0.5621716976165771,0.5056377053260803,,
0,1829,0.6371859312057495,0.6187441349029541,,
0,1839,0.650394082069397,0.5805754661560059,,
0,1849,0.635394811630249,0.6046160459518433,,
0,1859,0.5727361440658569,0.653944730758667,,
0,1869,0.41575413942337036,0.27965405583381653,,
0,1879,0.4687320590019226,0.2956219017505646,,
0,1889,0.3651260733604431,0.2739579677581787,,
0,1899,0.5519298315048218,0.4925938546657562,,
0,1909,0.4486595392227173,0.28701961040496826,,
0,1919,0.6041558384895325,0.5129518508911133,,
0,1929,0.5481330156326294,0.43392300605773926,,
0,1939,0.32654693722724915,0.1914675533771515,,
0,1949,0.3065064251422882,0.16324090957641602,,
0,1959,0.5500166416168213,0.4244054853916168,,
0,1969,0.6408035755157471,0.582356870174408,,
0,1979,0.6788336038589478,0.681669294834137,,
0,1989,0.6706399321556091,0.7295300960540771,,
0,1999,0.4868493974208832,0.3307107090950012,,
0,2009,0.6517081260681152,0.5649125576019287,,
0,2019,0.5494953393936157,0.5480376482009888,,
0,2029,0.5489649176597595,0.5199081897735596,,
0,2039,0.4519435465335846,0.29167699813842773,,
0,2049,0.382299542427063,0.2401556819677353,,
0,2059,0.6192482113838196,0.655842661857605,,
0,2069,0.4029368758201599,0.23467494547367096,,
0,2079,0.5367282629013062,0.46100369095802307,,
0,2089,0.41861051321029663,0.301728755235672,,
0,2099,0.4786455035209656,0.37044310569763184,,
0,2109,0.44858357310295105,0.3030911087989807,,
0,2119,0.3658175468444824,0.24367764592170715,,
0,2129,0.3992294669151306,0.298199325799942,,
0,2139,0.5674505233764648,0.5435271859169006,,
0,2149,0.5581111907958984,0.4192999005317688,,
0,2159,0.5066695213317871,0.37647539377212524,,
0,2169,0.7099590301513672,0.696357250213623,,
0,2179,0.32249656319618225,0.1655159592628479,,
0,2189,0.3939095139503479,0.26270222663879395,,
0,2199,0.4315798282623291,0.2899153232574463,,
0,2209,0.48808205127716064,0.3378136157989502,,
0,2219,0.4760759472846985,0.40204542875289917,,
0,2229,0.4664304256439209,0.3231915831565857,,
0,2239,0.4315316379070282,0.2824932634830475,,
0,2249,0.4205290377140045,0.3483261466026306,,
0,2259,0.3549855649471283,0.20108601450920105,,
0,2269,0.4261064827442169,0.346072256565094,,
0,2279,0.5476754903793335,0.3626939058303833,,
0,2289,0.6294218301773071,0.5742772817611694,,
0,2299,0.4614909887313843,0.3314697742462158,,
0,2309,0.6041171550750732,0.5001891255378723,,
0,2319,0.4530586302280426,0.3376803994178772,,
0,2329,0.46472567319869995,0.5041908025741577,,
0,2339,0.4141490161418915,0.2784873843193054,,
0,2349,0.38957124948501587,0.32920053601264954,,
0,2359,0.38740721344947815,0.2301110476255417,,
0,2369,0.3929973244667053,0.2417881339788437,,
0,2379,0.6522798538208008,0.6261970400810242,,
0,2389,0.3334667682647705,0.18850043416023254,,
0,2399,0.5599948167800903,0.4828220009803772,,
0,2409,0.43220055103302,0.2692325711250305,,
0,2419,0.7808529138565063,0.7507884502410889,,
0,2429,0.5058215856552124,0.4871901869773865,,
0,2439,0.493520051240921,0.4280373454093933,,
0,2449,0.4691459834575653,0.3227389454841614,,
0,2459,0.41061121225357056,0.2320106029510498,,
0,2469,0.4959404468536377,0.3972480297088623,,
0,2479,0.5858498215675354,0.5233538746833801,,
0,2489,0.387068510055542,0.2524811029434204,,
0,2499,0.4289436638355255,0.27874326705932617,,
0,2509,0.3091478943824768,0.13838191330432892,,
0,2519,0.415672242641449,0.2742624580860138,,
0,2529,0.5538290739059448,0.4281022846698761,,
0,2539,0.407534122467041,0.2437734603881836,,
0,2549,0.525231122970581,0.3960086703300476,,
0,2559,0.6325545310974121,0.5153844356536865,,
0,2569,0.5588514804840088,0.5539774894714355,,
0,2579,0.5272963047027588,0.42574405670166016,,
0,2589,0.4752310514450073,0.4790962040424347,,
0,2599,0.4557487368583679,0.3735319972038269,,
0,2609,0.3844373822212219,0.2446371614933014,,
0,2619,0.35206252336502075,0.20367750525474548,,
0,2629,0.5481388568878174,0.4687194228172302,,
0,2639,0.5066321492195129,0.40160995721817017,,
0,2649,0.5243098735809326,0.4834548234939575,,
0,2659,0.4354037046432495,0.2778434157371521,,
0,2669,0.4453437626361847,0.3127857744693756,,
0,2679,0.5016219615936279,0.3751019239425659,,
0,2689,0.3673645853996277,0.21422767639160156,,
0,2699,0.49748754501342773,0.35044074058532715,,
0,2709,0.38516706228256226,0.1999179720878601,,
0,2719,0.3663643002510071,0.2090316265821457,,
0,2729,0.6055171489715576,0.48883819580078125,,
0,2739,0.4466705322265625,0.3132045269012451,,
0,2749,0.3325355052947998,0.16470764577388763,,
0,2759,0.4046420454978943,0.2802889049053192,,
0,2769,0.4259982705116272,0.24912534654140472,,
0,2779,0.5422941446304321,0.43438541889190674,,
0,2789,0.6882888078689575,1.838726282119751,,
0,2799,0.682959794998169,0.7734697461128235,,
0,2809,0.5546844005584717,0.47879233956336975,,
0,2819,0.4531610310077667,0.3721981942653656,,
0,2829,0.43975451588630676,0.29480552673339844,,
0,2839,0.431363582611084,0.30515122413635254,,
0,2849,0.31616294384002686,0.16399753093719482,,
0,2859,0.30088716745376587,0.1969059556722641,,
0,2869,0.5097603797912598,0.36941027641296387,,
0,2879,0.4078165292739868,0.2350921630859375,,
0,2889,0.5406407713890076,0.42998215556144714,,
0,2899,0.4602125883102417,0.30334141850471497,,
0,2909,0.46543246507644653,0.3384448289871216,,
0,2919,0.43987542390823364,0.3754223585128784,,
0,2929,0.6405783295631409,0.5560061931610107,,
0,2939,0.4332272410392761,0.28057533502578735,,
0,2949,0.44272398948669434,0.4392488896846771,,
0,2959,0.3220863938331604,0.19386161863803864,,
0,2969,0.3326053321361542,0.2023066133260727,,
0,2979,0.6035865545272827,0.5868420600891113,,
0,2989,0.4557972550392151,0.4151492118835449,,
0,2999,0.40874436497688293,0.24330423772335052,,
0,3009,0.4238060712814331,0.31924670934677124,,
0,3019,0.41090700030326843,0.22924166917800903,,
0,3029,0.39427170157432556,0.2893364429473877,,
0,3039,0.5473909378051758,0.39128655195236206,,
0,3049,0.43656909465789795,0.28041523694992065,,
0,3059,0.356978178024292,0.2053665667772293,,
0,3069,0.444740891456604,0.34308069944381714,,
0,3079,0.2828670144081116,0.12393911182880402,,
0,3089,0.48967117071151733,0.5934544801712036,,
0,3099,0.3863293528556824,0.2174580991268158,,
0,3109,0.33122164011001587,0.1812635064125061,,
0,3119,0.36046063899993896,0.21452933549880981,,
0,3129,0.44490715861320496,0.3092617988586426,,
0,3139,0.4105916917324066,0.30705106258392334,,
0,3149,0.40043047070503235,0.22678756713867188,,
0,3159,0.36162227392196655,0.20069476962089539,,
0,3169,0.3447211980819702,0.19705241918563843,,
0,3179,0.4027903378009796,0.3052636981010437,,
0,3189,0.4443816542625427,0.3257791996002197,,
0,3199,0.5243691802024841,0.4804713726043701,,
0,3209,0.4024231731891632,0.2446065992116928,,
0,3219,0.4968113601207733,0.49826568365097046,,
0,3229,0.4586317837238312,0.32106655836105347,,
0,3239,0.3573188781738281,0.21308419108390808,,
0,3249,0.5110049247741699,0.43154242634773254,,
0,3259,0.38971811532974243,0.3001024127006531,,
0,3269,0.4703998267650604,0.35866597294807434,,
0,3279,0.4879295229911804,0.3464065194129944,,
0,3289,0.4361463189125061,0.29316386580467224,,
0,3299,0.44379645586013794,0.3134540021419525,,
0,3309,0.3041437864303589,0.162634015083313,,
0,3319,0.29693856835365295,0.12267422676086426,,
0,3329,0.31320738792419434,0.14068475365638733,,
0,3339,0.39565926790237427,0.23199480772018433,,
0,3349,0.5926471948623657,0.6248128414154053,,
0,3359,0.30998939275741577,0.19740357995033264,,
0,3369,0.44776058197021484,0.34041541814804077,,
0,3379,0.5063332915306091,0.37466317415237427,,
0,3389,0.4827529788017273,0.3305583596229553,,
0,3399,0.4573523998260498,0.36802706122398376,,
0,3409,0.4070354104042053,0.23145978152751923,,
0,3419,0.5705996751785278,0.5511494278907776,,
0,3429,0.5374462008476257,0.7614748477935791,,
0,3437,,,0.44721391797065735,0.33400991559028625
1,3439,0.3843079209327698,0.2679283618927002,,
1,3449,0.3711082339286804,0.2910703718662262,,
1,3459,0.49500295519828796,0.4166080951690674,,
1,3469,0.5921010971069336,0.5861146450042725,,
1,3479,0.36949068307876587,0.20956042408943176,,
1,3489,0.4064076840877533,0.2428371161222458,,
1,3499,0.3078211843967438,0.1494731605052948,,
1,3509,0.3960200846195221,0.2570911645889282,,
1,3519,0.3971065878868103,0.27642977237701416,,
1,3529,0.3871210217475891,0.26842308044433594,,
1,3539,0.4545586109161377,0.2953174114227295,,
1,3549,0.5675442218780518,0.4326879382133484,,
1,3559,0.3838699460029602,0.21674169600009918,,
1,3569,0.42577654123306274,0.3025120794773102,,
1,3579,0.35974615812301636,0.19343361258506775,,
1,3589,0.3546978533267975,0.19582170248031616,,
1,3599,0.35901668667793274,0.21663697063922882,,
1,3609,0.2993907332420349,0.12651818990707397,,
1,3619,0.297896146774292,0.1547902524471283,,
1,3629,0.423575222492218,0.3027237057685852,,
1,3639,0.3072913885116577,0.1382027268409729,,
1,3649,0.5554459095001221,0.7022722959518433,,
1,3659,0.4693359136581421,0.36568334698677063,,
1,3669,0.5517116785049438,0.5985150337219238,,
1,3679,0.4670669436454773,0.3152743875980377,,
1,3689,0.3735074996948242,0.24377891421318054,,
1,3699,0.3176034390926361,0.1602112054824829,,
1,3709,0.3854700028896332,0.22412122786045074,,
1,3719,0.37316033244132996,0.22791334986686707,,
1,3729,0.34296858310699463,0.1847400963306427,,
1,3739,0.330419659614563,0.1902266889810562,,
1,3749,0.36397475004196167,0.18687191605567932,,
1,3759,0.3223958909511566,0.19453343749046326,,
1,3769,0.29301708936691284,0.13679952919483185,,
1,3779,0.3586594760417938,0.18690602481365204,,
1,3789,0.4058683514595032,0.24338161945343018,,
1,3799,0.43502646684646606,0.33031588792800903,,
1,3809,0.4308784306049347,0.2686999440193176,,
1,3819,0.3651231527328491,0.20687523484230042,,
1,3829,0.596886396408081,0.46894747018814087,,
1,3839,0.5546116828918457,0.8700726628303528,,
1,3849,0.4361645579338074,0.299995094537735,,
1,3859,0.3271539509296417,0.20159165561199188,,
1,3869,0.36112093925476074,0.20063358545303345,,
1,3879,0.43126624822616577,0.31654471158981323,,
1,3889,0.3474993109703064,0.21111217141151428,,
1,3899,0.35821929574012756,0.21670794486999512,,
1,3909,0.5416702628135681,0.46963566541671753,,
1,3919,0.3937731683254242,0.2236032485961914,,
1,3929,0.3730074167251587,0.20075780153274536,,
1,3939,0.43693655729293823,0.3200910687446594,,
1,3949,0.42782890796661377,0.35011565685272217,,
1,3959,0.31936946511268616,0.18876326084136963,,
1,3969,0.350498765707016,0.1658250242471695,,
1,3979,0.303896963596344,0.16830246150493622,,
1,3989,0.4087631106376648,0.2412436306476593,,
1,3999,0.43518656492233276,0.2692916691303253,,
1,4009,0.5266435146331787,0.41810107231140137,,
1,4019,0.33221539855003357,0.16492268443107605,,
1,4029,0.3039553463459015,0.15813441574573517,,
1,4039,0.36357223987579346,0.20939360558986664,,
1,4049,0.3174183964729309,0.14987215399742126,,
1,4059,0.3847500681877136,0.27481094002723694,,
1,4069,0.35434606671333313,0.20361395180225372,,
1,4079,0.41259557008743286,0.25512048602104187,,
1,4089,0.38471150398254395,0.2430969625711441,,
1,4099,0.40851157903671265,0.2818275988101959,,
1,4109,0.2994542717933655,0.1375293731689453,,
1,4119,0.32294797897338867,0.19421011209487915,,
1,4129,0.4454129934310913,0.29274260997772217,,
1,4139,0.310721218585968,0.15733566880226135,,
1,4149,0.37236931920051575,0.22081539034843445,,
1,4159,0.3734440505504608,0.20841655135154724,,
1,4169,0.3426777422428131,0.21976444125175476,,
1,4179,0.5618197321891785,0.4386345148086548,,
1,4189,0.36822444200515747,0.2067016363143921,,
1,4199,0.3289375901222229,0.1783638745546341,,
1,4209,0.4003990888595581,0.3025619685649872,,
1,4219,0.32416731119155884,0.21184927225112915,,
1,4229,0.40650224685668945,0.23451927304267883,,
1,4239,0.4973701238632202,0.3492526113986969,,
1,4249,0.38712459802627563,0.23384398221969604,,
1,4259,0.386478066444397,0.2572930157184601,,
1,4269,0.3322829604148865,0.16040489077568054,,
1,4279,0.4553186893463135,0.39520859718322754,,
1,4289,0.3191480338573456,0.16528797149658203,,
1,4299,0.32662177085876465,0.15802942216396332,,
1,4309,0.338329553604126,0.2086002379655838,,
1,4319,0.3716859221458435,0.23386844992637634,,
1,4329,0.45491087436676025,0.2813158631324768,,
1,4339,0.36424654722213745,0.214971661567688,,
1,4349,0.3659122586250305,0.2507782578468323,,
1,4359,0.3296639919281006,0.1760890781879425,,
1,4369,0.38215309381484985,0.2355445772409439,,
1,4379,0.2815130054950714,0.13070544600486755,,
1,4389,0.3633425235748291,0.1995096504688263,,
1,4399,0.3501451909542084,0.20217087864875793,,
1,4409,0.37533295154571533,0.2107270359992981,,
1,4419,0.4851084351539612,0.33340558409690857,,
1,4429,0.3890889883041382,0.22467616200447083,,
1,4439,0.3033125400543213,0.1913229078054428,,
1,4449,0.3441615104675293,0.17757359147071838,,
1,4459,0.3719528317451477,0.21389304101467133,,
1,4469,0.28711703419685364,0.11720634996891022,,
1,4479,0.3969918489456177,0.2652067542076111,,
1,4489,0.46677324175834656,0.39240530133247375,,
1,4499,0.4481488764286041,0.3108113706111908,,
1,4509,0.49653202295303345,0.5085047483444214,,
1,4519,0.27337247133255005,0.09994807839393616,,
1,4529,0.5352551937103271,0.5376837253570557,,
1,4539,0.3334217071533203,0.17486359179019928,,
1,4549,0.3765239119529724,0.2175607681274414,,
1,4559,0.3409237861633301,0.17912405729293823,,
1,4569,0.35562533140182495,0.1793222427368164,,
1,4579,0.3807521462440491,0.2374550700187683,,
1,4589,0.4162333607673645,0.24925929307937622,,
1,4599,0.3851833939552307,0.23722946643829346,,
1,4609,0.25798672437667847,0.1122056245803833,,
1,4619,0.3778148293495178,0.21697811782360077,,
1,4629,0.31527167558670044,0.1534397453069687,,
1,4639,0.5826186537742615,0.48906680941581726,,
1,4649,0.5063570141792297,0.3972935974597931,,
1,4659,0.34689968824386597,0.18673034012317657,,
1,4669,0.6052935719490051,0.9354954957962036,,
1,4679,0.508179783821106,0.40798142552375793,,
1,4689,0.36804741621017456,0.2256469428539276,,
1,4699,0.4408619999885559,0.292574405670166,,
1,4709,0.2693275809288025,0.10064231604337692,,
1,4719,0.3522987365722656,0.1986967921257019,,
1,4729,0.3423805832862854,0.1951013058423996,,
1,4739,0.40309253334999084,0.25078290700912476,,
1,4749,0.33439549803733826,0.23071739077568054,,
1,4759,0.4001399874687195,0.22707714140415192,,
1,4769,0.3530294895172119,0.19215714931488037,,
1,4779,0.3448076844215393,0.17858392000198364,,
1,4789,0.6354602575302124,0.495296835899353,,
1,4799,0.6139353513717651,0.5775389671325684,,
1,4809,0.4676660895347595,0.32192420959472656,,
1,4819,0.32309162616729736,0.16439522802829742,,
1,4829,0.3410009741783142,0.17201942205429077,,
1,4839,0.3504934310913086,0.19582681357860565,,
1,4849,0.4249644875526428,0.30714890360832214,,
1,4859,0.47010689973831177,0.4129880368709564,,
1,4869,0.38727104663848877,0.22277629375457764,,
1,4879,0.24599841237068176,0.0928986445069313,,
1,4889,0.37478920817375183,0.20956414937973022,,
1,4899,0.2760644853115082,0.12923406064510345,,
1,4909,0.3080943822860718,0.1460355967283249,,
1,4919,0.26806342601776123,0.1242099478840828,,
1,4929,0.2379462867975235,0.08510155975818634,,
1,4939,0.4061313271522522,0.2546112537384033,,
1,4949,0.3140527009963989,0.13912056386470795,,
1,4959,0.5036056041717529,0.3830501139163971,,
1,4969,0.4916577935218811,0.39658546447753906,,
1,4979,0.5766210556030273,0.47063207626342773,,
1,4989,0.3990042209625244,0.26311710476875305,,
1,4999,0.288108766078949,0.13875171542167664,,
1,5009,0.3234303593635559,0.1779954433441162,,
1,5019,0.5348548889160156,0.46379587054252625,,
1,5029,0.3730658292770386,0.27807486057281494,,
1,5039,0.37236714363098145,0.20174455642700195,,
1,5049,0.3894040584564209,0.2239672988653183,,
1,5059,0.259635865688324,0.11630165576934814,,
1,5069,0.6007539629936218,0.486956387758255,,
1,5079,0.3338571786880493,0.17118006944656372,,
1,5089,0.3773958086967468,0.21552707254886627,,
1,5099,0.32433372735977173,0.16896161437034607,,
1,5109,0.5110336542129517,0.3968389630317688,,
1,5119,0.36332640051841736,0.23020893335342407,,
1,5129,0.37804752588272095,0.27468132972717285,,
1,5139,0.28618428111076355,0.12304570525884628,,
1,5149,0.3027525544166565,0.15129229426383972,,
1,5159,0.31253743171691895,0.15649956464767456,,
1,5169,0.3572933077812195,0.1791340857744217,,
1,5179,0.40270981192588806,0.24627213180065155,,
1,5189,0.2658374607563019,0.10993610322475433,,
1,5199,0.2953476309776306,0.1340668499469757,,
1,5209,0.338408499956131,0.2018425166606903,,
1,5219,0.3671790659427643,0.19093254208564758,,
1,5229,0.2984692454338074,0.1557798981666565,,
1,5239,0.47565001249313354,0.34408143162727356,,
1,5249,0.47367820143699646,0.34181758761405945,,
1,5259,0.43834763765335083,0.38375818729400635,,
1,5269,0.35297122597694397,0.19971585273742676,,
1,5279,0.316167414188385,0.178944930434227,,
1,5289,0.29350051283836365,0.13767002522945404,,
1,5299,0.3847768008708954,0.2511079013347626,,
1,5309,0.32367879152297974,0.17276020348072052,,
1,5319,0.38017159700393677,0.2328847050666809,,
1,5329,0.33051586151123047,0.16666176915168762,,
1,5339,0.30519285798072815,0.17789369821548462,,
1,5349,0.28761905431747437,0.13662852346897125,,
1,5359,0.42132318019866943,0.2428015023469925,,
1,5369,0.29105597734451294,0.1264406144618988,,
1,5379,0.3838350772857666,0.23889440298080444,,
1,5389,0.35961446166038513,0.248478963971138,,
1,5399,0.3966794013977051,0.26583534479141235,,
1,5409,0.517511248588562,0.4051284193992615,,
1,5419,0.36215925216674805,0.1717330813407898,,
1,5429,0.3302183747291565,0.16848956048488617,,
1,5439,0.2863888740539551,0.12074419111013412,,
1,5449,0.39360809326171875,0.19434086978435516,,
1,5459,0.28478413820266724,0.1003655418753624,,
1,5469,0.32659441232681274,0.16541044414043427,,
1,5479,0.32053035497665405,0.17188605666160583,,
1,5489,0.2606772184371948,0.11559329926967621,,
1,5499,0.36833080649375916,0.2320277988910675,,
1,5509,0.39165765047073364,0.2381034642457962,,
1,5519,0.35232919454574585,0.2255236804485321,,
1,5529,0.35637417435646057,0.17943105101585388,,
1,5539,0.2771979570388794,0.11473395675420761,,
1,5549,0.29851481318473816,0.12585055828094482,,
1,5559,0.39086055755615234,0.2433415949344635,,
1,5569,0.3720666766166687,0.1933363974094391,,
1,5579,0.3735494017601013,0.21033447980880737,,
1,5589,0.34789329767227173,0.19428105652332306,,
1,5599,0.3012676239013672,0.1550607979297638,,
1,5609,0.32234498858451843,0.18140214681625366,,
1,5619,0.2640568017959595,0.11233149468898773,,
1,5629,0.25739431381225586,0.11773204058408737,,
1,5639,0.3143705129623413,0.17092730104923248,,
1,5649,0.3461722135543823,0.18741783499717712,,
1,5659,0.323153018951416,0.17826884984970093,,
1,5669,0.3842548727989197,0.2596193253993988,,
1,5679,0.3817085027694702,0.2478340119123459,,
1,5689,0.43812865018844604,0.32349056005477905,,
1,5699,0.3890042006969452,0.2279694527387619,,
1,5709,0.3236190974712372,0.17975977063179016,,
1,5719,0.2771803140640259,0.09704623371362686,,
1,5729,0.35709887742996216,0.2138257473707199,,
1,5739,0.3239471912384033,0.16190317273139954,,
1,5749,0.20321141183376312,0.07258176803588867,,
1,5759,0.3937265872955322,0.234244704246521,,
1,5769,0.35668110847473145,0.2029515504837036,,
1,5779,0.362031489610672,0.17762447893619537,,
1,5789,0.4293827414512634,0.25911033153533936,,
1,5799,0.38952529430389404,0.2279755175113678,,
1,5809,0.3064662516117096,0.14429286122322083,,
1,5819,0.3059200048446655,0.14320731163024902,,
1,5829,0.3939279317855835,0.23854920268058777,,
1,5839,0.3840554654598236,0.23538948595523834,,
1,5849,0.3618009686470032,0.20702192187309265,,
1,5859,0.35565388202667236,0.2100932002067566,,
1,5869,0.32900470495224,0.1594642996788025,,
1,5879,0.33865177631378174,0.18080732226371765,,
1,5889,0.2775036692619324,0.11915099620819092,,
1,5899,0.28580400347709656,0.16319796442985535,,
1,5909,0.4032447934150696,0.26902490854263306,,
1,5919,0.27315494418144226,0.1192847266793251,,
1,5929,0.8269810080528259,4.137262344360352,,
1,5939,0.3491463363170624,0.19649837911128998,,
1,5949,0.37894710898399353,0.1944609433412552,,
1,5959,0.3720436692237854,0.223220095038414,,
1,5969,0.4804161787033081,0.3242039084434509,,
1,5979,0.44106394052505493,0.29035210609436035,,
1,5989,0.35523349046707153,0.18312481045722961,,
1,5999,0.3298531770706177,0.18408888578414917,,
1,6009,0.5453702211380005,0.3818678557872772,,
1,6019,0.45081380009651184,0.25113528966903687,,
1,6029,0.24475860595703125,0.09138242900371552,,
1,6039,0.35235899686813354,0.21825410425662994,,
1,6049,0.27430853247642517,0.11362062394618988,,
1,6059,0.29953891038894653,0.1326296031475067,,
1,6069,0.32319003343582153,0.22338274121284485,,
1,6079,0.34454452991485596,0.2066902071237564,,
1,6089,0.31041979789733887,0.1358080506324768,,
1,6099,0.3572978377342224,0.19539275765419006,,
1,6109,0.30676645040512085,0.1332683563232422,,
1,6119,0.33465707302093506,0.1704171597957611,,
1,6129,0.2764567732810974,0.15788622200489044,,
1,6139,0.3475742042064667,0.16467000544071198,,
1,6149,0.2773861587047577,0.12895497679710388,,
1,6159,0.3172971308231354,0.14582383632659912,,
1,6169,0.24999134242534637,0.1111728772521019,,
1,6179,0.207177996635437,0.08669435232877731,,
1,6189,0.4067207872867584,0.26698362827301025,,
1,6199,0.3801132142543793,0.18655401468276978,,
1,6209,0.47899651527404785,0.3384767770767212,,
1,6219,0.23036028444766998,0.09048199653625488,,
1,6229,0.3503584563732147,0.18298374116420746,,
1,6239,0.38843777775764465,0.2503732144832611,,
1,6249,0.3198205828666687,0.18797507882118225,,
1,6259,0.48891639709472656,0.4411471486091614,,
1,6269,0.34130752086639404,0.2584801912307739,,
1,6279,0.2644916772842407,0.10976071655750275,,
1,6289,0.36174696683883667,0.19059500098228455,,
1,6299,0.5215938687324524,0.3714372515678406,,
1,6309,0.3659929037094116,0.20206791162490845,,
1,6319,0.4026435911655426,0.2362987995147705,,
1,6329,0.375494122505188,0.2695671319961548,,
1,6339,0.2657003700733185,0.11016852408647537,,
1,6349,0.2889988422393799,0.1298513263463974,,
1,6359,0.23729266226291656,0.10417475551366806,,
1,6369,0.2963888645172119,0.13571608066558838,,
1,6379,0.3322564959526062,0.17124269902706146,,
1,6389,0.44685739278793335,0.3419051766395569,,
1,6399,0.2808728516101837,0.11881694197654724,,
1,6409,0.3300434947013855,0.15012972056865692,,
1,6419,0.36836594343185425,0.21368801593780518,,
1,6429,0.4584987759590149,0.3124505877494812,,
1,6439,0.22747614979743958,0.07907481491565704,,
1,6449,0.2876780033111572,0.11622487753629684,,
1,6459,0.3213655352592468,0.15579497814178467,,
1,6469,0.2721404433250427,0.12932828068733215,,
1,6479,0.30736416578292847,0.16303154826164246,,
1,6489,0.3721478283405304,0.2354106903076172,,
1,6499,0.35413241386413574,0.19616831839084625,,
1,6509,0.3088836669921875,0.14683398604393005,,
1,6519,0.2721633315086365,0.11937274038791656,,
1,6529,0.23542292416095734,0.09787619113922119,,
1,6539,0.477397084236145,0.5103480815887451,,
1,6549,0.2925131320953369,0.1194777712225914,,
1,6559,0.39389872550964355,0.25116103887557983,,
1,6569,0.3047495186328888,0.12336435914039612,,
1,6579,0.35949525237083435,0.22142304480075836,,
1,6589,0.3245135545730591,0.17690899968147278,,
1,6599,0.264537513256073,0.13807862997055054,,
1,6609,0.27867189049720764,0.12557744979858398,,
1,6619,0.32876724004745483,0.17872254550457,,
1,6629,0.39333146810531616,0.20152647793293,,
1,6639,0.2608053386211395,0.11797820031642914,,
1,6649,0.4031001329421997,0.2979815602302551,,
1,6659,0.5008664131164551,0.3987351059913635,,
1,6669,0.3900824189186096,0.21853384375572205,,
1,6679,0.38189685344696045,0.2399536371231079,,
1,6689,0.3103404641151428,0.1488778442144394,,
1,6699,0.30733320116996765,0.17121684551239014,,
1,6709,0.3144998848438263,0.15779583156108856,,
1,6719,0.3126922845840454,0.16400161385536194,,
1,6729,0.39532363414764404,0.2260597199201584,,
1,6739,0.3618772029876709,0.22745807468891144,,
1,6749,0.36322343349456787,0.21259446442127228,,
1,6759,0.3871820569038391,0.23043173551559448,,
1,6769,0.31435298919677734,0.14203067123889923,,
1,6779,0.38139820098876953,0.2066844403743744,,
1,6789,0.2650090456008911,0.10025914758443832,,
1,6799,0.38702449202537537,0.2256799042224884,,
1,6809,0.3589511513710022,0.1914815604686737,,
1,6819,0.29413551092147827,0.11524555087089539,,
1,6829,0.35067301988601685,0.21807458996772766,,
1,6839,0.3303852081298828,0.18432492017745972,,
1,6849,0.38780057430267334,0.26237374544143677,,
1,6859,0.3197461664676666,0.1497480273246765,,
1,6869,0.27266234159469604,0.13923071324825287,,
1,6875,,,0.2959679663181305,0.16511012613773346
2,6879,0.29173436760902405,0.11063356697559357,,
2,6889,0.30499494075775146,0.13305743038654327,,
2,6899,0.37542080879211426,0.2077540159225464,,
2,6909,0.3469927906990051,0.1964019238948822,,
2,6919,0.38211512565612793,0.22463975846767426,,
2,6929,0.3533586859703064,0.2025955617427826,,
2,6939,0.33636489510536194,0.16674524545669556,,
2,6949,0.4634217619895935,0.40724048018455505,,
2,6959,0.37007397413253784,0.19922488927841187,,
2,6969,0.3617907166481018,0.2021799087524414,,
2,6979,0.4106757640838623,0.2315920889377594,,
2,6989,0.28630727529525757,0.12162984162569046,,
2,6999,0.2520960569381714,0.12244372069835663,,
2,7009,0.30131837725639343,0.14841124415397644,,
2,7019,0.2200467586517334,0.07885666936635971,,
2,7029,0.2643154263496399,0.11714013665914536,,
2,7039,0.29392024874687195,0.12568923830986023,,
2,7049,0.24147266149520874,0.08786609768867493,,
2,7059,0.22225844860076904,0.08349259197711945,,
2,7069,0.3412861227989197,0.1628146767616272,,
2,7079,0.43786555528640747,0.30792689323425293,,
2,7089,0.39890697598457336,0.29648470878601074,,
2,7099,0.47189226746559143,0.3130985200405121,,
2,7109,0.2726331949234009,0.1351303607225418,,
2,7119,0.3982126712799072,0.24221055209636688,,
2,7129,0.29393041133880615,0.14620089530944824,,
2,7139,0.29011070728302,0.12083648890256882,,
2,7149,0.27228251099586487,0.13189741969108582,,
2,7159,0.2395201027393341,0.1263074278831482,,
2,7169,0.29134243726730347,0.1407310962677002,,
2,7179,0.38574233651161194,0.20679104328155518,,
2,7189,0.4023522734642029,0.6731069087982178,,
2,7199,0.37256377935409546,0.22084537148475647,,
2,7209,0.29742544889450073,0.142013818025589,,
2,7219,0.2703373432159424,0.15123289823532104,,
2,7229,0.3107509911060333,0.14856848120689392,,
2,7239,0.26562753319740295,0.12044277787208557,,
2,7249,0.26625311374664307,0.10666131973266602,,
2,7259,0.4030032157897949,0.26725631952285767,,
2,7269,0.3098587691783905,0.13157156109809875,,
2,7279,0.26695749163627625,0.11201570928096771,,
2,7289,0.26171228289604187,0.12851041555404663,,
2,7299,0.23536981642246246,0.08553783595561981,,
2,7309,0.25170695781707764,0.12528789043426514,,
2,7319,0.2760176956653595,0.12018407881259918,,
2,7329,0.2581123113632202,0.12113859504461288,,
2,7339,0.36378756165504456,0.19594566524028778,,
2,7349,0.34689751267433167,0.16758958995342255,,
2,7359,0.22825562953948975,0.09625641256570816,,
2,7369,0.27565956115722656,0.11624276638031006,,
2,7379,0.3412615656852722,0.15545371174812317,,
2,7389,0.3704579472541809,0.23967862129211426,,
2,7399,0.23266594111919403,0.08857642859220505,,
2,7409,0.2821034789085388,0.13269096612930298,,
2,7419,0.28228673338890076,0.1349145770072937,,
2,7429,0.3888240456581116,0.2428189516067505,,
2,7439,0.534534752368927,0.35816437005996704,,
2,7449,0.27695363759994507,0.12926892936229706,,
2,7459,0.37765252590179443,0.2329709529876709,,
2,7469,0.31176143884658813,0.13877129554748535,,
2,7479,0.3313139081001282,0.18137192726135254,,
2,7489,0.28672081232070923,0.12915655970573425,,
2,7499,0.33616191148757935,0.21143479645252228,,
2,7509,0.2710750102996826,0.09026330709457397,,
2,7519,0.3036912679672241,0.15376758575439453,,
2,7529,0.3500468134880066,0.18806812167167664,,
2,7539,0.3323197066783905,0.16334979236125946,,
2,7549,0.29060694575309753,0.15590941905975342,,
2,7559,0.2314365804195404,0.08298057317733765,,
2,7569,0.24956031143665314,0.10112982243299484,,
2,7579,0.2162611037492752,0.0756431296467781,,
2,7589,0.251303106546402,0.08974424004554749,,
2,7599,0.2379099279642105,0.09522635489702225,,
2,7609,0.2507874369621277,0.09695103019475937,,
2,7619,0.21262431144714355,0.057391561567783356,,
2,7629,0.3059247136116028,0.1527644246816635,,
2,7639,0.26596441864967346,0.11721259355545044,,
2,7649,0.2715514302253723,0.09980922937393188,,
2,7659,0.23333939909934998,0.0824802964925766,,
2,7669,0.34830987453460693,0.1706225872039795,,
2,7679,0.23769542574882507,0.09879060089588165,,
2,7689,0.2847583293914795,0.11869683861732483,,
2,7699,0.2670753598213196,0.15178881585597992,,
2,7709,0.38344037532806396,0.3864908218383789,,
2,7719,0.27766886353492737,0.1231352835893631,,
2,7729,0.26439112424850464,0.12371751666069031,,
2,7739,0.2938080430030823,0.12354965507984161,,
2,7749,0.2887444794178009,0.13208791613578796,,
2,7759,0.24144253134727478,0.10089537501335144,,
2,7769,0.3756469488143921,0.19926606118679047,,
2,7779,0.2686734199523926,0.11303645372390747,,
2,7789,0.29683738946914673,0.12905699014663696,,
2,7799,0.33344173431396484,0.15011665225028992,,
2,7809,0.420339971780777,0.3172282576560974,,
2,7819,0.2661800682544708,0.11140748858451843,,
2,7829,0.27251648902893066,0.11961252987384796,,
2,7839,0.36428242921829224,0.19604595005512238,,
2,7849,0.44527310132980347,0.2770487666130066,,
2,7859,0.2318471372127533,0.10240037739276886,,
2,7869,0.4412386417388916,0.33923178911209106,,
2,7879,0.5253912210464478,0.37848860025405884,,
2,7889,0.29597240686416626,0.1463133543729782,,
2,7899,0.33708253502845764,0.15297019481658936,,
2,7909,0.27893513441085815,0.14473670721054077,,
2,7919,0.37397080659866333,0.1937282681465149,,
2,7929,0.2928731441497803,0.1262926459312439,,
2,7939,0.3225708603858948,0.16662314534187317,,
2,7949,0.3519669771194458,0.19746989011764526,,
2,7959,0.38140079379081726,0.23090222477912903,,
2,7969,0.31799617409706116,0.16607722640037537,,
2,7979,0.2923851013183594,0.13770446181297302,,
2,7989,0.22013011574745178,0.0757155492901802,,
2,7999,0.31494081020355225,0.1444295346736908,,
2,8009,0.26051485538482666,0.111968033015728,,
2,8019,0.28583982586860657,0.12031495571136475,,
2,8029,0.2979189157485962,0.12723848223686218,,
2,8039,0.3263089060783386,0.15607604384422302,,
2,8049,0.2898229956626892,0.1742912232875824,,
2,8059,0.45572420954704285,0.7303463220596313,,
2,8069,0.2892099618911743,0.11779697984457016,,
2,8079,0.2702105641365051,0.11583200097084045,,
2,8089,0.3104690909385681,0.15114447474479675,,
2,8099,0.35107266902923584,0.1717248558998108,,
2,8109,0.44039762020111084,0.3715295195579529,,
2,8119,0.4082186818122864,0.21860632300376892,,
2,8129,0.35160860419273376,0.17247000336647034,,
2,8139,0.2414330244064331,0.1026887446641922,,
2,8149,0.29083728790283203,0.11642494797706604,,
2,8159,0.29725974798202515,0.14630888402462006,,
2,8169,0.44290101528167725,0.2885131239891052,,
2,8179,0.25555992126464844,0.09328106045722961,,
2,8189,0.3701726198196411,0.19716361165046692,,
2,8199,0.37808525562286377,0.2260996401309967,,
2,8209,0.2923581302165985,0.12209626287221909,,
2,8219,0.3502512574195862,0.18928685784339905,,
2,8229,0.36423230171203613,0.20356234908103943,,
2,8239,0.27591270208358765,0.10933753848075867,,
2,8249,0.22187119722366333,0.06708446145057678,,
2,8259,0.24279829859733582,0.12902767956256866,,
2,8269,0.2450992316007614,0.11475229263305664,,
2,8279,0.2714724540710449,0.12189982831478119,,
2,8289,0.5019823312759399,0.4175747036933899,,
2,8299,0.2691231369972229,0.11694177985191345,,
2,8309,0.2802044153213501,0.11159379035234451,,
2,8319,0.20807915925979614,0.06429433822631836,,
2,8329,0.36899837851524353,0.2222307324409485,,
2,8339,0.29722481966018677,0.12384346127510071,,
2,8349,0.31160998344421387,0.14588381350040436,,
2,8359,0.3213009834289551,0.1626589000225067,,
2,8369,0.2614057660102844,0.11258269846439362,,
2,8379,0.24509285390377045,0.10726673156023026,,
2,8389,0.37971606850624084,0.21411950886249542,,
2,8399,0.3113263249397278,0.13445116579532623,,
2,8409,0.21781595051288605,0.07108195126056671,,
2,8419,0.2704680562019348,0.11477108299732208,,
2,8429,0.34091514348983765,0.18060895800590515,,
2,8439,0.2521654963493347,0.09740908443927765,,
2,8449,0.28826794028282166,0.13117876648902893,,
2,8459,0.4481394290924072,0.2887808680534363,,
2,8469,0.27604246139526367,0.10465926676988602,,
2,8479,0.2518848776817322,0.11111930012702942,,
2,8489,0.2672469913959503,0.10804283618927002,,
2,8499,0.3003841042518616,0.13158810138702393,,
2,8509,0.289329469203949,0.12948960065841675,,
2,8519,0.23872783780097961,0.07829775661230087,,
2,8529,0.2813219428062439,0.1416320651769638,,
2,8539,0.4258992671966553,0.257601797580719,,
2,8549,0.2340906858444214,0.07967785000801086,,
2,8559,0.2879604399204254,0.12360595166683197,,
2,8569,0.23138779401779175,0.10690081119537354,,
2,8579,0.35085374116897583,0.1743336021900177,,
2,8589,0.26253145933151245,0.09879963099956512,,
2,8599,0.31719735264778137,0.15690204501152039,,
2,8609,0.25416797399520874,0.09662450104951859,,
2,8619,0.2757411003112793,0.13523709774017334,,
2,8629,0.28724876046180725,0.12346352636814117,,
2,8639,0.2896999418735504,0.12371121346950531,,
2,8649,0.4221045970916748,0.25645872950553894,,
2,8659,0.46169835329055786,0.4031558632850647,,
2,8669,0.26235467195510864,0.14378783106803894,,
2,8679,0.38525712490081787,0.23504793643951416,,
2,8689,0.3056599497795105,0.15556466579437256,,
2,8699,0.22039711475372314,0.08597119152545929,,
2,8709,0.35391557216644287,0.2053292989730835,,
2,8719,0.3020293116569519,0.14680856466293335,,
2,8729,0.27360907196998596,0.1136627048254013,,
2,8739,0.2765647768974304,0.12500256299972534,,
2,8749,0.33053433895111084,0.16133321821689606,,
2,8759,0.20577862858772278,0.069472536444664,,
2,8769,0.33973151445388794,0.21344627439975739,,
2,8779,0.28924238681793213,0.12111765146255493,,
2,8789,0.3621229827404022,0.18230748176574707,,
2,8799,0.2708001136779785,0.11889231950044632,,
2,8809,0.3056138753890991,0.14441868662834167,,
2,8819,0.32398781180381775,0.28874844312667847,,
2,8829,0.272752046585083,0.13822194933891296,,
2,8839,0.22102384269237518,0.0901954248547554,,
2,8849,0.26050230860710144,0.09890533238649368,,
2,8859,0.23590096831321716,0.08297023177146912,,
2,8869,0.3954826295375824,0.22961075603961945,,
2,8879,0.33143842220306396,0.1792420744895935,,
2,8889,0.325998455286026,0.20206952095031738,,
2,8899,0.3419536352157593,0.19555902481079102,,
2,8909,0.38495588302612305,0.19639506936073303,,
2,8919,0.3031718134880066,0.17998939752578735,,
2,8929,0.37116995453834534,0.2231546938419342,,
2,8939,0.2191929668188095,0.08373215794563293,,
2,8949,0.3275953531265259,0.1663682907819748,,
2,8959,0.26464253664016724,0.12144337594509125,,
2,8969,0.29988929629325867,0.15492591261863708,,
2,8979,0.2675160765647888,0.10486415773630142,,
2,8989,0.3651149868965149,0.19451692700386047,,
2,8999,0.23718127608299255,0.10557620227336884,,
2,9009,0.4941743016242981,0.3280685544013977,,
2,9019,0.34850871562957764,0.16556322574615479,,
2,9029,0.23293279111385345,0.08407515287399292,,
2,9039,0.2802550196647644,0.16718170046806335,,
2,9049,0.28221964836120605,0.12540549039840698,,
2,9059,0.22942157089710236,0.09516957402229309,,
2,9069,0.35263335704803467,0.18050426244735718,,
2,9079,0.2742297649383545,0.11814068257808685,,
2,9089,0.2673547863960266,0.10908516496419907,,
2,9099,0.2709439992904663,0.1201888918876648,,
2,9109,0.29718470573425293,0.14010955393314362,,
2,9119,0.2906118333339691,0.1337694227695465,,
2,9129,0.35763585567474365,0.1551016867160797,,
2,9139,0.214124396443367,0.07285083830356598,,
2,9149,0.3570054769515991,0.19374853372573853,,
2,9159,0.2992054522037506,0.18849632143974304,,
2,9169,0.3046537935733795,0.15481942892074585,,
2,9179,0.31794172525405884,0.16961288452148438,,
2,9189,0.2161720097064972,0.06885596364736557,,
2,9199,0.30074143409729004,0.14064611494541168,,
2,9209,0.2575156092643738,0.11457021534442902,,
2,9219,0.26127398014068604,0.1146966814994812,,
2,9229,0.2768874764442444,0.12119004130363464,,
2,9239,0.2098461538553238,0.0755477324128151,,
2,9249,0.30201414227485657,0.17412112653255463,,
2,9259,0.3371042013168335,0.34605568647384644,,
2,9269,0.294135183095932,0.1447542905807495,,
2,9279,0.3504105806350708,0.20566752552986145,,
2,9289,0.2957627773284912,0.1565597653388977,,
2,9299,0.41864609718322754,0.26996949315071106,,
2,9309,0.3171411454677582,0.19865088164806366,,
2,9319,0.2907637059688568,0.15560340881347656,,
2,9329,0.3754335045814514,0.19852256774902344,,
2,9339,0.25741738080978394,0.11536603420972824,,
2,9349,0.37258467078208923,0.18562664091587067,,
2,9359,0.3247221112251282,0.20275089144706726,,
2,9369,0.28333187103271484,0.14969459176063538,,
2,9379,0.2355835735797882,0.08745694160461426,,
2,9389,0.23844090104103088,0.1127394288778305,,
2,9399,0.2713136672973633,0.1146392747759819,,
2,9409,0.6188507080078125,0.6687896251678467,,
2,9419,0.4825499653816223,1.4123972654342651,,
2,9429,0.3622828722000122,0.2157115936279297,,
2,9439,0.29781946539878845,0.13607685267925262,,
2,9449,0.2627645432949066,0.11306695640087128,,
2,9459,0.27314627170562744,0.13401159644126892,,
2,9469,0.2833428978919983,0.10604233294725418,,
2,9479,0.21659843623638153,0.09392014890909195,,
2,9489,0.25370094180107117,0.09954825043678284,,
2,9499,0.2785346806049347,0.10694430768489838,,
2,9509,0.2919315695762634,0.12868240475654602,,
2,9519,0.3269980549812317,0.21160908043384552,,
2,9529,0.2780221700668335,0.11845800280570984,,
2,9539,0.3119395077228546,0.1377360075712204,,
2,9549,0.2532951235771179,0.1256186068058014,,
2,9559,0.2469758540391922,0.09543581306934357,,
2,9569,0.2878532409667969,0.12116481363773346,,
2,9579,0.21743719279766083,0.06966651231050491,,
2,9589,0.2849334478378296,0.13275405764579773,,
2,9599,0.23908944427967072,0.08804202824831009,,
2,9609,0.2598531246185303,0.1133493036031723,,
2,9619,0.34558722376823425,0.19315731525421143,,
2,9629,0.5110577940940857,0.4582389295101166,,
2,9639,0.258166640996933,0.09526941180229187,,
2,9649,0.33930015563964844,0.1627959907054901,,
2,9659,0.2748681306838989,0.11374708265066147,,
2,9669,0.3105802536010742,0.1578517109155655,,
2,9679,0.30861639976501465,0.1990450620651245,,
2,9689,0.3145018517971039,0.14580947160720825,,
2,9699,0.2794976234436035,0.1243101954460144,,
2,9709,0.2549934983253479,0.1033971905708313,,
2,9719,0.15834186971187592,0.038135647773742676,,
2,9729,0.3067770302295685,0.15571081638336182,,
2,9739,0.27062785625457764,0.11944196373224258,,
2,9749,0.2852397859096527,0.1338406801223755,,
2,9759,0.2818516790866852,0.1373235434293747,,
2,9769,0.40496402978897095,0.6164473295211792,,
2,9779,0.25980889797210693,0.0911770612001419,,
2,9789,0.3265154957771301,0.14325913786888123,,
2,9799,0.2963756322860718,0.1643071472644806,,
2,9809,0.2638535499572754,0.13721980154514313,,
2,9819,0.2499011754989624,0.08576498180627823,,
2,9829,0.24343614280223846,0.10669616609811783,,
2,9839,0.18546627461910248,0.05448903515934944,,
2,9849,0.2971850633621216,0.13675129413604736,,
2,9859,0.24418103694915771,0.08750847727060318,,
2,9869,0.19826740026474,0.06734663248062134,,
2,9879,0.23729677498340607,0.09406779706478119,,
2,9889,0.2865581512451172,0.13309279084205627,,
2,9899,0.3059232234954834,0.13790369033813477,,
2,9909,0.3083626627922058,0.22296902537345886,,
2,9919,0.2502765655517578,0.09228380769491196,,
2,9929,0.3870628774166107,0.2037241905927658,,
2,9939,0.2740994095802307,0.13859406113624573,,
2,9949,0.33133137226104736,0.17334994673728943,,
2,9959,0.32240191102027893,0.18593764305114746,,
2,9969,0.3482568562030792,0.15650737285614014,,
2,9979,0.18001240491867065,0.04595472291111946,,
2,9989,0.3534313440322876,0.23754848539829254,,
2,9999,0.32031381130218506,0.1578136682510376,,
2,10009,0.27127206325531006,0.10355742275714874,,
2,10019,0.388425350189209,0.19975200295448303,,
2,10029,0.29594624042510986,0.14105282723903656,,
2,10039,0.2777339220046997,0.12755879759788513,,
2,10049,0.36364853382110596,0.19175854325294495,,
2,10059,0.22252288460731506,0.08092497289180756,,
2,10069,0.2602143883705139,0.10712417215108871,,
2,10079,0.29731956124305725,0.130171999335289,,
2,10089,0.29594725370407104,0.13245469331741333,,
2,10099,0.3342656195163727,0.19322672486305237,,
2,10109,0.3589010536670685,0.19088351726531982,,
2,10119,0.21322718262672424,0.08552619814872742,,
2,10129,0.1864338219165802,0.06271674484014511,,
2,10139,0.2307809740304947,0.08820789307355881,,
2,10149,0.2715460956096649,0.12918683886528015,,
2,10159,0.32454776763916016,0.1418435126543045,,
2,10169,0.2576938271522522,0.09314124286174774,,
2,10179,0.23963992297649384,0.08415845036506653,,
2,10189,0.26954612135887146,0.15951895713806152,,
2,10199,0.32864439487457275,0.1674441397190094,,
2,10209,0.4423291087150574,0.25479596853256226,,
2,10219,0.3128289580345154,0.15491878986358643,,
2,10229,0.25779446959495544,0.10779350996017456,,
2,10239,0.26914840936660767,0.1197512298822403,,
2,10249,0.21817569434642792,0.07422453165054321,,
2,10259,0.43708527088165283,0.27906376123428345,,
2,10269,0.28555023670196533,0.12083389610052109,,
2,10279,0.3070688247680664,0.12057910114526749,,
2,10289,0.2940096855163574,0.1455845832824707,,
2,10299,0.41749346256256104,0.23645974695682526,,
2,10309,0.4605291783809662,0.3009127378463745,,
2,10313,,,0.3384450078010559,0.20637258887290955
3,10319,0.655580997467041,0.5964255928993225,,
3,10329,0.3683047890663147,0.2071741819381714,,
3,10339,0.4759906530380249,0.31043872237205505,,
3,10349,0.5377764701843262,0.4653739333152771,,
3,10359,0.3191400170326233,0.184626966714859,,
3,10369,0.2449047714471817,0.09240183234214783,,
3,10379,0.2774296998977661,0.10337209701538086,,
3,10389,0.37287789583206177,0.20554551482200623,,
3,10399,0.2543449401855469,0.12393303215503693,,
3,10409,0.3997052013874054,0.24177789688110352,,
3,10419,0.4358556866645813,0.2797800600528717,,
3,10429,0.37819284200668335,0.22607281804084778,,
3,10439,0.2905184030532837,0.12385016679763794,,
3,10449,0.27665966749191284,0.11846029758453369,,
3,10459,0.21770058572292328,0.08410462737083435,,
3,10469,0.31679871678352356,0.13615195453166962,,
3,10479,0.233260840177536,0.08520308136940002,,
3,10489,0.3037950396537781,0.13225270807743073,,
3,10499,0.23886917531490326,0.10450391471385956,,
3,10509,0.39945119619369507,0.2974884808063507,,
3,10519,0.21335797011852264,0.061402108520269394,,
3,10529,0.24365288019180298,0.10740643739700317,,
3,10539,0.30052417516708374,0.13910451531410217,,
3,10549,0.2891315221786499,0.12422607839107513,,
3,10559,0.22265610098838806,0.07420463860034943,,
3,10569,0.1856219321489334,0.06127403676509857,,
3,10579,0.35436832904815674,0.30124539136886597,,
3,10589,0.4035962224006653,0.2224024534225464,,
3,10599,0.4614171087741852,0.2635951638221741,,
3,10609,0.29857301712036133,0.13703125715255737,,
3,10619,0.31196945905685425,0.15834859013557434,,
3,10629,0.24572229385375977,0.09740401804447174,,
3,10639,0.253650963306427,0.11485734581947327,,
3,10649,0.28766992688179016,0.2035134732723236,,
3,10659,0.2328759729862213,0.09863009303808212,,
3,10669,0.28979501128196716,0.11892150342464447,,
3,10679,0.2178414911031723,0.08903956413269043,,
3,10689,0.34293580055236816,0.17286616563796997,,
3,10699,0.2257274091243744,0.10223428905010223,,
3,10709,0.32534927129745483,0.1826850324869156,,
3,10719,0.2482006549835205,0.09549672156572342,,
3,10729,0.23185378313064575,0.0803912878036499,,
3,10739,0.32919979095458984,0.16624659299850464,,
3,10749,0.36163991689682007,0.16879406571388245,,
3,10759,0.3217334747314453,0.14684809744358063,,
3,10769,0.18827815353870392,0.06944500654935837,,
3,10779,0.24518822133541107,0.09133338928222656,,
3,10789,0.25215017795562744,0.11270996183156967,,
3,10799,0.3075384497642517,0.17975854873657227,,
3,10809,0.23434434831142426,0.09408076107501984,,
3,10819,0.2408158779144287,0.09366528689861298,,
3,10829,0.27907735109329224,0.1369958072900772,,
3,10839,0.2252543568611145,0.08118025213479996,,
3,10849,0.17300039529800415,0.05185959115624428,,
3,10859,0.2970046401023865,0.20862555503845215,,
3,10869,0.19765233993530273,0.06195211037993431,,
3,10879,0.20112745463848114,0.08939775824546814,,
3,10889,0.19616810977458954,0.06281143426895142,,
3,10899,0.3280445337295532,0.15123945474624634,,
3,10909,0.22859033942222595,0.08647860586643219,,
3,10919,0.28657689690589905,0.12787365913391113,,
3,10929,0.27586305141448975,0.11478117853403091,,
3,10939,0.22140870988368988,0.07348154485225677,,
3,10949,0.24234580993652344,0.09396550059318542,,
3,10959,0.19683389365673065,0.05395127087831497,,
3,10969,0.2600908875465393,0.1274748295545578,,
3,10979,0.22458066046237946,0.0724664181470871,,
3,10989,0.27074870467185974,0.10854654014110565,,
3,10999,0.3960416913032532,0.20918813347816467,,
3,11009,0.25557374954223633,0.10271501541137695,,
3,11019,0.3058893382549286,0.1394643634557724,,
3,11029,0.35339099168777466,0.18538233637809753,,
3,11039,0.2747284173965454,0.11361199617385864,,
3,11049,0.2606188654899597,0.10832060873508453,,
3,11059,0.18236878514289856,0.07317015528678894,,
3,11069,0.33343204855918884,0.1606208086013794,,
3,11079,0.20672333240509033,0.06551644206047058,,
3,11089,0.42167845368385315,0.24780549108982086,,
3,11099,0.3497694730758667,0.2523144781589508,,
3,11109,0.21824514865875244,0.07115890085697174,,
3,11119,0.2701569199562073,0.10817289352416992,,
3,11129,0.2844754755496979,0.11833332479000092,,
3,11139,0.18848782777786255,0.05700265243649483,,
3,11149,0.2044931948184967,0.08214503526687622,,
3,11159,0.2327580749988556,0.08317778259515762,,
3,11169,0.2453957349061966,0.13183555006980896,,
3,11179,0.26789265871047974,0.14573481678962708,,
3,11189,0.3454858064651489,0.17970740795135498,,
3,11199,0.3371407985687256,0.17013521492481232,,
3,11209,0.2117524892091751,0.06630817800760269,,
3,11219,0.38041892647743225,0.29971885681152344,,
3,11229,0.6584621667861938,0.6902621388435364,,
3,11239,0.43846356868743896,0.28834813833236694,,
3,11249,0.2786005139350891,0.10636118799448013,,
3,11259,0.35328012704849243,0.1974761188030243,,
3,11269,0.24482235312461853,0.09592550247907639,,
3,11279,0.2973583936691284,0.12841472029685974,,
3,11289,0.22199417650699615,0.06730838119983673,,
3,11299,0.24190327525138855,0.08223947882652283,,
3,11309,0.28097811341285706,0.12350187450647354,,
3,11319,0.30277684330940247,0.15306229889392853,,
3,11329,0.3581373691558838,0.2640291154384613,,
3,11339,0.2643659710884094,0.11294874548912048,,
3,11349,0.29907146096229553,0.1418299823999405,,
3,11359,0.20714586973190308,0.07590188086032867,,
3,11369,0.2533254623413086,0.10700234770774841,,
3,11379,0.24431109428405762,0.08979400992393494,,
3,11389,0.2613985538482666,0.10701415687799454,,
3,11399,0.2733096480369568,0.1196635365486145,,
3,11409,0.2016698271036148,0.0691196620464325,,
3,11419,0.20515583455562592,0.056758392602205276,,
3,11429,0.23510758578777313,0.07971834391355515,,
3,11439,0.24839644134044647,0.08815467357635498,,
3,11449,0.3713566064834595,0.23687157034873962,,
3,11459,0.40763455629348755,0.3914836347103119,,
3,11469,0.3378097414970398,0.177749902009964,,
3,11479,0.23479069769382477,0.0859246626496315,,
3,11489,0.20942187309265137,0.06415942311286926,,
3,11499,0.2114351987838745,0.07470475137233734,,
3,11509,0.24770914018154144,0.09488549828529358,,
3,11519,0.2622992992401123,0.11332029104232788,,
3,11529,0.24819576740264893,0.09395770728588104,,
3,11539,0.25106653571128845,0.1107759177684784,,
3,11549,0.19466549158096313,0.06592461466789246,,
3,11559,0.23720590770244598,0.07878351211547852,,
3,11569,0.24564190208911896,0.10512872785329819,,
3,11579,0.3857957720756531,0.22347281873226166,,
3,11589,0.29673314094543457,0.13982215523719788,,
3,11599,0.29437071084976196,0.1250787079334259,,
3,11609,0.37575817108154297,0.2843242883682251,,
3,11619,0.3190379738807678,0.1817052662372589,,
3,11629,0.19866669178009033,0.0564572699368,,
3,11639,0.2756596803665161,0.10148939490318298,,
3,11649,0.29865792393684387,0.15833160281181335,,
3,11659,0.23918931186199188,0.09037066251039505,,
3,11669,0.2382419854402542,0.0963914543390274,,
3,11679,0.23744851350784302,0.07432107627391815,,
3,11689,0.22419051826000214,0.08710877597332001,,
3,11699,0.2111768126487732,0.08474305272102356,,
3,11709,0.26499801874160767,0.12834584712982178,,
3,11719,0.2375740259885788,0.0883655920624733,,
3,11729,0.31084710359573364,0.13784198462963104,,
3,11739,0.26274585723876953,0.10836473107337952,,
3,11749,0.2355412393808365,0.10191602259874344,,
3,11759,0.259162962436676,0.10507366061210632,,
3,11769,0.17311838269233704,0.049261078238487244,,
3,11779,0.2575416564941406,0.10584678500890732,,
3,11789,0.28850215673446655,0.10614827275276184,,
3,11799,0.3428698778152466,0.18452847003936768,,
3,11809,0.2576896846294403,0.09339503198862076,,
3,11819,0.21338814496994019,0.08107318729162216,,
3,11829,0.2849799394607544,0.12579144537448883,,
3,11839,0.23140119016170502,0.08322767913341522,,
3,11849,0.31826671957969666,0.1766960322856903,,
3,11859,0.19070938229560852,0.059072282165288925,,
3,11869,0.2645232081413269,0.15313589572906494,,
3,11879,0.2569831311702728,0.12092529982328415,,
3,11889,0.2798009514808655,0.12450648099184036,,
3,11899,0.25081074237823486,0.08553170412778854,,
3,11909,0.23985587060451508,0.0781019926071167,,
3,11919,0.2690882086753845,0.12229111790657043,,
3,11929,0.2865877151489258,0.1301092505455017,,
3,11939,0.29566890001296997,0.14386588335037231,,
3,11949,0.27738648653030396,0.12548065185546875,,
3,11959,0.26745110750198364,0.14291530847549438,,
3,11969,0.5537540912628174,0.45605963468551636,,
3,11979,0.2848118245601654,0.13806070387363434,,
3,11989,0.21023708581924438,0.07822329550981522,,
3,11999,0.33266985416412354,0.16147565841674805,,
3,12009,0.27198994159698486,0.11163352429866791,,
3,12019,0.18323174118995667,0.0501580536365509,,
3,12029,0.21204476058483124,0.06307720392942429,,
3,12039,0.2347722351551056,0.08254976570606232,,
3,12049,0.27340322732925415,0.11969934403896332,,
3,12059,0.2615860402584076,0.10930173099040985,,
3,12069,0.20875698328018188,0.06940019130706787,,
3,12079,0.31405532360076904,0.14597827196121216,,
3,12089,0.25449618697166443,0.12144295871257782,,
3,12099,0.24384918808937073,0.0914195254445076,,
3,12109,0.2637113332748413,0.10063179582357407,,
3,12119,0.2527770698070526,0.1013353168964386,,
3,12129,0.22713367640972137,0.07776680588722229,,
3,12139,0.22896191477775574,0.08316034078598022,,
3,12149,0.2796231210231781,0.1126067191362381,,
3,12159,0.23388266563415527,0.07208099961280823,,
3,12169,0.26961010694503784,0.10767064243555069,,
3,12179,0.3519522547721863,0.1663821041584015,,
3,12189,0.2284737229347229,0.07881155610084534,,
3,12199,0.19399873912334442,0.06547681987285614,,
3,12209,0.23299162089824677,0.08584947139024734,,
3,12219,0.20391099154949188,0.06668562442064285,,
3,12229,0.3402712345123291,0.1554543823003769,,
3,12239,0.2546294927597046,0.16471412777900696,,
3,12249,0.25568822026252747,0.09826147556304932,,
3,12259,0.19406859576702118,0.06014750897884369,,
3,12269,0.25193923711776733,0.10379394888877869,,
3,12279,0.30897289514541626,0.15778586268424988,,
3,12289,0.3473966121673584,0.20188888907432556,,
3,12299,0.299953818321228,0.14538496732711792,,
3,12309,0.24085567891597748,0.09465442597866058,,
3,12319,0.2758028209209442,0.11618445813655853,,
3,12329,0.2422698438167572,0.09346693754196167,,
3,12339,0.2084917426109314,0.08752331137657166,,
3,12349,0.19896675646305084,0.06780993938446045,,
3,12359,0.28761136531829834,0.13893355429172516,,
3,12369,0.2298915833234787,0.08051086962223053,,
3,12379,0.22213521599769592,0.09903189539909363,,
3,12389,0.26154670119285583,0.08629263937473297,,
3,12399,0.24579955637454987,0.15064752101898193,,
3,12409,0.19034607708454132,0.06331691890954971,,
3,12419,0.22188900411128998,0.07896542549133301,,
3,12429,0.21069520711898804,0.06852506846189499,,
3,12439,0.31223392486572266,0.13973550498485565,,
3,12449,0.20396241545677185,0.06230930984020233,,
3,12459,0.20159822702407837,0.06397135555744171,,
3,12469,0.3030177354812622,0.1313132345676422,,
3,12479,0.20312105119228363,0.06948357820510864,,
3,12489,0.19126883149147034,0.0685504600405693,,
3,12499,0.235497385263443,0.10128189623355865,,
3,12509,0.432802677154541,0.46788883209228516,,
3,12519,0.2836892008781433,0.13231441378593445,,
3,12529,0.3117991089820862,0.3194652795791626,,
3,12539,0.27735620737075806,0.11205573379993439,,
3,12549,0.3930235207080841,0.2309655100107193,,
3,12559,0.2823159694671631,0.12525127828121185,,
3,12569,0.3021942973136902,0.14671532809734344,,
3,12579,0.3383881151676178,0.15357500314712524,,
3,12589,0.30184727907180786,0.21299129724502563,,
3,12599,0.22799797356128693,0.09652941673994064,,
3,12609,0.2657376527786255,0.11403709650039673,,
3,12619,0.2848431169986725,0.1449528932571411,,
3,12629,0.33515554666519165,0.20073142647743225,,
3,12639,0.24787814915180206,0.08578016608953476,,
3,12649,0.21138134598731995,0.07215571403503418,,
3,12659,0.25040483474731445,0.10016205161809921,,
3,12669,0.3841569423675537,0.19212034344673157,,
3,12679,0.272126704454422,0.10640831291675568,,
3,12689,0.29326072335243225,0.1241387128829956,,
3,12699,0.27233821153640747,0.10301687568426132,,
3,12709,0.2450585663318634,0.0936288982629776,,
3,12719,0.2140750288963318,0.06976547837257385,,
3,12729,0.24136337637901306,0.0963427796959877,,
3,12739,0.22367364168167114,0.09618066251277924,,
3,12749,0.21113045513629913,0.11826924979686737,,
3,12759,0.34488874673843384,0.3237726390361786,,
3,12769,0.21832112967967987,0.08149027824401855,,
3,12779,0.19609007239341736,0.07129925489425659,,
3,12789,0.25494882464408875,0.1114514023065567,,
3,12799,0.3052007257938385,0.14335009455680847,,
3,12809,0.20202621817588806,0.06291782110929489,,
3,12819,0.21027836203575134,0.07306409627199173,,
3,12829,0.2787465453147888,0.12259954959154129,,
3,12839,0.22791779041290283,0.0873490422964096,,
3,12849,0.22257044911384583,0.07886113226413727,,
3,12859,0.2576771378517151,0.09837755560874939,,
3,12869,0.2813166379928589,0.10714221745729446,,
3,12879,0.3166114091873169,0.14444951713085175,,
3,12889,0.21848829090595245,0.06806574016809464,,
3,12899,0.3227434754371643,0.14126567542552948,,
3,12909,0.2439320832490921,0.09727218747138977,,
3,12919,0.678839385509491,4.5980424880981445,,
3,12929,0.39475202560424805,0.22852009534835815,,
3,12939,0.5228389501571655,0.3920813500881195,,
3,12949,0.3545175790786743,0.19241869449615479,,
3,12959,0.27635854482650757,0.13052049279212952,,
3,12969,0.274321973323822,0.11844322085380554,,
3,12979,0.336709588766098,0.16738414764404297,,
3,12989,0.37367743253707886,0.25409701466560364,,
3,12999,0.3475802540779114,0.1763465404510498,,
3,13009,0.5186482667922974,0.4279597997665405,,
3,13019,1.0138685703277588,1.5611450672149658,,
3,13029,2.4469432830810547,7.415705680847168,,
3,13039,2.0635037422180176,5.4918012619018555,,
3,13049,118.09919738769531,27455.45703125,,
3,13059,66.5907974243164,6823.58349609375,,
3,13069,6.8022260665893555,48.08441925048828,,
3,13079,6.8487091064453125,48.765769958496094,,
3,13089,6.5677266120910645,44.27381896972656,,
3,13099,6.383519649505615,42.27647399902344,,
3,13109,6.4977521896362305,43.19962692260742,,
3,13119,6.49740743637085,43.750457763671875,,
3,13129,6.204377174377441,40.03048324584961,,
3,13139,6.453006744384766,42.56986999511719,,
3,13149,6.19843053817749,40.379581451416016,,
3,13159,5.900827407836914,37.490692138671875,,
3,13169,6.300826072692871,40.874542236328125,,
3,13179,6.026464939117432,38.08489227294922,,
3,13189,5.926064491271973,36.50060272216797,,
3,13199,6.1164231300354,39.54129409790039,,
3,13209,5.97818660736084,37.06697082519531,,
3,13219,6.183526992797852,39.479393005371094,,
3,13229,6.098570823669434,38.44137954711914,,
3,13239,5.668218612670898,33.97355651855469,,
3,13249,5.4142842292785645,31.102317810058594,,
3,13259,5.99071741104126,37.417083740234375,,
3,13269,5.566131591796875,32.524864196777344,,
3,13279,5.823343276977539,35.73265075683594,,
3,13289,5.819298267364502,35.61018753051758,,
3,13299,5.3419976234436035,29.99928855895996,,
3,13309,5.61122989654541,32.76374816894531,,
3,13319,5.638297080993652,32.76446533203125,,
3,13329,5.597855567932129,32.672481536865234,,
3,13339,5.247169017791748,29.07670021057129,,
3,13349,5.56381368637085,32.01225280761719,,
3,13359,5.865896224975586,35.91844177246094,,
3,13369,5.556012153625488,32.02971267700195,,
3,13379,5.048456192016602,26.795400619506836,,
3,13389,5.163730621337891,28.138660430908203,,
3,13399,5.258487701416016,29.000354766845703,,
3,13409,5.212519645690918,28.34746551513672,,
3,13419,4.753229141235352,24.299482345581055,,
3,13429,4.853232383728027,24.443767547607422,,
3,13439,4.898212432861328,25.308273315429688,,
3,13449,4.893082141876221,25.300731658935547,,
3,13459,4.930105686187744,25.74319076538086,,
3,13469,5.1131134033203125,27.095808029174805,,
3,13479,4.805888652801514,24.625978469848633,,
3,13489,4.949707984924316,25.974388122558594,,
3,13499,4.7283124923706055,23.45962142944336,,
3,13509,4.616074562072754,22.479930877685547,,
3,13519,4.988104343414307,25.59119415283203,,
3,13529,4.533390998840332,22.114561080932617,,
3,13539,4.280020713806152,19.412506103515625,,
3,13549,4.7679219245910645,24.25234603881836,,
3,13559,4.399351596832275,20.28097915649414,,
3,13569,4.609570503234863,22.2825927734375,,
3,13579,4.404510498046875,20.620878219604492,,
3,13589,4.507678985595703,21.845409393310547,,
3,13599,4.308744430541992,19.669946670532227,,
3,13609,4.385512351989746,20.368452072143555,,
3,13619,4.627983570098877,22.422374725341797,,
3,13629,4.350486755371094,21.340351104736328,,
3,13639,4.23798942565918,19.117019653320312,,
3,13649,4.477310657501221,21.300594329833984,,
3,13659,4.154782295227051,18.602527618408203,,
3,13669,4.185616493225098,18.301334381103516,,
3,13679,4.3535966873168945,19.872695922851562,,
3,13689,4.0281782150268555,17.120628356933594,,
3,13699,3.9783935546875,16.62439727783203,,
3,13709,3.873046875,15.9097261428833,,
3,13719,3.574099540710449,13.958833694458008,,
3,13729,4.149779796600342,18.725692749023438,,
3,13739,3.7806758880615234,15.300697326660156,,
3,13749,3.54632830619812,13.90599536895752,,
3,13751,,,3.811899185180664,15.74781608581543
4,13759,3.7311477661132812,15.37282657623291,,
4,13769,3.5104451179504395,13.689910888671875,,
4,13779,3.569204330444336,13.843452453613281,,
4,13789,3.7399582862854004,15.154735565185547,,
4,13799,3.7379813194274902,15.257547378540039,,
4,13809,3.4688894748687744,13.116683959960938,,
4,13819,3.5780959129333496,14.065383911132812,,
4,13829,3.335803508758545,12.026016235351562,,
4,13839,3.38511323928833,12.753304481506348,,
4,13849,3.2753350734710693,12.111080169677734,,
4,13859,3.734973430633545,15.35986328125,,
4,13869,3.3266353607177734,12.267084121704102,,
4,13879,3.2884864807128906,11.673728942871094,,
4,13889,3.327603578567505,12.412025451660156,,
4,13899,3.3329081535339355,12.43551254272461,,
4,13909,3.62760066986084,14.389015197753906,,
4,13919,3.440035581588745,12.619232177734375,,
4,13929,3.386892318725586,12.338154792785645,,
4,13939,2.87583065032959,9.462583541870117,,
4,13949,3.1267876625061035,10.594205856323242,,
4,13959,3.4072070121765137,12.537057876586914,,
4,13969,3.227046012878418,11.984970092773438,,
4,13979,2.8413519859313965,8.839889526367188,,
4,13989,3.3214125633239746,12.459460258483887,,
4,13999,3.0687408447265625,10.284510612487793,,
4,14009,2.4602243900299072,6.944885730743408,,
4,14019,3.3031439781188965,12.419305801391602,,
4,14029,2.8411061763763428,8.674599647521973,,
4,14039,2.8489162921905518,9.406538963317871,,
4,14049,2.8016061782836914,8.900594711303711,,
4,14059,2.8770718574523926,8.988434791564941,,
4,14069,2.637948989868164,7.9047393798828125,,
4,14079,2.3314132690429688,6.317241668701172,,
4,14089,2.5185933113098145,7.313756942749023,,
4,14099,2.9992167949676514,10.02353572845459,,
4,14109,2.7617411613464355,8.74038028717041,,
4,14119,2.87716007232666,10.197982788085938,,
4,14129,2.6466212272644043,8.10886287689209,,
4,14139,2.32749080657959,6.374715805053711,,
4,14149,2.6682918071746826,8.214269638061523,,
4,14159,2.47512149810791,7.322399139404297,,
4,14169,2.743528366088867,8.676471710205078,,
4,14179,2.092555284500122,5.7183332443237305,,
4,14189,2.416419506072998,6.999833583831787,,
4,14199,2.4741721153259277,7.2048020362854,,
4,14209,2.2792699337005615,6.324798583984375,,
4,14219,2.418126106262207,7.121140480041504,,
4,14229,2.3330445289611816,6.878971576690674,,
4,14239,2.4783153533935547,7.468661308288574,,
4,14249,2.2228076457977295,6.397362232208252,,
4,14259,2.211529493331909,6.343631744384766,,
4,14269,2.210878372192383,6.323568344116211,,
4,14279,1.958365559577942,4.860289096832275,,
4,14289,2.3627943992614746,6.339073181152344,,
4,14299,2.114008665084839,5.346704959869385,,
4,14309,2.038088798522949,5.604915618896484,,
4,14319,2.283867835998535,6.173998832702637,,
4,14329,2.2035861015319824,5.9430341720581055,,
4,14339,2.089550018310547,5.61983060836792,,
4,14349,1.7644304037094116,3.9112071990966797,,
4,14359,1.895862102508545,4.554468154907227,,
4,14369,1.902970790863037,4.465005874633789,,
4,14379,1.8622069358825684,4.495710372924805,,
4,14389,2.166980743408203,5.767605304718018,,
4,14399,2.1448934078216553,5.672509670257568,,
4,14409,2.3270554542541504,6.170461177825928,,
4,14419,1.847201943397522,4.199831962585449,,
4,14429,1.6401110887527466,3.682194709777832,,
4,14439,1.6605565547943115,3.5325825214385986,,
4,14449,1.848562240600586,4.66500997543335,,
4,14459,2.0578978061676025,5.082612037658691,,
4,14469,1.938714623451233,4.624029636383057,,
4,14479,1.8721895217895508,4.412235260009766,,
4,14489,1.9071428775787354,4.669783592224121,,
4,14499,1.6934561729431152,3.591660499572754,,
4,14509,1.4806649684906006,2.8956217765808105,,
4,14519,1.652517557144165,4.365606307983398,,
4,14529,1.6218442916870117,3.3247580528259277,,
4,14539,1.5180009603500366,3.0879764556884766,,
4,14549,1.3251597881317139,2.337642192840576,,
4,14559,1.5890982151031494,3.7528889179229736,,
4,14569,1.2496387958526611,2.122859477996826,,
4,14579,1.4319918155670166,2.919740676879883,,
4,14589,1.453348159790039,2.9344496726989746,,
4,14599,1.3727037906646729,2.6979284286499023,,
4,14609,1.6506645679473877,4.22164249420166,,
4,14619,1.3926241397857666,2.558238983154297,,
4,14629,1.6047708988189697,3.324368715286255,,
4,14639,1.6274118423461914,3.448101043701172,,
4,14649,1.4512310028076172,3.1168198585510254,,
4,14659,1.3271055221557617,2.7607855796813965,,
4,14669,1.6528899669647217,3.8566765785217285,,
4,14679,1.2193514108657837,1.9936282634735107,,
4,14689,1.3937389850616455,2.7810325622558594,,
4,14699,1.3046355247497559,2.832520008087158,,
4,14709,1.652635931968689,3.8507161140441895,,
4,14719,1.2036142349243164,2.472578287124634,,
4,14729,1.1888000965118408,2.1841979026794434,,
4,14739,1.4134962558746338,2.807440996170044,,
4,14749,1.3387703895568848,2.673412799835205,,
4,14759,1.2158997058868408,2.1409072875976562,,
4,14769,1.3744080066680908,2.474656343460083,,
4,14779,1.2221534252166748,2.199923038482666,,
4,14789,1.2081704139709473,1.9593071937561035,,
4,14799,1.240106463432312,2.153533697128296,,
4,14809,1.1617803573608398,2.055799722671509,,
4,14819,1.192542552947998,2.1871979236602783,,
4,14829,1.1808841228485107,2.1767899990081787,,
4,14839,1.2198586463928223,2.1808786392211914,,
4,14849,0.740271806716919,0.9872273206710815,,
4,14859,1.4727094173431396,3.4665472507476807,,
4,14869,1.1551859378814697,1.8233979940414429,,
4,14879,1.4524707794189453,2.845453977584839,,
4,14889,1.2428369522094727,2.1235389709472656,,
4,14899,1.0566248893737793,1.4944597482681274,,
4,14909,0.9447402954101562,1.5887508392333984,,
4,14919,0.8615576028823853,1.0398848056793213,,
4,14929,1.164894938468933,1.9148973226547241,,
4,14939,1.1485446691513062,1.697800874710083,,
4,14949,1.2275209426879883,2.4914586544036865,,
4,14959,1.3873789310455322,2.6452736854553223,,
4,14969,1.1040397882461548,2.055901527404785,,
4,14979,1.1742627620697021,2.597379207611084,,
4,14989,0.9596014618873596,1.4015002250671387,,
4,14999,1.0314319133758545,1.9096754789352417,,
4,15009,0.9770078659057617,1.3126320838928223,,
4,15019,0.9870845079421997,1.2967722415924072,,
4,15029,1.188732624053955,1.742460012435913,,
4,15039,0.9180115461349487,1.6902940273284912,,
4,15049,0.8635907173156738,1.0978602170944214,,
4,15059,1.2131154537200928,2.163281202316284,,
4,15069,1.1410115957260132,2.1946327686309814,,
4,15079,1.0211563110351562,1.8416706323623657,,
4,15089,0.8423160314559937,1.1393389701843262,,
4,15099,1.0301263332366943,1.5368473529815674,,
4,15109,1.112220048904419,1.6514633893966675,,
4,15119,0.8329720497131348,1.038994312286377,,
4,15129,1.360863447189331,2.283419609069824,,
4,15139,1.052486538887024,1.5716400146484375,,
4,15149,1.0840179920196533,1.7638170719146729,,
4,15159,0.8530793190002441,1.085923671722412,,
4,15169,1.0187028646469116,1.3549034595489502,,
4,15179,0.8650684356689453,1.1492656469345093,,
4,15189,0.9029577970504761,1.2279478311538696,,
4,15199,0.8826473951339722,1.141371488571167,,
4,15209,1.1641578674316406,2.0354061126708984,,
4,15219,0.9790443778038025,1.513580560684204,,
4,15229,1.1083847284317017,1.8604573011398315,,
4,15239,0.9962616562843323,2.217780590057373,,
4,15249,0.8848093748092651,1.2164490222930908,,
4,15259,1.155723214149475,1.932713270187378,,
4,15269,0.9323493242263794,1.4685393571853638,,
4,15279,0.8834855556488037,1.252842903137207,,
4,15289,1.1121042966842651,1.5486469268798828,,
4,15299,1.002798080444336,1.3728615045547485,,
4,15309,0.8476300835609436,1.0031630992889404,,
4,15319,1.1731301546096802,1.76163649559021,,
4,15329,0.8532311916351318,1.3205041885375977,,
4,15339,1.1479909420013428,1.8634380102157593,,
4,15349,0.8729137182235718,1.0669491291046143,,
4,15359,0.8798500299453735,1.2188730239868164,,
4,15369,0.989587664604187,1.7120411396026611,,
4,15379,0.8709864616394043,1.1696544885635376,,
4,15389,1.0000123977661133,1.6577383279800415,,
4,15399,0.9180287718772888,1.180547833442688,,
4,15409,0.8340966701507568,1.0693671703338623,,
4,15419,0.9352027177810669,1.4425718784332275,,
4,15429,1.06998872756958,1.5945965051651,,
4,15439,1.0268754959106445,1.392409324645996,,
4,15449,0.9173997044563293,1.1133334636688232,,
4,15459,1.15263032913208,1.9723058938980103,,
4,15469,0.6955481767654419,0.7103441953659058,,
4,15479,1.126725435256958,2.1002488136291504,,
4,15489,1.1025431156158447,1.7267587184906006,,
4,15499,1.1384615898132324,2.1735143661499023,,
4,15509,0.9782028198242188,1.421980619430542,,
4,15519,0.8032564520835876,0.8614270687103271,,
4,15529,0.9282007813453674,1.2908117771148682,,
4,15539,1.1340022087097168,2.1089115142822266,,
4,15549,1.0614700317382812,1.8437976837158203,,
4,15559,0.8712049722671509,1.218973159790039,,
4,15569,1.0587962865829468,1.9397704601287842,,
4,15579,0.9308364391326904,1.3353900909423828,,
4,15589,0.9451533555984497,1.4524120092391968,,
4,15599,0.9138768911361694,1.1794087886810303,,
4,15609,0.8485027551651001,1.3373277187347412,,
4,15619,0.9654406905174255,1.4650981426239014,,
4,15629,1.0357507467269897,1.8960120677947998,,
4,15639,0.8768423795700073,1.2133370637893677,,
4,15649,0.7784827947616577,0.9032735824584961,,
4,15659,0.8346776962280273,1.138906478881836,,
4,15669,0.8453149795532227,1.1434996128082275,,
4,15679,1.0984998941421509,1.665610671043396,,
4,15689,1.0391886234283447,1.6689026355743408,,
4,15699,0.8382600545883179,1.0812480449676514,,
4,15709,0.9168502688407898,1.1893041133880615,,
4,15719,0.7162879109382629,0.7609983682632446,,
4,15729,0.901814341545105,1.129111886024475,,
4,15739,1.1391725540161133,1.8877543210983276,,
4,15749,0.8570667505264282,1.2147033214569092,,
4,15759,0.8554250001907349,1.0431138277053833,,
4,15769,1.0018389225006104,1.644268274307251,,
4,15779,0.8491908311843872,1.281227707862854,,
4,15789,0.8936998844146729,1.0753154754638672,,
4,15799,1.1148674488067627,3.462125778198242,,
4,15809,1.0223430395126343,1.5601513385772705,,
4,15819,0.9449886679649353,1.3013370037078857,,
4,15829,1.1658265590667725,1.8173624277114868,,
4,15839,0.7063655853271484,0.7673854827880859,,
4,15849,0.9485620260238647,1.367875576019287,,
4,15859,0.9255061745643616,1.3870265483856201,,
4,15869,1.0270793437957764,1.5787901878356934,,
4,15879,0.9415796995162964,1.225433111190796,,
4,15889,0.9557598233222961,1.478057622909546,,
4,15899,0.8016899228096008,0.9594391584396362,,
4,15909,0.8703495860099792,1.0987820625305176,,
4,15919,0.7953662276268005,1.1510653495788574,,
4,15929,0.7747682332992554,1.033904790878296,,
4,15939,0.9547111988067627,1.3605074882507324,,
4,15949,0.889680027961731,1.7705307006835938,,
4,15959,0.922712504863739,1.580475091934204,,
4,15969,0.8646960854530334,1.2220462560653687,,
4,15979,0.8824288845062256,1.1130280494689941,,
4,15989,1.0826084613800049,1.735495686531067,,
4,15999,0.8578447103500366,1.3030670881271362,,
4,16009,0.8790451884269714,1.1163668632507324,,
4,16019,1.0530364513397217,1.5870518684387207,,
4,16029,0.9844819903373718,1.450312614440918,,
4,16039,0.9126430749893188,1.304546594619751,,
4,16049,0.7517268657684326,0.8811054229736328,,
4,16059,0.9266089200973511,1.2060924768447876,,
4,16069,1.039942979812622,1.4690159559249878,,
4,16079,1.16123628616333,2.1358604431152344,,
4,16089,0.8258527517318726,0.9107508659362793,,
4,16099,0.9484472274780273,1.569064736366272,,
4,16109,0.8852189779281616,1.476332426071167,,
4,16119,1.0234010219573975,1.5900307893753052,,
4,16129,0.9911829233169556,1.524043321609497,,
4,16139,0.9166087508201599,1.2610878944396973,,
4,16149,0.9977340698242188,1.5798535346984863,,
4,16159,0.7899689078330994,0.8388388156890869,,
4,16169,0.8489916324615479,1.0814241170883179,,
4,16179,0.8789376616477966,1.224407434463501,,
4,16189,0.8770928382873535,1.1627265214920044,,
4,16199,0.9582837820053101,1.199777364730835,,
4,16209,0.7972110509872437,1.0819594860076904,,
4,16219,0.8519675731658936,1.1719841957092285,,
4,16229,0.9592516422271729,1.4487286806106567,,
4,16239,0.9001039266586304,1.2954672574996948,,
4,16249,0.9880247712135315,1.3844215869903564,,
4,16259,0.8235976696014404,1.022601842880249,,
4,16269,1.2385845184326172,2.1300010681152344,,
4,16279,0.8449596166610718,1.1250050067901611,,
4,16289,0.8187004327774048,1.0645298957824707,,
4,16299,1.1535217761993408,1.6999094486236572,,
4,16309,1.0728254318237305,1.5409631729125977,,
4,16319,0.8236689567565918,1.085012435913086,,
4,16329,0.7519897222518921,0.8236188292503357,,
4,16339,0.7010335922241211,0.969896674156189,,
4,16349,0.9956837892532349,1.6641013622283936,,
4,16359,0.7887033224105835,0.9164889454841614,,
4,16369,0.8152011036872864,0.9954454302787781,,
4,16379,0.7944344282150269,0.9034737944602966,,
4,16389,0.6223917603492737,0.6685924530029297,,
4,16399,0.9095197916030884,1.0824848413467407,,
4,16409,0.9309981465339661,1.3684265613555908,,
4,16419,0.8058947920799255,0.9008039832115173,,
4,16429,1.1169850826263428,1.717329978942871,,
4,16439,0.8776857852935791,1.2112728357315063,,
4,16449,1.0443603992462158,1.4576622247695923,,
4,16459,1.0811036825180054,1.9548851251602173,,
4,16469,0.921383261680603,1.2985167503356934,,
4,16479,0.6892540454864502,0.7290889620780945,,
4,16489,0.7592410445213318,0.813315749168396,,
4,16499,0.889132022857666,1.1356542110443115,,
4,16509,1.014270305633545,1.8471037149429321,,
4,16519,1.042733073234558,1.596557378768921,,
4,16529,0.8206579089164734,1.1040221452713013,,
4,16539,0.8701136708259583,1.1806962490081787,,
4,16549,0.7218250632286072,0.7150948643684387,,
4,16559,0.998812198638916,1.468064785003662,,
4,16569,0.8235642910003662,1.0000849962234497,,
4,16579,1.0670547485351562,1.4459044933319092,,
4,16589,0.9567769765853882,1.4572242498397827,,
4,16599,0.9311642646789551,1.0924389362335205,,
4,16609,0.9335290193557739,1.5177029371261597,,
4,16619,0.9623328447341919,1.451598882675171,,
4,16629,0.9964181184768677,1.6231803894042969,,
4,16639,0.978886067867279,1.5627760887145996,,
4,16649,0.8935070037841797,1.2317705154418945,,
4,16659,1.0066202878952026,1.5002849102020264,,
4,16669,0.7713241577148438,1.1740360260009766,,
4,16679,0.8521381616592407,1.2513389587402344,,
4,16689,1.0109806060791016,1.4884719848632812,,
4,16699,1.0746278762817383,1.61021089553833,,
4,16709,0.8430255055427551,0.9574126601219177,,
4,16719,0.8943507075309753,1.5236783027648926,,
4,16729,0.8483425378799438,1.216832160949707,,
4,16739,0.9750399589538574,1.488297939300537,,
4,16749,0.9204033613204956,1.2187944650650024,,
4,16759,0.898675799369812,1.3288943767547607,,
4,16769,0.9011630415916443,1.2910065650939941,,
4,16779,0.7485181093215942,0.7402424216270447,,
4,16789,0.8672239184379578,1.1138805150985718,,
4,16799,0.9738854169845581,1.2446858882904053,,
4,16809,0.7397923469543457,0.8405954241752625,,
4,16819,0.801524817943573,0.9235208034515381,,
4,16829,0.8808754682540894,1.730391502380371,,
4,16839,0.7223110198974609,0.7779792547225952,,
4,16849,0.9882091283798218,1.4266173839569092,,
4,16859,1.0411732196807861,1.3700370788574219,,
4,16869,1.013263463973999,1.9506508111953735,,
4,16879,0.7973978519439697,0.9447516202926636,,
4,16889,0.925100564956665,1.4258655309677124,,
4,16899,0.8066899180412292,1.0779829025268555,,
4,16909,1.0623414516448975,1.6998143196105957,,
4,16919,1.0035710334777832,1.6384892463684082,,
4,16929,0.7543835639953613,0.8379629254341125,,
4,16939,0.8525772094726562,1.2809534072875977,,
4,16949,0.9626600742340088,1.305416464805603,,
4,16959,1.011778473854065,1.5750977993011475,,
4,16969,1.2544410228729248,5.612787246704102,,
4,16979,1.1168992519378662,1.8975956439971924,,
4,16989,0.9656277298927307,1.6351622343063354,,
4,16999,0.846049427986145,1.0854240655899048,,
4,17009,0.895274817943573,1.1274360418319702,,
4,17019,0.9030404090881348,1.0304476022720337,,
4,17029,1.0087271928787231,1.6483895778656006,,
4,17039,0.754317045211792,1.2948083877563477,,
4,17049,0.7703644633293152,0.9437405467033386,,
4,17059,0.7921909689903259,1.0327856540679932,,
4,17069,0.8723150491714478,1.1529641151428223,,
4,17079,0.8800796866416931,1.8590030670166016,,
4,17089,0.9152536988258362,1.132776141166687,,
4,17099,0.8346990942955017,0.9553457498550415,,
4,17109,0.7972743511199951,1.0473370552062988,,
4,17119,0.902347207069397,1.2818069458007812,,
4,17129,0.8518341779708862,1.1029448509216309,,
4,17139,0.9552895426750183,1.2065820693969727,,
4,17149,0.9860931634902954,1.806525707244873,,
4,17159,0.754639208316803,0.9075816869735718,,
4,17169,1.0295491218566895,1.9482049942016602,,
4,17179,0.6625809669494629,0.6563107967376709,,
4,17189,0.7176817655563354,0.7856323719024658,,
4,17189,,,0.9100787043571472,1.3225022554397583
5,17199,1.007526159286499,1.2841830253601074,,
5,17209,0.7317119836807251,0.8348813652992249,,
5,17219,1.0661289691925049,1.8154845237731934,,
5,17229,0.884663999080658,1.2164740562438965,,
5,17239,1.155762791633606,2.1887969970703125,,
5,17249,0.9433771967887878,1.419196367263794,,
5,17259,1.0344300270080566,2.6894102096557617,,
5,17269,1.0194413661956787,1.4729974269866943,,
5,17279,0.8471869230270386,0.9708415865898132,,
5,17289,0.9044938087463379,1.2248350381851196,,
5,17299,0.8741068840026855,1.125838279724121,,
5,17309,0.9503205418586731,1.278221607208252,,
5,17319,0.8996255397796631,1.2124850749969482,,
5,17329,0.8271750807762146,0.9523534178733826,,
5,17339,0.9663069844245911,1.364488124847412,,
5,17349,0.8682278990745544,1.202143907546997,,
5,17359,0.8334149122238159,1.100719928741455,,
5,17369,0.9409804344177246,1.2490708827972412,,
5,17379,1.0119935274124146,1.5234167575836182,,
5,17389,0.9747338891029358,1.5848475694656372,,
5,17399,0.7092349529266357,0.792105495929718,,
5,17409,0.8614230751991272,1.1160920858383179,,
5,17419,1.00422203540802,1.4464914798736572,,
5,17429,0.8091239929199219,1.0307276248931885,,
5,17439,0.787626326084137,0.9318673610687256,,
5,17449,0.9341015219688416,1.283402681350708,,
5,17459,0.8451868295669556,0.9759110808372498,,
5,17469,0.8428146839141846,1.028688669204712,,
5,17479,1.0074604749679565,1.5288864374160767,,
5,17489,0.981198787689209,1.298839807510376,,
5,17499,0.9101243019104004,1.2876343727111816,,
5,17509,0.8387094140052795,1.1460661888122559,,
5,17519,0.8740851283073425,1.042654275894165,,
5,17529,0.9222094416618347,1.2287853956222534,,
5,17539,1.092850923538208,1.7612760066986084,,
5,17549,0.9308162927627563,1.3501663208007812,,
5,17559,1.0548456907272339,1.6519768238067627,,
5,17569,0.8126981258392334,0.8808168172836304,,
5,17579,1.155597448348999,2.3404462337493896,,
5,17589,1.0107532739639282,1.5557096004486084,,
5,17599,1.2849645614624023,2.4174678325653076,,
5,17609,0.9841604828834534,1.8114306926727295,,
5,17619,0.8135887384414673,1.0665380954742432,,
5,17629,0.996292769908905,1.4593818187713623,,
5,17639,0.7295379638671875,0.8350193500518799,,
5,17649,1.0181232690811157,1.5645644664764404,,
5,17659,0.8782564997673035,1.225003719329834,,
5,17669,1.0637465715408325,1.4600117206573486,,
5,17679,0.7920635342597961,0.9785816669464111,,
5,17689,0.8611581325531006,1.0905742645263672,,
5,17699,0.6216957569122314,0.5532858967781067,,
5,17709,0.9101554155349731,1.2534496784210205,,
5,17719,0.8990558981895447,1.1624737977981567,,
5,17729,0.9045078754425049,1.2181861400604248,,
5,17739,0.7448040246963501,0.7993963956832886,,
5,17749,0.8728818893432617,1.1225500106811523,,
5,17759,1.0797039270401,1.6788156032562256,,
5,17769,0.722150981426239,0.8376853466033936,,
5,17779,1.1852385997772217,2.0007681846618652,,
5,17789,0.969575822353363,1.253055214881897,,
5,17799,1.003136396408081,1.6314111948013306,,
5,17809,1.0087262392044067,1.3496196269989014,,
5,17819,1.0530922412872314,1.7255198955535889,,
5,17829,0.9780513048171997,1.4391015768051147,,
5,17839,0.9591798186302185,1.4054235219955444,,
5,17849,1.0327969789505005,1.5851616859436035,,
5,17859,0.7380795478820801,1.3652836084365845,,
5,17869,0.7023026347160339,0.817396879196167,,
5,17879,0.901034951210022,1.2115782499313354,,
5,17889,0.8562453985214233,1.0280845165252686,,
5,17899,0.8537200093269348,1.1307780742645264,,
5,17909,0.9339330196380615,1.4199861288070679,,
5,17919,0.9731032252311707,1.3269208669662476,,
5,17929,0.7959622740745544,1.0990064144134521,,
5,17939,0.7808661460876465,1.0306774377822876,,
5,17949,0.9481204748153687,1.4534891843795776,,
5,17959,0.865368127822876,1.1746253967285156,,
5,17969,0.9425533413887024,1.390721321105957,,
5,17979,0.9805397391319275,1.3453329801559448,,
5,17989,0.8102056980133057,0.9967522025108337,,
5,17999,0.988050639629364,1.4941980838775635,,
5,18009,0.7912634611129761,0.8869084715843201,,
5,18019,0.806168258190155,1.0370116233825684,,
5,18029,1.0871248245239258,1.7098631858825684,,
5,18039,0.9041457176208496,1.269674301147461,,
5,18049,0.7031456232070923,0.8871435523033142,,
5,18059,0.8519285917282104,1.0232656002044678,,
5,18069,0.8672440648078918,1.254360318183899,,
5,18079,0.7366446256637573,0.7887986898422241,,
5,18089,1.0307464599609375,1.3283567428588867,,
5,18099,0.8836138248443604,1.4643795490264893,,
5,18109,0.9815992116928101,1.525627613067627,,
5,18119,0.8585295677185059,1.161268949508667,,
5,18129,0.9246087670326233,1.3380553722381592,,
5,18139,0.9026073813438416,1.2990301847457886,,
5,18149,0.9264043569564819,1.3781545162200928,,
5,18159,1.257938265800476,2.2244820594787598,,
5,18169,0.8092972636222839,1.1611570119857788,,
5,18179,1.0432631969451904,1.7312712669372559,,
5,18189,0.9953948855400085,1.5431032180786133,,
5,18199,0.7116978168487549,0.8988016247749329,,
5,18209,0.9006432890892029,1.2997877597808838,,
5,18219,0.7281841039657593,0.8142336010932922,,
5,18229,0.7271730303764343,0.980286717414856,,
5,18239,0.9867209196090698,1.3539057970046997,,
5,18249,1.0357072353363037,1.5978121757507324,,
5,18259,0.9578790068626404,1.562408685684204,,
5,18269,0.8922252058982849,1.083266258239746,,
5,18279,0.9197028875350952,1.1851139068603516,,
5,18289,0.9371089935302734,1.3785258531570435,,
5,18299,1.063636064529419,1.7701892852783203,,
5,18309,1.0321613550186157,1.8156934976577759,,
5,18319,0.8755629062652588,1.1528090238571167,,
5,18329,0.9207417964935303,1.3915164470672607,,
5,18339,0.9076493382453918,1.416401982307434,,
5,18349,1.0304436683654785,1.7070238590240479,,
5,18359,0.8644429445266724,1.18098783493042,,
5,18369,0.7676184177398682,0.8992109298706055,,
5,18379,0.6856498718261719,0.5907771587371826,,
5,18389,1.0157440900802612,1.5613144636154175,,
5,18399,1.068504810333252,1.4872663021087646,,
5,18409,0.9039366245269775,2.0395395755767822,,
5,18419,0.7621157169342041,0.9125076532363892,,
5,18429,0.8531710505485535,1.109459638595581,,
5,18439,0.8641573190689087,1.1073460578918457,,
5,18449,0.8584088087081909,1.0860365629196167,,
5,18459,0.7904773354530334,0.9633443355560303,,
5,18469,1.2472052574157715,2.0483434200286865,,
5,18479,0.8654911518096924,1.2872140407562256,,
5,18489,1.0257654190063477,1.411585807800293,,
5,18499,0.8650846481323242,1.127790927886963,,
5,18509,0.8405710458755493,1.0316096544265747,,
5,18519,0.8948660492897034,1.1609601974487305,,
5,18529,1.0397335290908813,1.5486971139907837,,
5,18539,1.1255054473876953,1.880881428718567,,
5,18549,1.0292152166366577,1.617006778717041,,
5,18559,1.0784586668014526,1.718900203704834,,
5,18569,0.9546557664871216,1.359837532043457,,
5,18579,1.050647497177124,1.6057713031768799,,
5,18589,1.0252926349639893,1.4225479364395142,,
5,18599,0.8471198081970215,1.2145720720291138,,
5,18609,0.7837119698524475,0.9364277124404907,,
5,18619,0.6866174936294556,0.7311922907829285,,
5,18629,0.8922664523124695,1.1986043453216553,,
5,18639,0.7891845703125,0.9378380179405212,,
5,18649,0.9125762581825256,1.1457266807556152,,
5,18659,0.6292436718940735,0.8100000619888306,,
5,18669,0.9147701263427734,1.186275839805603,,
5,18679,0.9331085085868835,1.327283501625061,,
5,18689,1.0139269828796387,1.4974825382232666,,
5,18699,0.8038041591644287,1.0530378818511963,,
5,18709,0.766432523727417,1.030139446258545,,
5,18719,0.8014795780181885,1.0856120586395264,,
5,18729,0.842657744884491,1.2297194004058838,,
5,18739,0.8264459371566772,1.0209922790527344,,
5,18749,1.0468173027038574,1.4912054538726807,,
5,18759,0.7520378828048706,1.0105674266815186,,
5,18769,0.8903762698173523,1.1194818019866943,,
5,18779,0.677478551864624,0.7221708297729492,,
5,18789,0.7930147051811218,0.978459894657135,,
5,18799,1.0451569557189941,1.6153783798217773,,
5,18809,0.9896348714828491,1.3668427467346191,,
5,18819,1.0383901596069336,1.4880958795547485,,
5,18829,0.8809708952903748,1.384831190109253,,
5,18839,0.9460805654525757,1.2162387371063232,,
5,18849,0.8491858243942261,0.986079216003418,,
5,18859,0.849994957447052,1.2079395055770874,,
5,18869,0.8739557862281799,1.0364506244659424,,
5,18879,0.9781448841094971,1.3781101703643799,,
5,18889,0.9015789031982422,1.2628605365753174,,
5,18899,0.9234521389007568,1.261502981185913,,
5,18909,1.0059138536453247,1.8544842004776,,
5,18919,1.1005815267562866,1.7929580211639404,,
5,18929,0.8761215806007385,1.0937550067901611,,
5,18939,0.9761502742767334,1.3698642253875732,,
5,18949,0.9682372808456421,1.3339014053344727,,
5,18959,0.9325233697891235,1.4160341024398804,,
5,18969,0.6958231925964355,0.7238787412643433,,
5,18979,1.0567293167114258,1.7363638877868652,,
5,18989,1.140067458152771,1.9507216215133667,,
5,18999,0.7557054758071899,0.9536361694335938,,
5,19009,1.0820822715759277,1.7371447086334229,,
5,19019,0.7757546901702881,1.0172264575958252,,
5,19029,0.9316561222076416,1.440040111541748,,
5,19039,1.0627447366714478,1.613959550857544,,
5,19049,0.7642382383346558,0.9961203336715698,,
5,19059,0.8252742886543274,0.9723286628723145,,
5,19069,0.8724924325942993,2.146984100341797,,
5,19079,1.0190894603729248,1.623226523399353,,
5,19089,0.9231589436531067,1.228124976158142,,
5,19099,1.1444776058197021,1.7637279033660889,,
5,19109,0.7810045480728149,0.9696055054664612,,
5,19119,0.9099251627922058,1.2640767097473145,,
5,19129,1.1601676940917969,1.8137540817260742,,
5,19139,0.7591902613639832,0.8493832349777222,,
5,19149,0.9067425727844238,1.1943410634994507,,
5,19159,0.8286961317062378,1.0575324296951294,,
5,19169,0.8891962766647339,1.1936413049697876,,
5,19179,0.9118671417236328,1.4315612316131592,,
5,19189,0.8646645545959473,1.7598814964294434,,
5,19199,0.9937049150466919,1.3905754089355469,,
5,19209,0.9179351329803467,1.2907283306121826,,
5,19219,0.8438373804092407,1.3560892343521118,,
5,19229,0.7574986219406128,0.9547867774963379,,
5,19239,0.7657277584075928,0.9428069591522217,,
5,19249,0.9756739139556885,1.4689300060272217,,
5,19259,0.950452446937561,1.6209790706634521,,
5,19269,0.8935338258743286,1.1697347164154053,,
5,19279,0.9649927616119385,1.7324110269546509,,
5,19289,0.7931724786758423,1.0457395315170288,,
5,19299,0.9924198389053345,1.7096693515777588,,
5,19309,0.6624606251716614,0.6968674659729004,,
5,19319,1.1156058311462402,1.9784276485443115,,
5,19329,1.0249660015106201,1.673079252243042,,
5,19339,1.0078957080841064,1.467366099357605,,
5,19349,0.7978364825248718,1.0152688026428223,,
5,19359,0.8827474117279053,1.1559710502624512,,
5,19369,0.9721068143844604,1.413708209991455,,
5,19379,1.0809078216552734,1.6673072576522827,,
5,19389,0.8983880281448364,1.2195050716400146,,
5,19399,0.9153298735618591,1.1388291120529175,,
5,19409,0.8385645747184753,0.9891479015350342,,
5,19419,0.8840367794036865,1.1581201553344727,,
5,19429,1.0176360607147217,1.7260119915008545,,
5,19439,0.7645621299743652,0.9215369820594788,,
5,19449,0.6340734958648682,0.6822545528411865,,
5,19459,0.9473841190338135,1.3051433563232422,,
5,19469,1.0150258541107178,1.4361027479171753,,
5,19479,0.9773370623588562,1.4165983200073242,,
5,19489,0.8451507091522217,1.115217924118042,,
5,19499,0.9788975119590759,1.4495128393173218,,
5,19509,1.1001548767089844,1.8143939971923828,,
5,19519,0.9208385944366455,1.232297658920288,,
5,19529,0.8791909217834473,1.1289705038070679,,
5,19539,0.8523634672164917,1.1267541646957397,,
5,19549,0.8061935901641846,1.0073626041412354,,
5,19559,0.7812467813491821,0.9571750164031982,,
5,19569,0.9365749955177307,1.3522703647613525,,
5,19579,0.7272143363952637,0.8186901211738586,,
5,19589,0.7376898527145386,0.9205771088600159,,
5,19599,0.825014591217041,0.9558037519454956,,
5,19609,0.9420965313911438,1.335957646369934,,
5,19619,0.9634649157524109,1.4466924667358398,,
5,19629,0.913461446762085,1.2064920663833618,,
5,19639,0.902174174785614,1.392075538635254,,
5,19649,0.8419243097305298,1.1191987991333008,,
5,19659,0.902073323726654,1.2759402990341187,,
5,19669,1.0897977352142334,2.0718536376953125,,
5,19679,0.9673401713371277,1.3623669147491455,,
5,19689,0.701847493648529,0.7678096890449524,,
5,19699,0.9757506847381592,1.32673978805542,,
5,19709,1.0991663932800293,1.7871568202972412,,
5,19719,0.7894582748413086,1.0577069520950317,,
5,19729,1.0206756591796875,1.4521541595458984,,
5,19739,0.9419904947280884,1.222572922706604,,
5,19749,1.0675873756408691,1.6626040935516357,,
5,19759,0.9051921367645264,1.3366752862930298,,
5,19769,1.0348265171051025,1.4363162517547607,,
5,19779,0.916863203048706,1.3032166957855225,,
5,19789,0.8270723223686218,1.0573947429656982,,
5,19799,0.921485185623169,1.1192615032196045,,
5,19809,0.6194766759872437,0.7329920530319214,,
5,19819,0.8509081602096558,0.9466586709022522,,
5,19829,0.7475435733795166,0.9748544692993164,,
5,19839,0.8717397451400757,1.2049095630645752,,
5,19849,0.9746252298355103,1.4461721181869507,,
5,19859,0.9377062320709229,1.2719523906707764,,
5,19869,1.0210075378417969,1.6381525993347168,,
5,19879,0.4834664463996887,0.44925457239151,,
5,19889,1.0075123310089111,1.3774116039276123,,
5,19899,0.8696573972702026,1.5019959211349487,,
5,19909,0.8633058071136475,1.2927978038787842,,
5,19919,0.801232099533081,1.0578932762145996,,
5,19929,0.7880022525787354,0.9867762327194214,,
5,19939,0.9872661232948303,1.9231685400009155,,
5,19949,1.1650846004486084,1.8318562507629395,,
5,19959,0.854250967502594,1.014797568321228,,
5,19969,0.8401119709014893,1.2010512351989746,,
5,19979,1.1327190399169922,1.7640961408615112,,
5,19989,0.7774944305419922,0.911332368850708,,
5,19999,0.9280836582183838,1.2449936866760254,,
5,20009,0.7618855834007263,0.8080608248710632,,
5,20019,0.9896755218505859,1.574234127998352,,
5,20029,0.8015842437744141,0.9955243468284607,,
5,20039,0.902246356010437,1.115808367729187,,
5,20049,0.8947674036026001,1.217800498008728,,
5,20059,1.0707333087921143,1.6145594120025635,,
5,20069,1.0482600927352905,1.4461041688919067,,
5,20079,0.8948044776916504,1.195511817932129,,
5,20089,1.0018441677093506,1.555478811264038,,
5,20099,0.9238055944442749,1.5574252605438232,,
5,20109,0.7730541825294495,0.9367905855178833,,
5,20119,0.7456095814704895,0.8585891723632812,,
5,20129,0.9817585945129395,1.36164128780365,,
5,20139,0.8726514577865601,1.1556495428085327,,
5,20149,1.1425457000732422,2.455266237258911,,
5,20159,0.7469733953475952,0.8543034791946411,,
5,20169,0.9063231348991394,1.3107092380523682,,
5,20179,1.0330816507339478,1.8090472221374512,,
5,20189,0.9775314331054688,1.4738070964813232,,
5,20199,0.979078471660614,1.4751055240631104,,
5,20209,0.9547724723815918,1.2850773334503174,,
5,20219,0.9926780462265015,1.6995348930358887,,
5,20229,0.8490200042724609,1.0915294885635376,,
5,20239,0.9150770306587219,1.4193099737167358,,
5,20249,1.0025975704193115,1.365204095840454,,
5,20259,0.8526309728622437,1.1127345561981201,,
5,20269,1.0120763778686523,1.404895305633545,,
5,20279,0.8301668167114258,1.054790735244751,,
5,20289,0.8102198243141174,0.9638278484344482,,
5,20299,0.9906888604164124,1.3518564701080322,,
5,20309,0.773917555809021,0.9882409572601318,,
5,20319,0.9060128927230835,1.4215922355651855,,
5,20329,0.9157790541648865,1.6233888864517212,,
5,20339,0.6986728310585022,0.7672286629676819,,
5,20349,0.8419404029846191,1.1193205118179321,,
5,20359,0.7373981475830078,1.007480502128601,,
5,20369,1.1528327465057373,2.295693874359131,,
5,20379,0.957938015460968,1.4361906051635742,,
5,20389,0.9869364500045776,1.5563294887542725,,
5,20399,0.7747365832328796,0.8179526329040527,,
5,20409,0.810937762260437,1.3764896392822266,,
5,20419,0.8087276220321655,0.94261634349823,,
5,20429,0.8942028284072876,1.2388637065887451,,
5,20439,0.9725090861320496,1.7567386627197266,,
5,20449,1.055645227432251,1.7841953039169312,,
5,20459,1.028047800064087,1.3860881328582764,,
5,20469,0.8634511828422546,1.0407445430755615,,
5,20479,0.9606061577796936,1.4657819271087646,,
5,20489,1.0208921432495117,1.5403468608856201,,
5,20499,0.8296187520027161,1.1115853786468506,,
5,20509,1.0825703144073486,1.7198331356048584,,
5,20519,0.7582387924194336,1.0074443817138672,,
5,20529,1.1264865398406982,2.0786919593811035,,
5,20539,0.8337657451629639,0.9516441822052002,,
5,20549,0.990219235420227,1.6349518299102783,,
5,20559,0.7776649594306946,1.0047434568405151,,
5,20569,0.8565932512283325,1.2054508924484253,,
5,20579,0.8168777823448181,1.2482860088348389,,
5,20589,0.9845046997070312,1.3374285697937012,,
5,20599,0.8158588409423828,0.9392445087432861,,
5,20609,0.8366810083389282,1.0866708755493164,,
5,20619,0.818963885307312,1.0374243259429932,,
5,20627,,,0.9110365509986877,1.3235129117965698
6,20629,1.0862187147140503,1.618844985961914,,
6,20639,0.8226711750030518,1.081122875213623,,
6,20649,0.9820952415466309,1.365559458732605,,
6,20659,0.8831070065498352,1.264211654663086,,
6,20669,0.9639351963996887,1.770328402519226,,
6,20679,1.0476641654968262,1.673832654953003,,
6,20689,0.792721152305603,0.8982023000717163,,
6,20699,0.9099608659744263,1.2909393310546875,,
6,20709,0.9610781073570251,1.3905773162841797,,
6,20719,1.0624287128448486,1.7402939796447754,,
6,20729,1.0947141647338867,1.7155003547668457,,
6,20739,0.6548382043838501,0.7046794891357422,,
6,20749,0.7360212206840515,1.028761625289917,,
6,20759,0.8505995273590088,1.135922908782959,,
6,20769,0.9088827967643738,1.2217042446136475,,
6,20779,0.987995982170105,1.7214787006378174,,
6,20789,1.056140661239624,1.5821475982666016,,
6,20799,0.9436213970184326,1.401165246963501,,
6,20809,0.7953648567199707,1.072647213935852,,
6,20819,1.0104032754898071,1.5798786878585815,,
6,20829,0.6734445095062256,0.8412820100784302,,
6,20839,0.8935011625289917,1.1608238220214844,,
6,20849,0.9495537281036377,1.3169559240341187,,
6,20859,0.90134596824646,1.1381199359893799,,
6,20869,0.9556866884231567,1.3651390075683594,,
6,20879,0.9896652698516846,1.6883594989776611,,
6,20889,0.9409803748130798,1.3446788787841797,,
6,20899,0.8642115592956543,1.1216814517974854,,
6,20909,0.9087231159210205,1.1974451541900635,,
6,20919,0.8606637716293335,1.0381855964660645,,
6,20929,0.7437314391136169,0.9534004926681519,,
6,20939,0.9986233115196228,1.732911229133606,,
6,20949,1.0040225982666016,1.7031043767929077,,
6,20959,1.0370702743530273,1.468126654624939,,
6,20969,0.9220453500747681,1.3465611934661865,,
6,20979,0.8180580735206604,1.0354043245315552,,
6,20989,0.9627625942230225,1.526483416557312,,
6,20999,0.8422925472259521,1.047510027885437,,
6,21009,0.8766188025474548,1.1931853294372559,,
6,21019,0.9995192885398865,1.5044258832931519,,
6,21029,0.9772769212722778,1.5306994915008545,,
6,21039,0.9354599714279175,1.2931445837020874,,
6,21049,0.8771196603775024,1.0888299942016602,,
6,21059,0.777005136013031,1.0152581930160522,,
6,21069,1.0084723234176636,1.9356837272644043,,
6,21079,1.05214524269104,1.660296082496643,,
6,21089,0.8169903755187988,1.0183137655258179,,
6,21099,0.6837329864501953,0.7493181228637695,,
6,21109,0.8573482632637024,1.2677698135375977,,
6,21119,1.1191306114196777,1.7434866428375244,,
6,21129,0.8144451975822449,0.9415883421897888,,
6,21139,0.9856183528900146,1.5384678840637207,,
6,21149,1.088334560394287,2.5872750282287598,,
6,21159,0.883575975894928,1.2432376146316528,,
6,21169,0.9249167442321777,1.2708771228790283,,
6,21179,0.9374227523803711,1.528749942779541,,
6,21189,0.7932103872299194,0.9532874226570129,,
6,21199,1.0731698274612427,1.6090750694274902,,
6,21209,0.9284560680389404,1.3015350103378296,,
6,21219,0.9257052540779114,1.6332948207855225,,
6,21229,1.029571294784546,1.526408314704895,,
6,21239,0.6493563652038574,0.6763875484466553,,
6,21249,0.9325796961784363,1.1905157566070557,,
6,21259,0.8425130844116211,1.1631543636322021,,
6,21269,0.9745574593544006,1.2959541082382202,,
6,21279,0.7882891893386841,0.9155977964401245,,
6,21289,0.8496031761169434,1.1800220012664795,,
6,21299,0.8547981381416321,1.1366395950317383,,
6,21309,0.9940211772918701,1.4211061000823975,,
6,21319,0.9574528932571411,1.553227424621582,,
6,21329,0.8442312479019165,1.1790999174118042,,
6,21339,0.9217439889907837,1.2759441137313843,,
6,21349,1.1174306869506836,1.686763882637024,,
6,21359,0.9208763837814331,1.3997516632080078,,
6,21369,0.8359671235084534,1.1851967573165894,,
6,21379,0.8658463358879089,1.28340482711792,,
6,21389,0.8571728467941284,1.1014809608459473,,
6,21399,0.9348862767219543,1.5058709383010864,,
6,21409,0.7736817002296448,0.916675865650177,,
6,21419,0.8490296602249146,1.243516445159912,,
6,21429,0.8896520733833313,1.2137250900268555,,
6,21439,0.8815392851829529,1.2072603702545166,,
6,21449,0.884708821773529,1.0638527870178223,,
6,21459,0.9067050218582153,1.238314151763916,,
6,21469,0.8993772268295288,1.3233091831207275,,
6,21479,0.9298370480537415,1.2943243980407715,,
6,21489,1.0047523975372314,1.678328514099121,,
6,21499,0.7795828580856323,0.8780272006988525,,
6,21509,0.7986133098602295,1.1186540126800537,,
6,21519,1.00800621509552,1.4820290803909302,,
6,21529,1.019782543182373,1.5753650665283203,,
6,21539,0.922121524810791,1.1811679601669312,,
6,21549,0.8215571641921997,1.1699326038360596,,
6,21559,0.7414599657058716,0.8694279789924622,,
6,21569,1.081099271774292,1.506359338760376,,
6,21579,1.1238858699798584,2.0428707599639893,,
6,21589,1.0544581413269043,1.5900180339813232,,
6,21599,1.163934588432312,1.9712002277374268,,
6,21609,1.1393427848815918,1.933305025100708,,
6,21619,0.9016076326370239,1.1674656867980957,,
6,21629,0.8796417713165283,1.151855230331421,,
6,21639,0.7793707847595215,0.7626752853393555,,
6,21649,0.8529700040817261,1.2126576900482178,,
6,21659,0.8364624381065369,0.9661447405815125,,
6,21669,1.0059645175933838,1.645857810974121,,
6,21679,0.7884885668754578,1.0405609607696533,,
6,21689,0.879131019115448,1.0988980531692505,,
6,21699,0.8661767244338989,1.2715246677398682,,
6,21709,1.1177473068237305,1.8541797399520874,,
6,21719,0.8550710082054138,1.2906889915466309,,
6,21729,0.8214667439460754,0.9652378559112549,,
6,21739,0.9884290099143982,1.356687307357788,,
6,21749,0.7209249138832092,0.9259850382804871,,
6,21759,0.8503785133361816,1.0015873908996582,,
6,21769,1.0317341089248657,1.6956034898757935,,
6,21779,0.7124125361442566,0.7496151328086853,,
6,21789,0.8207293748855591,1.0920569896697998,,
6,21799,0.7269091010093689,0.7127063870429993,,
6,21809,1.1345515251159668,2.231998920440674,,
6,21819,1.1106373071670532,1.8655107021331787,,
6,21829,0.9235547780990601,1.152043104171753,,
6,21839,0.9332441687583923,1.2249631881713867,,
6,21849,1.021885633468628,2.1907730102539062,,
6,21859,0.8683022260665894,1.1434974670410156,,
6,21869,1.1762677431106567,1.8530170917510986,,
6,21879,1.1179254055023193,1.7406187057495117,,
6,21889,0.9597396850585938,1.6774137020111084,,
6,21899,0.9042840003967285,1.2740354537963867,,
6,21909,0.9952041506767273,1.4466372728347778,,
6,21919,0.7956189513206482,0.9693618416786194,,
6,21929,1.006764531135559,1.420257568359375,,
6,21939,1.0704121589660645,1.9216845035552979,,
6,21949,0.8613932132720947,1.1133404970169067,,
6,21959,0.8048197031021118,1.064802646636963,,
6,21969,0.8707705736160278,1.1388342380523682,,
6,21979,0.925536572933197,1.0697364807128906,,
6,21989,0.8364142179489136,0.989883542060852,,
6,21999,1.0390675067901611,1.6488606929779053,,
6,22009,0.9336893558502197,1.5664567947387695,,
6,22019,0.9272306561470032,1.3314875364303589,,
6,22029,0.7451727390289307,0.8554463386535645,,
6,22039,1.1305108070373535,2.2240357398986816,,
6,22049,0.7361746430397034,0.9806220531463623,,
6,22059,0.9771192669868469,1.7653528451919556,,
6,22069,1.0500783920288086,1.587620735168457,,
6,22079,1.0282368659973145,1.392354130744934,,
6,22089,1.1466286182403564,1.818293809890747,,
6,22099,0.820137083530426,1.2324271202087402,,
6,22109,0.6491292715072632,0.7202723026275635,,
6,22119,0.8694932460784912,1.1702336072921753,,
6,22129,0.8089349269866943,0.9537166357040405,,
6,22139,1.0619392395019531,1.7766220569610596,,
6,22149,0.7460193037986755,0.7261886596679688,,
6,22159,1.049057960510254,1.6270461082458496,,
6,22169,0.8388117551803589,0.9513815641403198,,
6,22179,0.9156497716903687,1.173344612121582,,
6,22189,1.0282013416290283,1.7406437397003174,,
6,22199,0.8914291262626648,1.304535150527954,,
6,22209,0.9613722562789917,1.184535026550293,,
6,22219,0.7611735463142395,0.9153263568878174,,
6,22229,0.6663507223129272,0.6119626760482788,,
6,22239,0.9423612952232361,1.4435911178588867,,
6,22249,0.8966637253761292,1.2439029216766357,,
6,22259,1.0627270936965942,1.8223865032196045,,
6,22269,0.8760254979133606,1.2915151119232178,,
6,22279,0.8120194673538208,1.1208527088165283,,
6,22289,1.0723528861999512,2.3851046562194824,,
6,22299,0.7842908501625061,0.8299059271812439,,
6,22309,0.961203932762146,1.2938274145126343,,
6,22319,0.8963216543197632,1.1874148845672607,,
6,22329,0.9910743832588196,1.513205885887146,,
6,22339,0.8201072216033936,0.9405786991119385,,
6,22349,0.9619167447090149,1.3933863639831543,,
6,22359,0.7933883666992188,1.0488886833190918,,
6,22369,0.8393036127090454,0.9764771461486816,,
6,22379,0.8471246957778931,1.1635143756866455,,
6,22389,0.8672312498092651,1.1941335201263428,,
6,22399,1.0424902439117432,1.5082732439041138,,
6,22409,0.90436851978302,1.2955601215362549,,
6,22419,0.7723722457885742,0.9147176742553711,,
6,22429,1.325307846069336,8.382588386535645,,
6,22439,0.9737722277641296,1.288584589958191,,
6,22449,0.8695604801177979,1.1527860164642334,,
6,22459,0.7975397109985352,0.9677042961120605,,
6,22469,0.9633857011795044,1.3341150283813477,,
6,22479,0.9699261784553528,1.5987622737884521,,
6,22489,0.7416316866874695,0.7991964817047119,,
6,22499,0.7227259874343872,0.7965120673179626,,
6,22509,0.7402169704437256,0.7228496074676514,,
6,22519,0.8960524201393127,1.3645920753479004,,
6,22529,1.0372182130813599,1.8512940406799316,,
6,22539,0.853506326675415,1.1295063495635986,,
6,22549,1.1214045286178589,1.97633957862854,,
6,22559,0.969779908657074,1.488537311553955,,
6,22569,0.9772912263870239,1.3273992538452148,,
6,22579,0.8419767618179321,1.2669345140457153,,
6,22589,0.8345853686332703,1.0817251205444336,,
6,22599,0.7383569478988647,0.8481298685073853,,
6,22609,0.877697765827179,1.2098197937011719,,
6,22619,0.999834418296814,1.5908875465393066,,
6,22629,0.9297434091567993,1.404270887374878,,
6,22639,0.7863729596138,1.1033201217651367,,
6,22649,0.9968032240867615,1.421002745628357,,
6,22659,0.7546424865722656,0.9196512699127197,,
6,22669,0.7174259424209595,0.9334685206413269,,
6,22679,1.008726716041565,1.6436712741851807,,
6,22689,0.962443470954895,1.671776533126831,,
6,22699,1.091153621673584,1.8741366863250732,,
6,22709,0.8320233821868896,1.1161775588989258,,
6,22719,1.0890476703643799,2.1800308227539062,,
6,22729,1.0695059299468994,1.7185548543930054,,
6,22739,1.1716206073760986,2.2954626083374023,,
6,22749,0.7413806915283203,0.9606415033340454,,
6,22759,0.6704564094543457,0.7643898725509644,,
6,22769,0.738228440284729,0.8849757313728333,,
6,22779,1.0652451515197754,1.7805569171905518,,
6,22789,0.9586342573165894,1.3664416074752808,,
6,22799,1.0331766605377197,1.659834861755371,,
6,22809,0.883973240852356,1.2676522731781006,,
6,22819,1.0919716358184814,1.642907977104187,,
6,22829,0.9710069894790649,1.612716555595398,,
6,22839,0.8217853903770447,1.0407447814941406,,
6,22849,0.7867028117179871,0.9653515219688416,,
6,22859,0.942298412322998,1.3926186561584473,,
6,22869,0.857046365737915,1.0802947282791138,,
6,22879,0.9602747559547424,1.3660026788711548,,
6,22889,1.0271413326263428,1.3982824087142944,,
6,22899,0.963520348072052,1.2593765258789062,,
6,22909,1.1825835704803467,2.314319133758545,,
6,22919,0.7121039628982544,0.8025885820388794,,
6,22929,0.7899327874183655,0.9211918115615845,,
6,22939,1.100588083267212,1.9076364040374756,,
6,22949,1.0558137893676758,1.6671903133392334,,
6,22959,1.0455974340438843,1.5296685695648193,,
6,22969,0.8500564098358154,1.1142982244491577,,
6,22979,0.9414914846420288,1.374314546585083,,
6,22989,1.037179708480835,1.757864236831665,,
6,22999,0.8578702211380005,1.0269038677215576,,
6,23009,0.9287267923355103,1.211984634399414,,
6,23019,0.9130446910858154,1.2232071161270142,,
6,23029,0.758216381072998,0.7765792608261108,,
6,23039,0.8060587644577026,1.0833381414413452,,
6,23049,0.9985822439193726,1.6287016868591309,,
6,23059,0.9470615983009338,1.275749683380127,,
6,23069,1.1408724784851074,2.109764337539673,,
6,23079,0.9277610182762146,1.2145695686340332,,
6,23089,0.9760987758636475,1.3912103176116943,,
6,23099,0.8897114992141724,1.1529521942138672,,
6,23109,0.6994370222091675,0.7538912296295166,,
6,23119,0.863170325756073,0.9431007504463196,,
6,23129,0.9780822396278381,1.4631538391113281,,
6,23139,0.9449918270111084,1.1757440567016602,,
6,23149,0.7944732904434204,0.9244937300682068,,
6,23159,0.886630654335022,1.2246149778366089,,
6,23169,0.8894790410995483,1.3631442785263062,,
6,23179,0.8004923462867737,1.0516308546066284,,
6,23189,0.8728983402252197,1.3563446998596191,,
6,23199,0.8821358680725098,1.2956185340881348,,
6,23209,0.7620366811752319,1.0018075704574585,,
6,23219,0.7280765771865845,0.8542836308479309,,
6,23229,0.8092702627182007,0.925197422504425,,
6,23239,0.9015374183654785,1.338193655014038,,
6,23249,0.6407179832458496,0.6449403166770935,,
6,23259,0.9988634586334229,1.4927637577056885,,
6,23269,1.091517686843872,3.15781307220459,,
6,23279,0.8680462837219238,1.1014599800109863,,
6,23289,1.0014410018920898,1.699323296546936,,
6,23299,1.0481956005096436,1.6457550525665283,,
6,23309,0.986675500869751,1.3736615180969238,,
6,23319,0.9078131914138794,1.3757612705230713,,
6,23329,0.9047467708587646,1.207258701324463,,
6,23339,0.8693857192993164,1.0953965187072754,,
6,23349,0.833620548248291,0.9870845079421997,,
6,23359,0.8350993394851685,1.1099523305892944,,
6,23369,0.883939802646637,1.0865449905395508,,
6,23379,0.9549216032028198,1.3914031982421875,,
6,23389,0.7280372381210327,0.9190880060195923,,
6,23399,0.995825469493866,1.3915605545043945,,
6,23409,0.8885784149169922,1.248619556427002,,
6,23419,0.9745446443557739,1.3934099674224854,,
6,23429,0.9676699042320251,1.3846977949142456,,
6,23439,0.9704999923706055,1.5337172746658325,,
6,23449,0.9673606157302856,1.5141191482543945,,
6,23459,0.9063332676887512,1.3662662506103516,,
6,23469,0.81436687707901,0.9437823295593262,,
6,23479,0.9741979241371155,1.5379009246826172,,
6,23489,0.8109909296035767,1.2350692749023438,,
6,23499,1.05975341796875,2.0510120391845703,,
6,23509,0.8336191177368164,1.062648057937622,,
6,23519,0.5945676565170288,0.6364437341690063,,
6,23529,0.9194375276565552,1.1449944972991943,,
6,23539,0.7429419755935669,0.6974021196365356,,
6,23549,0.9537696242332458,1.3684494495391846,,
6,23559,1.0259300470352173,1.431376338005066,,
6,23569,0.92505943775177,1.2193299531936646,,
6,23579,0.8852797150611877,1.2865633964538574,,
6,23589,0.9739595651626587,1.6767674684524536,,
6,23599,0.8560798764228821,1.0996887683868408,,
6,23609,0.8473224639892578,1.0484451055526733,,
6,23619,0.7770794630050659,1.1670825481414795,,
6,23629,0.8234680891036987,0.9020643830299377,,
6,23639,1.1631009578704834,1.7563645839691162,,
6,23649,0.8869609832763672,1.2433775663375854,,
6,23659,1.04093337059021,1.5284905433654785,,
6,23669,0.726900577545166,0.9054911136627197,,
6,23679,0.9096850156784058,1.3306505680084229,,
6,23689,0.8471246957778931,1.154583215713501,,
6,23699,0.7953366041183472,1.1223225593566895,,
6,23709,0.8970471620559692,1.1190478801727295,,
6,23719,1.1933101415634155,2.0806725025177,,
6,23729,1.1209388971328735,1.9363648891448975,,
6,23739,0.9328118562698364,1.3436336517333984,,
6,23749,0.7989482879638672,0.9847220182418823,,
6,23759,0.993862509727478,1.4263406991958618,,
6,23769,0.9737645983695984,1.441080093383789,,
6,23779,0.9641626477241516,1.1860923767089844,,
6,23789,0.8716069459915161,1.2180514335632324,,
6,23799,1.036202311515808,1.4005013704299927,,
6,23809,0.8886096477508545,1.1403193473815918,,
6,23819,0.9178544282913208,1.135006070137024,,
6,23829,0.8713347911834717,1.170865535736084,,
6,23839,0.9034900069236755,1.3809373378753662,,
6,23849,0.9892163872718811,1.6033763885498047,,
6,23859,1.2084598541259766,2.0326614379882812,,
6,23869,0.8852282166481018,1.3007326126098633,,
6,23879,0.8055728673934937,0.9738718271255493,,
6,23889,0.934185802936554,1.2463798522949219,,
6,23899,0.8495973348617554,1.2349441051483154,,
6,23909,0.8160709142684937,0.9299120903015137,,
6,23919,0.8747326135635376,1.3889371156692505,,
6,23929,0.916990339756012,1.2914029359817505,,
6,23939,0.7688201665878296,0.931923508644104,,
6,23949,0.8225537538528442,1.0120481252670288,,
6,23959,1.009743571281433,1.7265502214431763,,
6,23969,1.0277299880981445,2.018503189086914,,
6,23979,0.9416964054107666,1.2995699644088745,,
6,23989,0.8051701784133911,0.9703397750854492,,
6,23999,0.8951995968818665,1.2865973711013794,,
6,24009,1.1267811059951782,1.855931282043457,,
6,24019,0.8059168457984924,1.0250849723815918,,
6,24029,0.9897276163101196,1.454117774963379,,
6,24039,0.8380860090255737,1.085909128189087,,
6,24049,1.0101486444473267,1.5757330656051636,,
6,24059,0.9282240867614746,1.359963297843933,,
6,24065,,,0.9113354682922363,1.323830246925354
7,24069,1.0151199102401733,1.5558795928955078,,
7,24079,0.9888488054275513,1.563535451889038,,
7,24089,0.7031245231628418,0.9038718938827515,,
7,24099,0.8334903120994568,1.1361877918243408,,
7,24109,0.8622589111328125,1.0165976285934448,,
7,24119,0.9179868698120117,1.1840624809265137,,
7,24129,0.7937499284744263,0.8491684794425964,,
7,24139,0.9591012597084045,1.422942876815796,,
7,24149,1.0481048822402954,1.6462750434875488,,
7,24159,1.1054418087005615,1.670672059059143,,
7,24169,1.0686683654785156,3.2765848636627197,,
7,24179,1.0385712385177612,1.5042316913604736,,
7,24189,0.8302861452102661,1.137995958328247,,
7,24199,0.9974554777145386,2.1393754482269287,,
7,24209,0.8984576463699341,1.2103750705718994,,
7,24219,1.113309383392334,1.9533530473709106,,
7,24229,1.0838346481323242,1.996495008468628,,
7,24239,1.118912696838379,2.0277605056762695,,
7,24249,0.8901397585868835,1.1794190406799316,,
7,24259,0.8622773289680481,1.1910197734832764,,
7,24269,0.7561987638473511,0.9739093780517578,,
7,24279,0.712791383266449,0.7450893521308899,,
7,24289,0.7164263725280762,0.8755052089691162,,
7,24299,0.900082528591156,1.0994783639907837,,
7,24309,0.6728511452674866,0.7505074739456177,,
7,24319,0.8261834979057312,0.9897863864898682,,
7,24329,1.0219643115997314,2.092164993286133,,
7,24339,0.9172351360321045,1.2117152214050293,,
7,24349,0.8521793484687805,1.1665494441986084,,
7,24359,0.8552238345146179,1.2066352367401123,,
7,24369,0.981658935546875,1.5599009990692139,,
7,24379,0.9464609622955322,1.1907682418823242,,
7,24389,0.9185806512832642,1.0952680110931396,,
7,24399,1.0113694667816162,1.6607046127319336,,
7,24409,1.2031877040863037,2.299508571624756,,
7,24419,0.8315763473510742,1.0956974029541016,,
7,24429,0.9016932249069214,1.600388526916504,,
7,24439,1.0039639472961426,1.3358327150344849,,
7,24449,0.8126646876335144,0.902484655380249,,
7,24459,0.7698221206665039,1.0835540294647217,,
7,24469,0.8698047995567322,1.1763811111450195,,
7,24479,0.9182530641555786,1.179211139678955,,
7,24489,0.8795835375785828,1.3721377849578857,,
7,24499,1.0697028636932373,1.9057023525238037,,
7,24509,0.8780512809753418,1.0544066429138184,,
7,24519,0.7254909873008728,1.009757161140442,,
7,24529,1.0721807479858398,1.9453383684158325,,
7,24539,0.8072373867034912,0.9460877180099487,,
7,24549,1.067575454711914,1.7024357318878174,,
7,24559,1.0112873315811157,1.8142318725585938,,
7,24569,0.6238160133361816,0.7469991445541382,,
7,24579,0.9393694400787354,1.5612910985946655,,
7,24589,0.7146395444869995,0.8978524208068848,,
7,24599,1.1340181827545166,1.6290069818496704,,
7,24609,0.8555877208709717,1.046976089477539,,
7,24619,0.8373966813087463,1.0818326473236084,,
7,24629,1.1034190654754639,2.0579421520233154,,
7,24639,0.9930416345596313,1.276573896408081,,
7,24649,0.7577022910118103,0.8435046672821045,,
7,24659,0.8703905940055847,1.1937205791473389,,
7,24669,0.9092854261398315,1.459718942642212,,
7,24679,0.716208815574646,0.8012830018997192,,
7,24689,0.8452401161193848,1.078494906425476,,
7,24699,0.8410239815711975,1.192719578742981,,
7,24709,0.749444842338562,0.9563220739364624,,
7,24719,0.7407097816467285,0.7473383545875549,,
7,24729,0.8036046028137207,0.9433335065841675,,
7,24739,0.8701117038726807,1.1745810508728027,,
7,24749,0.9767863750457764,1.3940391540527344,,
7,24759,0.9941145181655884,1.5631011724472046,,
7,24769,1.0408259630203247,1.5299839973449707,,
7,24779,1.0856026411056519,1.84779953956604,,
7,24789,1.0112347602844238,1.6409356594085693,,
7,24799,0.7486341595649719,0.8231726884841919,,
7,24809,0.9924938678741455,1.5703444480895996,,
7,24819,1.0958038568496704,1.7529323101043701,,
7,24829,0.8164000511169434,1.104748010635376,,
7,24839,0.811901330947876,1.0096131563186646,,
7,24849,0.9163241386413574,1.1873056888580322,,
7,24859,0.8522098660469055,1.1409310102462769,,
7,24869,0.8617343306541443,1.1152108907699585,,
7,24879,0.9109145402908325,1.3380709886550903,,
7,24889,1.0177109241485596,1.4421359300613403,,
7,24899,0.9155374765396118,1.19092857837677,,
7,24909,0.6832137107849121,0.7928115129470825,,
7,24919,0.9753313064575195,1.33687162399292,,
7,24929,0.95830899477005,1.5058777332305908,,
7,24939,0.9681490063667297,1.4230585098266602,,
7,24949,0.9293240904808044,1.3465975522994995,,
7,24959,0.8226156234741211,1.0704331398010254,,
7,24969,0.755922794342041,0.9291108250617981,,
7,24979,1.092463493347168,1.8869447708129883,,
7,24989,0.9489331245422363,1.4665884971618652,,
7,24999,0.937895655632019,1.8398816585540771,,
7,25009,0.821297824382782,0.9576938152313232,,
7,25019,0.693524181842804,0.7532505989074707,,
7,25029,0.7694576978683472,0.8202744722366333,,
7,25039,0.8309170007705688,0.9931715726852417,,
7,25049,0.8648151755332947,1.014716386795044,,
7,25059,0.8626489639282227,1.2000913619995117,,
7,25069,0.6696659922599792,0.7489500045776367,,
7,25079,0.7239774465560913,0.9188116788864136,,
7,25089,0.6948175430297852,0.7392005920410156,,
7,25099,1.0117145776748657,1.5841301679611206,,
7,25109,0.9812005758285522,1.9426496028900146,,
7,25119,0.9648710489273071,1.3311009407043457,,
7,25129,1.099626898765564,2.0022530555725098,,
7,25139,0.9192683100700378,1.1871910095214844,,
7,25149,0.7833112478256226,1.1247879266738892,,
7,25159,0.8079202175140381,1.0014369487762451,,
7,25169,0.8956149816513062,1.1927821636199951,,
7,25179,0.8751888275146484,1.0213801860809326,,
7,25189,0.8010769486427307,1.1826121807098389,,
7,25199,0.7352110147476196,1.025360345840454,,
7,25209,0.8554657697677612,1.0790504217147827,,
7,25219,0.9852905869483948,2.1470465660095215,,
7,25229,1.0417394638061523,1.720798373222351,,
7,25239,0.9787464141845703,1.4826295375823975,,
7,25249,0.9547169208526611,1.3401070833206177,,
7,25259,1.0618071556091309,1.7377638816833496,,
7,25269,1.0900020599365234,1.6215615272521973,,
7,25279,0.7897946834564209,0.9701530933380127,,
7,25289,0.9587653875350952,1.17678964138031,,
7,25299,0.7694215774536133,0.9124224185943604,,
7,25309,0.7278783321380615,0.8635209202766418,,
7,25319,0.893149733543396,1.2123198509216309,,
7,25329,0.9461525678634644,1.4224905967712402,,
7,25339,0.7842699289321899,1.0299127101898193,,
7,25349,0.9766932725906372,1.4235119819641113,,
7,25359,0.7747617959976196,1.0677205324172974,,
7,25369,0.7492160797119141,0.780144214630127,,
7,25379,0.8451804518699646,1.0859692096710205,,
7,25389,0.9073734283447266,1.3827431201934814,,
7,25399,0.9378583431243896,1.394442081451416,,
7,25409,0.811809241771698,1.2319860458374023,,
7,25419,0.8850858211517334,1.241154670715332,,
7,25429,0.9967746138572693,1.7883670330047607,,
7,25439,0.8120195269584656,1.0953028202056885,,
7,25449,0.8552972078323364,1.1949419975280762,,
7,25459,0.8525450229644775,1.1385687589645386,,
7,25469,0.9242715239524841,1.2564666271209717,,
7,25479,0.7387115955352783,0.7849605083465576,,
7,25489,0.9528958201408386,1.492720603942871,,
7,25499,0.9021148085594177,1.1960246562957764,,
7,25509,0.8016459941864014,1.039486289024353,,
7,25519,1.0490572452545166,1.6730890274047852,,
7,25529,1.08721125125885,1.810575246810913,,
7,25539,0.8939612507820129,1.1954269409179688,,
7,25549,0.8972558379173279,1.354367733001709,,
7,25559,1.0946052074432373,1.6235177516937256,,
7,25569,0.8828335404396057,1.0413426160812378,,
7,25579,1.0083911418914795,1.63072669506073,,
7,25589,0.9692808985710144,1.522399663925171,,
7,25599,0.8218106627464294,1.0061900615692139,,
7,25609,0.8579745888710022,1.151813268661499,,
7,25619,0.8186297416687012,1.052693486213684,,
7,25629,0.7501710057258606,0.852533221244812,,
7,25639,0.8936862945556641,1.1832072734832764,,
7,25649,0.7883756756782532,1.0014580488204956,,
7,25659,0.8444070219993591,1.530959129333496,,
7,25669,0.9940787553787231,2.290677785873413,,
7,25679,0.9681235551834106,1.4807651042938232,,
7,25689,0.8124072551727295,1.134122371673584,,
7,25699,0.6032521724700928,0.6415406465530396,,
7,25709,0.8174859881401062,1.1152223348617554,,
7,25719,0.9763057231903076,1.6031543016433716,,
7,25729,0.9300408363342285,1.3403010368347168,,
7,25739,0.7997768521308899,1.0155688524246216,,
7,25749,0.7436636686325073,0.9323208332061768,,
7,25759,0.9944542050361633,1.28171968460083,,
7,25769,0.863826334476471,1.046550989151001,,
7,25779,0.738052248954773,0.9535768628120422,,
7,25789,0.95842444896698,1.3118356466293335,,
7,25799,0.9107564091682434,1.2775416374206543,,
7,25809,0.8871029615402222,1.2559844255447388,,
7,25819,0.8816671371459961,1.2040308713912964,,
7,25829,0.9232861995697021,1.2713510990142822,,
7,25839,1.010475754737854,1.4794082641601562,,
7,25849,0.88801109790802,1.1337268352508545,,
7,25859,1.0011199712753296,1.3806501626968384,,
7,25869,1.1583261489868164,1.8243895769119263,,
7,25879,1.0399937629699707,1.5035724639892578,,
7,25889,0.9760663509368896,1.5191807746887207,,
7,25899,1.0071483850479126,1.460364818572998,,
7,25909,1.085411787033081,1.8537194728851318,,
7,25919,0.8810873031616211,1.217989206314087,,
7,25929,0.7261619567871094,0.7451956868171692,,
7,25939,1.0440640449523926,1.5806350708007812,,
7,25949,0.7722280025482178,1.0291309356689453,,
7,25959,0.9098713397979736,1.2983686923980713,,
7,25969,0.9931573867797852,1.60092294216156,,
7,25979,1.0500359535217285,1.6965277194976807,,
7,25989,0.8766250610351562,1.233860969543457,,
7,25999,0.9758336544036865,1.4563310146331787,,
7,26009,0.8851107358932495,1.160567045211792,,
7,26019,1.131375789642334,2.3070363998413086,,
7,26029,0.9065476655960083,1.3051555156707764,,
7,26039,0.9543450474739075,1.216768503189087,,
7,26049,1.1793791055679321,2.0328049659729004,,
7,26059,1.1022230386734009,1.7197260856628418,,
7,26069,1.0893125534057617,1.7045478820800781,,
7,26079,0.9287036657333374,1.5211775302886963,,
7,26089,1.0637822151184082,1.6041221618652344,,
7,26099,1.0260164737701416,1.4702446460723877,,
7,26109,1.0699604749679565,1.8559247255325317,,
7,26119,0.70768141746521,0.8024452924728394,,
7,26129,1.1114003658294678,1.6510106325149536,,
7,26139,0.932181179523468,1.4963748455047607,,
7,26149,1.0211753845214844,1.403710126876831,,
7,26159,0.7295511364936829,0.8718442916870117,,
7,26169,0.7275915145874023,0.8785502314567566,,
7,26179,1.0460193157196045,1.522853970527649,,
7,26189,0.8137711882591248,0.9780786633491516,,
7,26199,0.915958046913147,1.2552759647369385,,
7,26209,0.8035545945167542,0.9784014225006104,,
7,26219,1.0156936645507812,2.0057005882263184,,
7,26229,1.084846019744873,1.8498663902282715,,
7,26239,0.8540530204772949,1.2444469928741455,,
7,26249,0.8508027791976929,1.2298887968063354,,
7,26259,0.9873835444450378,1.383089303970337,,
7,26269,0.8932103514671326,1.161932349205017,,
7,26279,0.7619563341140747,0.8169346451759338,,
7,26289,0.9059553742408752,1.5045174360275269,,
7,26299,0.8855224847793579,1.368130087852478,,
7,26309,0.8683831691741943,1.0764256715774536,,
7,26319,0.7806670069694519,1.0273157358169556,,
7,26329,0.9214187264442444,1.276488184928894,,
7,26339,0.9745831489562988,1.1905560493469238,,
7,26349,0.7588871717453003,0.9075682163238525,,
7,26359,0.8606806397438049,1.062661051750183,,
7,26369,0.8252129554748535,1.1336525678634644,,
7,26379,0.7866138815879822,0.8884295225143433,,
7,26389,1.0292872190475464,1.5143475532531738,,
7,26399,0.7998952865600586,0.9224382638931274,,
7,26409,0.7661893367767334,0.9449524283409119,,
7,26419,1.0243933200836182,1.5433390140533447,,
7,26429,0.901844322681427,1.25556480884552,,
7,26439,0.8698849081993103,1.1298624277114868,,
7,26449,1.033989429473877,1.5013165473937988,,
7,26459,0.7855174541473389,1.0206269025802612,,
7,26469,0.7890533804893494,0.9477351307868958,,
7,26479,0.9526461958885193,1.3857707977294922,,
7,26489,1.0050872564315796,1.4557726383209229,,
7,26499,0.9626084566116333,1.4282221794128418,,
7,26509,0.9822030663490295,1.4329458475112915,,
7,26519,1.0933847427368164,2.050328016281128,,
7,26529,1.0030250549316406,1.3862627744674683,,
7,26539,0.764470100402832,0.9495699405670166,,
7,26549,0.9202659130096436,1.1435238122940063,,
7,26559,1.0137097835540771,1.4719425439834595,,
7,26569,1.0220365524291992,1.571125864982605,,
7,26579,1.0148258209228516,1.8211638927459717,,
7,26589,0.9951612949371338,1.4240989685058594,,
7,26599,0.8336294889450073,0.9277635216712952,,
7,26609,0.9881004095077515,1.637224793434143,,
7,26619,0.8843773603439331,1.4647330045700073,,
7,26629,0.9823734760284424,1.4666266441345215,,
7,26639,0.8772807121276855,1.3135526180267334,,
7,26649,0.9093883037567139,1.19952392578125,,
7,26659,0.679127037525177,0.7057971358299255,,
7,26669,0.6793477535247803,0.856273889541626,,
7,26679,0.890817403793335,1.198803424835205,,
7,26689,0.7843888998031616,0.9373703598976135,,
7,26699,0.9718838930130005,1.3847291469573975,,
7,26709,0.8296773433685303,1.0756232738494873,,
7,26719,0.9983792901039124,1.3963515758514404,,
7,26729,0.7536874413490295,0.8716747164726257,,
7,26739,0.867965579032898,1.192946434020996,,
7,26749,1.2508070468902588,2.3130569458007812,,
7,26759,1.0417189598083496,1.5149345397949219,,
7,26769,1.1136184930801392,2.012712001800537,,
7,26779,0.619157075881958,0.6595978736877441,,
7,26789,0.7185081839561462,0.8069666624069214,,
7,26799,0.7792168259620667,0.916120707988739,,
7,26809,0.98149573802948,2.181309700012207,,
7,26819,0.963732898235321,1.35439932346344,,
7,26829,0.9732766151428223,1.4559885263442993,,
7,26839,1.0433323383331299,1.7204029560089111,,
7,26849,1.04294753074646,1.6363155841827393,,
7,26859,0.9012340307235718,1.4949358701705933,,
7,26869,0.8905589580535889,1.76033616065979,,
7,26879,1.2801995277404785,2.4919774532318115,,
7,26889,0.8550064563751221,0.9188821911811829,,
7,26899,1.111114501953125,1.8196520805358887,,
7,26909,1.1808996200561523,2.221831798553467,,
7,26919,0.8642597198486328,1.159369945526123,,
7,26929,0.9043447971343994,1.3032153844833374,,
7,26939,0.8804486989974976,1.1027621030807495,,
7,26949,1.144768476486206,2.1505842208862305,,
7,26959,0.9445503354072571,1.1945998668670654,,
7,26969,0.9392533302307129,1.413346767425537,,
7,26979,0.8747756481170654,1.2321350574493408,,
7,26989,0.8499405980110168,1.2000290155410767,,
7,26999,0.6547467112541199,0.7451449036598206,,
7,27009,0.8134333491325378,0.9568638801574707,,
7,27019,0.8321282863616943,1.0549020767211914,,
7,27029,1.0669013261795044,2.7062342166900635,,
7,27039,0.9249542951583862,1.2302825450897217,,
7,27049,0.8798350095748901,1.1477445363998413,,
7,27059,1.0357798337936401,1.8060165643692017,,
7,27069,0.8944412469863892,1.2977888584136963,,
7,27079,0.8902721405029297,1.08069908618927,,
7,27089,1.1016112565994263,1.6497557163238525,,
7,27099,0.9083297252655029,1.1984139680862427,,
7,27109,0.8163238763809204,1.1139657497406006,,
7,27119,1.0045510530471802,1.4176784753799438,,
7,27129,0.8905497789382935,1.33091402053833,,
7,27139,0.9501112699508667,1.2367891073226929,,
7,27149,0.9809033870697021,1.362848162651062,,
7,27159,0.7567299008369446,0.82810378074646,,
7,27169,0.9275989532470703,1.2490607500076294,,
7,27179,1.0101137161254883,1.657724142074585,,
7,27189,0.8362280130386353,1.1395843029022217,,
7,27199,0.9820932745933533,1.5004757642745972,,
7,27209,1.1113678216934204,1.8078970909118652,,
7,27219,0.9304677248001099,1.3083548545837402,,
7,27229,0.8834488391876221,1.3745830059051514,,
7,27239,0.6860073804855347,0.6960670948028564,,
7,27249,0.9512865543365479,1.1895345449447632,,
7,27259,0.9500285387039185,1.5702857971191406,,
7,27269,1.0482678413391113,1.5388563871383667,,
7,27279,0.8986538648605347,1.2812362909317017,,
7,27289,0.7370897531509399,0.9538557529449463,,
7,27299,0.9314793944358826,1.1866053342819214,,
7,27309,0.7598599195480347,0.8529698848724365,,
7,27319,0.8855619430541992,1.1268134117126465,,
7,27329,0.9186311364173889,1.309532642364502,,
7,27339,1.0062745809555054,1.9733595848083496,,
7,27349,0.8593703508377075,1.6048047542572021,,
7,27359,0.8350182771682739,1.0260764360427856,,
7,27369,0.8615025281906128,1.1659798622131348,,
7,27379,0.8678209781646729,1.0173122882843018,,
7,27389,0.7229477763175964,0.8695329427719116,,
7,27399,1.0027846097946167,1.9797612428665161,,
7,27409,0.9746080636978149,1.3533203601837158,,
7,27419,0.7063928842544556,0.7132111191749573,,
7,27429,0.9238510131835938,1.2801172733306885,,
7,27439,0.8106564283370972,0.9898961782455444,,
7,27449,0.7956088781356812,1.0244380235671997,,
7,27459,0.8192331194877625,1.0541718006134033,,
7,27469,0.8918936848640442,1.3993380069732666,,
7,27479,0.9330246448516846,1.2698534727096558,,
7,27489,0.9435436129570007,1.1672325134277344,,
7,27499,0.9833888411521912,1.434313178062439,,
7,27503,,,0.9100566506385803,1.3225889205932617
8,27509,0.9092715978622437,1.3147597312927246,,
8,27519,0.6946384906768799,0.7610269784927368,,
8,27529,0.7505923509597778,0.8882768750190735,,
8,27539,0.8829569220542908,1.1098191738128662,,
8,27549,0.671808123588562,0.7453712224960327,,
8,27559,0.975608229637146,1.4337341785430908,,
8,27569,0.8901528120040894,1.4371721744537354,,
8,27579,0.8238866925239563,1.1482408046722412,,
8,27589,0.8216661810874939,1.132855772972107,,
8,27599,0.9826766848564148,1.3969789743423462,,
8,27609,0.976891815662384,1.3262377977371216,,
8,27619,0.8758902549743652,1.2604362964630127,,
8,27629,0.8040460348129272,1.0857255458831787,,
8,27639,0.9264422655105591,1.3316478729248047,,
8,27649,1.0501103401184082,1.6794817447662354,,
8,27659,0.8645127415657043,1.18160080909729,,
8,27669,0.8820017576217651,1.0675199031829834,,
8,27679,1.1596636772155762,1.7521562576293945,,
8,27689,0.8703091740608215,1.2611876726150513,,
8,27699,0.949306309223175,1.2428086996078491,,
8,27709,0.790786623954773,0.8813693523406982,,
8,27719,0.8588030934333801,1.0479354858398438,,
8,27729,0.8223029971122742,0.922524094581604,,
8,27739,1.3058749437332153,3.0131008625030518,,
8,27749,0.9369106292724609,1.1984150409698486,,
8,27759,0.8744130730628967,1.0601972341537476,,
8,27769,0.7868962287902832,0.8826735019683838,,
8,27779,0.8104215860366821,1.0397237539291382,,
8,27789,1.0471198558807373,1.5619816780090332,,
8,27799,0.9097565412521362,1.2069463729858398,,
8,27809,0.8641917705535889,1.127925992012024,,
8,27819,1.0306832790374756,1.7694432735443115,,
8,27829,0.8296040296554565,1.0976755619049072,,
8,27839,0.8940292596817017,1.1585222482681274,,
8,27849,1.0367631912231445,1.4975391626358032,,
8,27859,0.9856311678886414,1.435675859451294,,
8,27869,0.7747076153755188,1.0364446640014648,,
8,27879,1.0223181247711182,1.5632104873657227,,
8,27889,0.8886628746986389,1.213047742843628,,
8,27899,1.1358883380889893,1.8612534999847412,,
8,27909,0.9997042417526245,1.5938899517059326,,
8,27919,0.892932116985321,1.2897814512252808,,
8,27929,0.8261985778808594,1.0589840412139893,,
8,27939,0.9288753867149353,1.271378993988037,,
8,27949,0.9887743592262268,1.3544955253601074,,
8,27959,0.9335206747055054,1.369508981704712,,
8,27969,0.9413237571716309,1.2519264221191406,,
8,27979,0.9068212509155273,1.2049808502197266,,
8,27989,0.8921976089477539,1.2074048519134521,,
8,27999,1.0127615928649902,1.5853278636932373,,
8,28009,0.8924202919006348,1.029563069343567,,
8,28019,0.7850762009620667,1.0093189477920532,,
8,28029,0.9724562764167786,1.7771835327148438,,
8,28039,0.7493832111358643,0.9554234743118286,,
8,28049,1.0912399291992188,1.6312603950500488,,
8,28059,1.144134521484375,1.8882288932800293,,
8,28069,1.0485514402389526,2.115670919418335,,
8,28079,0.8766179084777832,1.4100877046585083,,
8,28089,0.9608484506607056,1.1071476936340332,,
8,28099,1.1096947193145752,1.7901986837387085,,
8,28109,0.7627432346343994,0.8744298219680786,,
8,28119,0.8579060435295105,1.3490653038024902,,
8,28129,1.0127432346343994,1.909836769104004,,
8,28139,0.9728609919548035,1.4865577220916748,,
8,28149,0.9584832191467285,1.4144476652145386,,
8,28159,0.9374323487281799,1.387176275253296,,
8,28169,0.8423667550086975,1.281928539276123,,
8,28179,1.0979294776916504,2.3488311767578125,,
8,28189,0.8860198259353638,1.21710205078125,,
8,28199,0.8268137574195862,1.0572261810302734,,
8,28209,0.989938497543335,1.4218189716339111,,
8,28219,0.828350305557251,1.078402042388916,,
8,28229,1.0003260374069214,1.7897286415100098,,
8,28239,1.0586419105529785,1.5267761945724487,,
8,28249,0.9945665597915649,1.4614243507385254,,
8,28259,1.0004243850708008,1.3950169086456299,,
8,28269,0.7633543610572815,0.8542436361312866,,
8,28279,1.0059771537780762,1.3956263065338135,,
8,28289,0.9237228631973267,1.5111943483352661,,
8,28299,0.8890818357467651,1.2235734462738037,,
8,28309,1.1149200201034546,1.5845046043395996,,
8,28319,0.9874669313430786,1.4733675718307495,,
8,28329,0.8862369060516357,1.176032543182373,,
8,28339,0.7357683181762695,0.8074336051940918,,
8,28349,0.9800863265991211,1.3480050563812256,,
8,28359,0.9558830857276917,2.7143380641937256,,
8,28369,0.8960707783699036,1.1913211345672607,,
8,28379,0.9716404676437378,1.4414902925491333,,
8,28389,0.9083735942840576,1.2533655166625977,,
8,28399,0.727256178855896,0.928291916847229,,
8,28409,0.7820823788642883,0.890898585319519,,
8,28419,1.0368115901947021,1.891566276550293,,
8,28429,1.0566810369491577,1.7212858200073242,,
8,28439,0.8862646222114563,1.2227258682250977,,
8,28449,1.0200599431991577,1.4509166479110718,,
8,28459,0.930904746055603,1.5094032287597656,,
8,28469,0.9144548773765564,1.2922649383544922,,
8,28479,0.719525933265686,0.7469984292984009,,
8,28489,0.9813117980957031,1.3965106010437012,,
8,28499,0.8912316560745239,1.0602248907089233,,
8,28509,0.8638685345649719,1.0859196186065674,,
8,28519,0.9852026104927063,1.3798305988311768,,
8,28529,0.9957137703895569,1.5116548538208008,,
8,28539,0.9299881458282471,1.3154077529907227,,
8,28549,1.0640292167663574,1.671647310256958,,
8,28559,0.938607394695282,1.5089188814163208,,
8,28569,0.8785698413848877,1.1651068925857544,,
8,28579,1.1215167045593262,1.6831884384155273,,
8,28589,0.7027064561843872,0.7001830339431763,,
8,28599,0.7089130878448486,0.8447774648666382,,
8,28609,1.1847071647644043,1.7640269994735718,,
8,28619,0.999106764793396,1.4734927415847778,,
8,28629,0.9790998697280884,1.3732185363769531,,
8,28639,0.941088855266571,1.2969024181365967,,
8,28649,1.0392587184906006,1.480895757675171,,
8,28659,0.7883648872375488,1.0007665157318115,,
8,28669,0.9111048579216003,1.5347195863723755,,
8,28679,0.7315043210983276,0.7676022052764893,,
8,28689,1.0294278860092163,1.459526538848877,,
8,28699,0.7880668640136719,0.975325345993042,,
8,28709,0.9432436227798462,1.552287220954895,,
8,28719,0.8769978880882263,1.2164063453674316,,
8,28729,0.9298747777938843,1.3610228300094604,,
8,28739,0.7407900094985962,0.887090265750885,,
8,28749,0.8769623637199402,1.0252559185028076,,
8,28759,0.80420982837677,1.1341297626495361,,
8,28769,0.8636753559112549,1.1327996253967285,,
8,28779,0.8602361679077148,1.2114086151123047,,
8,28789,0.9566643238067627,1.3911354541778564,,
8,28799,0.9632601737976074,1.30070161819458,,
8,28809,0.9629461765289307,1.5501246452331543,,
8,28819,0.7473281025886536,1.0352716445922852,,
8,28829,0.6777381300926208,0.7857409715652466,,
8,28839,1.0641803741455078,1.6937137842178345,,
8,28849,1.0535731315612793,1.5371603965759277,,
8,28859,0.7837938666343689,0.9733072519302368,,
8,28869,0.8519946336746216,0.9686923027038574,,
8,28879,0.9479981660842896,1.2861807346343994,,
8,28889,0.8616220951080322,1.3162670135498047,,
8,28899,0.9964857697486877,1.3770170211791992,,
8,28909,1.3845915794372559,8.373493194580078,,
8,28919,0.7939556241035461,0.9179400205612183,,
8,28929,0.6998240947723389,0.9015040397644043,,
8,28939,0.9881172776222229,1.609533429145813,,
8,28949,0.8363831043243408,0.9639015197753906,,
8,28959,0.8582605123519897,0.9836307764053345,,
8,28969,0.8588452339172363,1.1943262815475464,,
8,28979,0.9742859601974487,1.4516701698303223,,
8,28989,0.8630595207214355,0.9703583121299744,,
8,28999,0.8174545764923096,1.007655382156372,,
8,29009,0.9397963285446167,1.5218303203582764,,
8,29019,1.040594458580017,1.4819962978363037,,
8,29029,0.9465509057044983,1.247530221939087,,
8,29039,0.8446843028068542,1.1629754304885864,,
8,29049,0.8517017364501953,1.0104856491088867,,
8,29059,0.9372358322143555,1.2094749212265015,,
8,29069,0.796222984790802,0.9627147912979126,,
8,29079,0.8913075923919678,1.2499510049819946,,
8,29089,0.9207013845443726,1.390261173248291,,
8,29099,1.021615982055664,1.65842604637146,,
8,29109,1.0230767726898193,1.847278118133545,,
8,29119,0.8781000375747681,2.942276954650879,,
8,29129,1.1981298923492432,2.029294967651367,,
8,29139,0.9808669090270996,1.3727015256881714,,
8,29149,1.033778429031372,1.6061662435531616,,
8,29159,0.9841786623001099,1.341167688369751,,
8,29169,0.9734774231910706,1.3694689273834229,,
8,29179,0.9216874837875366,1.2680509090423584,,
8,29189,0.9378750324249268,1.4891204833984375,,
8,29199,0.8991339206695557,1.155578851699829,,
8,29209,0.897908627986908,1.2775639295578003,,
8,29219,0.8647365570068359,1.0245898962020874,,
8,29229,0.8978416919708252,1.4489765167236328,,
8,29239,0.9659671783447266,1.3380579948425293,,
8,29249,1.1514536142349243,1.7620409727096558,,
8,29259,1.009162187576294,1.4592046737670898,,
8,29269,0.6586215496063232,0.6954875588417053,,
8,29279,0.7219772338867188,0.8174704313278198,,
8,29289,0.7543386816978455,0.9922419190406799,,
8,29299,0.8842579126358032,1.2192202806472778,,
8,29309,0.9911965131759644,1.5470795631408691,,
8,29319,0.6966709494590759,0.7930103540420532,,
8,29329,0.7623772621154785,0.9139807820320129,,
8,29339,0.8080978393554688,1.0522284507751465,,
8,29349,0.8051115274429321,1.0540707111358643,,
8,29359,0.8248170614242554,1.0636277198791504,,
8,29369,0.7583765983581543,1.0288702249526978,,
8,29379,0.8496184349060059,1.4136075973510742,,
8,29389,0.9017702341079712,1.2924168109893799,,
8,29399,0.9584881067276001,1.4423267841339111,,
8,29409,0.9079946279525757,1.139091968536377,,
8,29419,0.7710152864456177,0.9620046615600586,,
8,29429,1.063324213027954,2.0260438919067383,,
8,29439,0.7558035254478455,1.0472326278686523,,
8,29449,0.9423587322235107,1.3112143278121948,,
8,29459,0.8875806331634521,1.312865972518921,,
8,29469,0.7991029024124146,0.97449791431427,,
8,29479,1.0582404136657715,1.7889574766159058,,
8,29489,0.9314947724342346,1.3077863454818726,,
8,29499,0.8436726331710815,1.019290804862976,,
8,29509,0.9833625555038452,1.4887161254882812,,
8,29519,0.8451639413833618,1.0920737981796265,,
8,29529,0.9111535549163818,1.1999154090881348,,
8,29539,1.2224361896514893,2.6608991622924805,,
8,29549,0.5821149349212646,0.48970896005630493,,
8,29559,0.9747374057769775,1.388825535774231,,
8,29569,1.0416194200515747,1.8394519090652466,,
8,29579,0.8856347799301147,1.1292994022369385,,
8,29589,0.7881494760513306,0.9935230016708374,,
8,29599,0.9200426340103149,1.3248155117034912,,
8,29609,0.8579272627830505,1.203835368156433,,
8,29619,1.130811095237732,1.8629183769226074,,
8,29629,1.0885683298110962,1.977285385131836,,
8,29639,0.9021486639976501,1.3506826162338257,,
8,29649,1.115601897239685,1.992548942565918,,
8,29659,0.8977328538894653,1.1396362781524658,,
8,29669,0.8066801428794861,1.298687219619751,,
8,29679,0.8186107873916626,1.1483409404754639,,
8,29689,0.8741886019706726,1.3330821990966797,,
8,29699,0.7112137079238892,0.771822452545166,,
8,29709,0.9719769954681396,1.7553504705429077,,
8,29719,0.7658575177192688,0.8203437924385071,,
8,29729,0.8033013343811035,0.9910228252410889,,
8,29739,0.67401123046875,0.7098371386528015,,
8,29749,1.0647335052490234,1.9183156490325928,,
8,29759,1.0199127197265625,1.676224708557129,,
8,29769,0.8295866250991821,1.0263159275054932,,
8,29779,0.7509744763374329,0.9049322605133057,,
8,29789,0.8430794477462769,1.1514884233474731,,
8,29799,0.8086163997650146,1.132187843322754,,
8,29809,0.8889057636260986,1.3976829051971436,,
8,29819,0.9750833511352539,1.7178500890731812,,
8,29829,1.0205076932907104,1.3457310199737549,,
8,29839,0.9401189684867859,1.52865469455719,,
8,29849,0.8596897125244141,1.0114526748657227,,
8,29859,0.8337929248809814,1.0264031887054443,,
8,29869,0.788966953754425,0.8031882047653198,,
8,29879,0.7595096826553345,0.8912465572357178,,
8,29889,1.0955426692962646,1.6256232261657715,,
8,29899,0.9368961453437805,1.0706839561462402,,
8,29909,0.8679126501083374,1.158592939376831,,
8,29919,0.6652119159698486,0.6518757939338684,,
8,29929,0.9562066197395325,1.4738872051239014,,
8,29939,0.777897298336029,0.9437572360038757,,
8,29949,1.0533242225646973,2.1936230659484863,,
8,29959,0.9315918684005737,1.4096572399139404,,
8,29969,0.8807507157325745,1.206956148147583,,
8,29979,0.9546740651130676,1.379284381866455,,
8,29989,0.9683997631072998,1.2235777378082275,,
8,29999,1.231716513633728,2.1801981925964355,,
8,30009,0.9763354063034058,1.617771863937378,,
8,30019,0.7791242599487305,0.950264573097229,,
8,30029,0.8041321039199829,0.9774096608161926,,
8,30039,0.701042890548706,0.785671591758728,,
8,30049,0.7048067450523376,0.8903990983963013,,
8,30059,0.9243025779724121,1.4287588596343994,,
8,30069,0.9470645785331726,1.3608946800231934,,
8,30079,1.0340383052825928,1.4691357612609863,,
8,30089,1.0215988159179688,1.5193336009979248,,
8,30099,0.8515270948410034,1.0928606986999512,,
8,30109,0.7355456352233887,0.7832542657852173,,
8,30119,0.9158436059951782,1.2559211254119873,,
8,30129,0.7540973424911499,0.8008996248245239,,
8,30139,0.9873320460319519,1.4443182945251465,,
8,30149,0.9885594844818115,1.5384464263916016,,
8,30159,0.8344972729682922,0.9799864292144775,,
8,30169,0.9113346338272095,1.2373614311218262,,
8,30179,0.9180440306663513,1.3269768953323364,,
8,30189,0.6226657629013062,0.6539533138275146,,
8,30199,0.8624324798583984,1.1924641132354736,,
8,30209,0.8825893402099609,1.0422627925872803,,
8,30219,0.7606590986251831,1.0167497396469116,,
8,30229,0.8933297395706177,1.5659704208374023,,
8,30239,0.9631564617156982,1.4033362865447998,,
8,30249,0.8497569561004639,0.9824703931808472,,
8,30259,0.878659725189209,1.0561789274215698,,
8,30269,0.7025930881500244,0.7881969213485718,,
8,30279,1.1320793628692627,1.884420394897461,,
8,30289,0.8399728536605835,1.0258188247680664,,
8,30299,0.9405946731567383,1.5088601112365723,,
8,30309,0.9363240599632263,1.5688037872314453,,
8,30319,1.2701568603515625,2.7490434646606445,,
8,30329,0.9021798968315125,1.2090330123901367,,
8,30339,0.7876012325286865,1.0398012399673462,,
8,30349,0.9281074404716492,1.371755599975586,,
8,30359,0.7595338821411133,0.8129700422286987,,
8,30369,1.0202836990356445,1.4782439470291138,,
8,30379,0.9521594643592834,1.2601890563964844,,
8,30389,0.8302320837974548,1.1428253650665283,,
8,30399,0.974465012550354,1.540653944015503,,
8,30409,0.8151867985725403,0.9753850698471069,,
8,30419,1.041885256767273,1.7965683937072754,,
8,30429,0.8290112018585205,1.1247974634170532,,
8,30439,1.0232021808624268,1.4929990768432617,,
8,30449,1.1171760559082031,2.335934638977051,,
8,30459,1.0070443153381348,1.5213922262191772,,
8,30469,0.8783329129219055,1.2329267263412476,,
8,30479,0.94089275598526,1.2842779159545898,,
8,30489,0.8673257231712341,1.0791785717010498,,
8,30499,0.8700286149978638,1.2381337881088257,,
8,30509,1.1074280738830566,1.9266899824142456,,
8,30519,0.9111168384552002,1.327473759651184,,
8,30529,0.8858593106269836,1.1355582475662231,,
8,30539,1.0627517700195312,2.115995407104492,,
8,30549,0.978158712387085,1.4671531915664673,,
8,30559,0.9513393640518188,1.5402686595916748,,
8,30569,1.0543034076690674,1.7991245985031128,,
8,30579,1.0689923763275146,1.5392670631408691,,
8,30589,0.8637890815734863,1.089616298675537,,
8,30599,0.8065916895866394,1.0865342617034912,,
8,30609,0.9355837106704712,1.44297456741333,,
8,30619,0.8875924944877625,1.4379956722259521,,
8,30629,0.84067702293396,1.0968104600906372,,
8,30639,1.079969882965088,1.5595626831054688,,
8,30649,0.8910068273544312,1.0555312633514404,,
8,30659,0.7750139236450195,0.8813356161117554,,
8,30669,0.8824981451034546,1.083310842514038,,
8,30679,0.7990041971206665,1.1184632778167725,,
8,30689,0.8873645067214966,1.3389058113098145,,
8,30699,1.0103824138641357,1.3654961585998535,,
8,30709,1.0033124685287476,1.588862419128418,,
8,30719,0.8290609121322632,1.0593531131744385,,
8,30729,0.8279421329498291,0.9822632074356079,,
8,30739,0.8591954708099365,1.1118870973587036,,
8,30749,0.9523524045944214,1.2799758911132812,,
8,30759,0.957020103931427,1.3535579442977905,,
8,30769,1.1039462089538574,1.6139311790466309,,
8,30779,0.9956400394439697,1.4012662172317505,,
8,30789,0.6704918146133423,0.7236815690994263,,
8,30799,0.7963041663169861,0.9198516607284546,,
8,30809,0.7692626118659973,0.9070292115211487,,
8,30819,0.9845013618469238,1.4584988355636597,,
8,30829,0.8398644924163818,1.1043899059295654,,
8,30839,0.9791994094848633,1.2210108041763306,,
8,30849,0.9207509756088257,1.2195713520050049,,
8,30859,0.9207180142402649,1.279317021369934,,
8,30869,1.01485013961792,1.7080128192901611,,
8,30879,0.9121102690696716,1.2214312553405762,,
8,30889,0.7873544692993164,0.9579070210456848,,
8,30899,0.9327165484428406,1.3413587808609009,,
8,30909,0.8061168193817139,0.969923198223114,,
8,30919,0.6276862621307373,0.6851568222045898,,
8,30929,0.9242372512817383,1.2401535511016846,,
8,30939,0.7935263514518738,1.1340588331222534,,
8,30941,,,0.9098713994026184,1.3230478763580322
9,30949,1.0737379789352417,1.6588249206542969,,
9,30959,0.9166531562805176,1.24183189868927,,
9,30969,0.9779747724533081,1.5283982753753662,,
9,30979,0.9048892259597778,1.270561695098877,,
9,30989,0.7982729077339172,0.9075368642807007,,
9,30999,0.9104142189025879,1.2123422622680664,,
9,31009,0.8902623653411865,1.256800889968872,,
9,31019,0.8168511390686035,1.0939381122589111,,
9,31029,1.1084195375442505,1.99005925655365,,
9,31039,0.7913427352905273,1.3996379375457764,,
9,31049,0.8591867685317993,1.0810152292251587,,
9,31059,0.9579793810844421,1.3852026462554932,,
9,31069,0.8085813522338867,1.0011816024780273,,
9,31079,0.942641019821167,1.2312037944793701,,
9,31089,0.8305673599243164,1.2921404838562012,,
9,31099,0.8876475691795349,1.2238471508026123,,
9,31109,1.1846394538879395,1.8624873161315918,,
9,31119,1.0065679550170898,1.4026095867156982,,
9,31129,0.8630951642990112,1.205531120300293,,
9,31139,1.023389220237732,1.4732807874679565,,
9,31149,1.1453378200531006,2.130009174346924,,
9,31159,0.9798251390457153,1.4687867164611816,,
9,31169,0.7562072277069092,0.9358322620391846,,
9,31179,0.8853324055671692,1.0736291408538818,,
9,31189,1.0222043991088867,1.575683832168579,,
9,31199,1.0855976343154907,2.076864004135132,,
9,31209,0.7563191652297974,0.7973860502243042,,
9,31219,0.8826577663421631,1.2317304611206055,,
9,31229,1.13664972782135,1.7152464389801025,,
9,31239,0.8527228832244873,1.1091104745864868,,
9,31249,0.860342264175415,1.1308401823043823,,
9,31259,0.7454047203063965,0.9343238472938538,,
9,31269,0.9322710037231445,1.513986587524414,,
9,31279,1.0465216636657715,1.554384469985962,,
9,31289,0.9406269788742065,1.1772639751434326,,
9,31299,1.024099349975586,1.5651886463165283,,
9,31309,0.9130222797393799,1.2001206874847412,,
9,31319,0.8427738547325134,1.1031397581100464,,
9,31329,0.8289377689361572,1.6678454875946045,,
9,31339,0.8852843046188354,1.5641425848007202,,
9,31349,0.8170533776283264,1.0477166175842285,,
9,31359,0.9786820411682129,1.4415758848190308,,
9,31369,0.8651978373527527,1.217245101928711,,
9,31379,0.8645432591438293,1.2664438486099243,,
9,31389,0.8330121040344238,1.0519275665283203,,
9,31399,0.9688546657562256,1.3764095306396484,,
9,31409,0.8403501510620117,1.1688485145568848,,
9,31419,0.8317888379096985,1.1038020849227905,,
9,31429,0.8036985993385315,0.8893975019454956,,
9,31439,0.8266474604606628,1.1373485326766968,,
9,31449,0.7958065271377563,1.060296654701233,,
9,31459,0.837645411491394,0.9614851474761963,,
9,31469,0.8279368877410889,1.0270075798034668,,
9,31479,0.9515594244003296,1.3444535732269287,,
9,31489,0.9802528619766235,1.5616636276245117,,
9,31499,1.0286988019943237,1.4451124668121338,,
9,31509,1.1112539768218994,2.0923337936401367,,
9,31519,0.7055288553237915,0.8158929347991943,,
9,31529,0.6812236309051514,0.7056962847709656,,
9,31539,0.7901706695556641,1.1472845077514648,,
9,31549,0.8665746450424194,1.0180206298828125,,
9,31559,0.893362283706665,1.1857961416244507,,
9,31569,0.8068015575408936,1.1300570964813232,,
9,31579,0.7973587512969971,0.8343461751937866,,
9,31589,0.919023334980011,1.258469581604004,,
9,31599,0.9286123514175415,1.126741647720337,,
9,31609,1.106038212776184,1.6634151935577393,,
9,31619,1.1274359226226807,1.9854109287261963,,
9,31629,0.8997063636779785,1.245810866355896,,
9,31639,0.7983490824699402,0.8717247247695923,,
9,31649,0.8300329446792603,1.016120433807373,,
9,31659,1.0432246923446655,2.000750780105591,,
9,31669,1.017242670059204,1.6323140859603882,,
9,31679,0.9071564674377441,1.3211424350738525,,
9,31689,0.9526803493499756,1.3462272882461548,,
9,31699,1.0322685241699219,1.6018366813659668,,
9,31709,0.8338088989257812,1.1242423057556152,,
9,31719,0.7353411316871643,0.8073848485946655,,
9,31729,1.1520366668701172,1.76029372215271,,
9,31739,0.9119046926498413,1.411710500717163,,
9,31749,0.919340968132019,1.3312056064605713,,
9,31759,0.788821816444397,0.9703131914138794,,
9,31769,0.755638599395752,0.9304555654525757,,
9,31779,1.0092427730560303,1.579148769378662,,
9,31789,0.8723536729812622,1.1403752565383911,,
9,31799,1.0434885025024414,1.6707775592803955,,
9,31809,0.962328314781189,1.4797146320343018,,
9,31819,0.9919896125793457,1.4550076723098755,,
9,31829,0.9675472974777222,1.4137165546417236,,
9,31839,1.0304116010665894,1.686065435409546,,
9,31849,0.6367323994636536,0.7224169373512268,,
9,31859,0.8681777119636536,1.2713638544082642,,
9,31869,0.72288978099823,0.7360836267471313,,
9,31879,0.8604729771614075,1.1740531921386719,,
9,31889,0.6916826963424683,0.8894497752189636,,
9,31899,0.7421600818634033,0.8757852911949158,,
9,31909,0.6352249979972839,0.7187657952308655,,
9,31919,1.047719955444336,1.7721116542816162,,
9,31929,0.7253109216690063,0.7576636075973511,,
9,31939,0.8156622648239136,0.9398851990699768,,
9,31949,0.9684227705001831,1.528747797012329,,
9,31959,1.0669535398483276,1.8222599029541016,,
9,31969,0.7954097986221313,0.8854204416275024,,
9,31979,1.0511200428009033,1.5841360092163086,,
9,31989,1.0400316715240479,1.6817097663879395,,
9,31999,0.7961132526397705,0.8882172107696533,,
9,32009,0.8270869255065918,1.0008975267410278,,
9,32019,1.0269348621368408,1.637268304824829,,
9,32029,0.8471492528915405,1.2238709926605225,,
9,32039,0.7991381287574768,0.9168087244033813,,
9,32049,0.9681762456893921,1.4694993495941162,,
9,32059,0.7356951236724854,0.8214943408966064,,
9,32069,0.8352376222610474,1.014937162399292,,
9,32079,1.0310235023498535,1.5602549314498901,,
9,32089,0.8220359086990356,1.022693395614624,,
9,32099,0.8131129145622253,1.0383315086364746,,
9,32109,0.7337043285369873,0.802635908126831,,
9,32119,0.9905605316162109,1.3597084283828735,,
9,32129,0.8889751434326172,1.2599921226501465,,
9,32139,0.9898239374160767,1.368699073791504,,
9,32149,0.9269003868103027,1.3424817323684692,,
9,32159,0.6840517520904541,0.7852839231491089,,
9,32169,0.8364028334617615,1.0169283151626587,,
9,32179,0.9470433592796326,1.3516887426376343,,
9,32189,1.0219117403030396,1.605790138244629,,
9,32199,0.8688346743583679,1.3370094299316406,,
9,32209,0.8944624066352844,1.1700457334518433,,
9,32219,0.9779093265533447,1.4474440813064575,,
9,32229,0.6711938381195068,0.8209578990936279,,
9,32239,0.9529768228530884,1.260477066040039,,
9,32249,0.9922231435775757,1.3730320930480957,,
9,32259,0.9093148112297058,1.3160903453826904,,
9,32269,0.9622362852096558,1.3871207237243652,,
9,32279,0.8722007274627686,1.1252713203430176,,
9,32289,1.0983377695083618,1.5588908195495605,,
9,32299,0.9780768156051636,1.5826632976531982,,
9,32309,1.0619137287139893,1.6398601531982422,,
9,32319,0.8816403150558472,1.3549988269805908,,
9,32329,0.915490984916687,1.5039864778518677,,
9,32339,0.797207236289978,1.1273338794708252,,
9,32349,0.6312904357910156,0.6214061379432678,,
9,32359,0.8367329835891724,1.2207918167114258,,
9,32369,0.967151939868927,1.4117968082427979,,
9,32379,0.8376895785331726,1.0855367183685303,,
9,32389,0.931309700012207,1.424028754234314,,
9,32399,0.9677194356918335,1.3290196657180786,,
9,32409,0.8088908195495605,1.0422090291976929,,
9,32419,1.1051139831542969,1.6115052700042725,,
9,32429,0.8008373975753784,0.9085909128189087,,
9,32439,0.8069233298301697,0.906598687171936,,
9,32449,0.8641307353973389,1.0543839931488037,,
9,32459,0.7202212810516357,0.824844241142273,,
9,32469,0.7137402296066284,0.7649840712547302,,
9,32479,0.7400827407836914,0.9088839888572693,,
9,32489,1.0351334810256958,1.693468689918518,,
9,32499,0.8068863153457642,0.9839229583740234,,
9,32509,0.9556149840354919,1.434471845626831,,
9,32519,1.0402255058288574,1.4126293659210205,,
9,32529,0.8619570732116699,1.1751303672790527,,
9,32539,1.074817180633545,1.9292457103729248,,
9,32549,0.9110367894172668,1.2820667028427124,,
9,32559,0.9326520562171936,1.3377470970153809,,
9,32569,1.2468111515045166,2.015232563018799,,
9,32579,0.8043025135993958,0.8552416563034058,,
9,32589,0.9504745602607727,1.551587700843811,,
9,32599,1.168003797531128,2.311098575592041,,
9,32609,0.9670939445495605,1.4660124778747559,,
9,32619,0.9465987682342529,1.342286229133606,,
9,32629,0.9471673369407654,1.270509123802185,,
9,32639,1.0543174743652344,1.731014609336853,,
9,32649,0.9265149235725403,1.2975491285324097,,
9,32659,1.0362344980239868,1.700988531112671,,
9,32669,0.6121646165847778,0.5634239912033081,,
9,32679,0.8030053377151489,0.9595730304718018,,
9,32689,1.0197553634643555,1.528114914894104,,
9,32699,0.8914004564285278,1.384057641029358,,
9,32709,0.8859351873397827,1.2788307666778564,,
9,32719,0.6214994788169861,0.5788484811782837,,
9,32729,0.7718852162361145,0.8927826881408691,,
9,32739,0.9908740520477295,1.4739058017730713,,
9,32749,0.8138830065727234,1.0850343704223633,,
9,32759,0.9045981168746948,1.4752612113952637,,
9,32769,0.8308946490287781,1.027297854423523,,
9,32779,0.9423960447311401,1.415402889251709,,
9,32789,0.9017461538314819,1.1622848510742188,,
9,32799,0.8001402616500854,1.1343958377838135,,
9,32809,0.7971903681755066,0.9558916091918945,,
9,32819,0.9381662607192993,1.7637715339660645,,
9,32829,0.9513789415359497,1.2101614475250244,,
9,32839,0.7742490768432617,0.9763638973236084,,
9,32849,0.766191840171814,1.1985588073730469,,
9,32859,0.9493016600608826,1.4291203022003174,,
9,32869,0.8999340534210205,1.162575364112854,,
9,32879,0.7130175232887268,0.7928391695022583,,
9,32889,0.908697247505188,1.163928747177124,,
9,32899,0.6767163276672363,0.7625287771224976,,
9,32909,0.8442252278327942,1.1118016242980957,,
9,32919,0.8965188264846802,1.3143874406814575,,
9,32929,0.8267571926116943,1.0066744089126587,,
9,32939,0.7336894273757935,0.8384915590286255,,
9,32949,0.8394913673400879,0.9854516983032227,,
9,32959,0.9774738550186157,1.4706463813781738,,
9,32969,0.685326337814331,0.7407400608062744,,
9,32979,1.0084748268127441,1.502180814743042,,
9,32989,1.17263662815094,1.7662657499313354,,
9,32999,0.7736274003982544,0.7718362212181091,,
9,33009,0.7608305215835571,0.9165326952934265,,
9,33019,0.8543922901153564,1.1737828254699707,,
9,33029,1.074619174003601,1.6883165836334229,,
9,33039,0.900074303150177,1.4125044345855713,,
9,33049,0.9235696792602539,1.3521888256072998,,
9,33059,0.886924147605896,1.2774981260299683,,
9,33069,0.9280484914779663,1.359626293182373,,
9,33079,1.0005830526351929,1.6920607089996338,,
9,33089,0.8870871067047119,1.2299602031707764,,
9,33099,0.9227266311645508,1.3580231666564941,,
9,33109,0.898432195186615,1.2204309701919556,,
9,33119,1.0612547397613525,1.754884958267212,,
9,33129,0.8642268180847168,1.1853379011154175,,
9,33139,0.7662437558174133,1.101217269897461,,
9,33149,0.799759566783905,1.0015593767166138,,
9,33159,0.8091414570808411,1.0773661136627197,,
9,33169,1.1038422584533691,2.166086196899414,,
9,33179,0.8772338032722473,1.054958701133728,,
9,33189,0.8199472427368164,0.8927021026611328,,
9,33199,1.2933340072631836,2.815725564956665,,
9,33209,0.8746881484985352,1.268463134765625,,
9,33219,0.9485487341880798,1.2938530445098877,,
9,33229,0.7808356285095215,0.923366904258728,,
9,33239,0.865980863571167,1.243419885635376,,
9,33249,0.9259634017944336,1.3030476570129395,,
9,33259,0.729193389415741,0.7596971988677979,,
9,33269,0.8643236756324768,1.0392003059387207,,
9,33279,0.9465352892875671,1.3614253997802734,,
9,33289,0.976688027381897,1.2344337701797485,,
9,33299,1.0069772005081177,1.2938745021820068,,
9,33309,0.9986939430236816,1.4403316974639893,,
9,33319,0.7672868371009827,0.9928263425827026,,
9,33329,0.8893046379089355,1.2398303747177124,,
9,33339,0.9823382496833801,1.6885013580322266,,
9,33349,0.7313947677612305,0.9643878936767578,,
9,33359,1.1467472314834595,2.033862352371216,,
9,33369,1.0191154479980469,2.2497100830078125,,
9,33379,0.7099547386169434,0.8191138505935669,,
9,33389,0.7170537710189819,0.7941089868545532,,
9,33399,0.9488945007324219,1.3458375930786133,,
9,33409,0.9645111560821533,1.2115850448608398,,
9,33419,1.2346420288085938,2.814119815826416,,
9,33429,0.887231707572937,1.0673702955245972,,
9,33439,1.0676989555358887,1.7892385721206665,,
9,33449,0.7660073637962341,0.9739940166473389,,
9,33459,0.9576823711395264,1.5235675573349,,
9,33469,1.2176814079284668,1.9377880096435547,,
9,33479,0.835037350654602,0.9756889343261719,,
9,33489,0.9554607272148132,1.4807507991790771,,
9,33499,1.1275584697723389,2.0291733741760254,,
9,33509,0.9167041778564453,1.5223844051361084,,
9,33519,0.7982677817344666,0.999180793762207,,
9,33529,0.9287477135658264,1.2980670928955078,,
9,33539,0.8319312334060669,1.0958517789840698,,
9,33549,0.7382365465164185,1.035186767578125,,
9,33559,0.9990736842155457,1.684195637702942,,
9,33569,1.1119216680526733,1.5238244533538818,,
9,33579,0.8340156078338623,1.0180162191390991,,
9,33589,0.888634204864502,1.080506443977356,,
9,33599,0.928877592086792,1.408667802810669,,
9,33609,0.8970938920974731,1.4008440971374512,,
9,33619,0.9634348154067993,1.3601964712142944,,
9,33629,0.8419245481491089,1.1218910217285156,,
9,33639,0.7361972332000732,0.9789976477622986,,
9,33649,0.9569298028945923,1.1641685962677002,,
9,33659,0.9850782752037048,1.3893040418624878,,
9,33669,0.8700484037399292,1.2384952306747437,,
9,33679,1.0143299102783203,1.5572381019592285,,
9,33689,0.953704297542572,1.331202507019043,,
9,33699,1.1270825862884521,1.6206307411193848,,
9,33709,0.9533894062042236,1.4524387121200562,,
9,33719,0.9695677757263184,1.7264697551727295,,
9,33729,0.8611106872558594,1.1078364849090576,,
9,33739,0.9470664858818054,1.4180314540863037,,
9,33749,1.022996425628662,1.9816640615463257,,
9,33759,0.8164594173431396,0.9130878448486328,,
9,33769,1.0818421840667725,2.7421557903289795,,
9,33779,0.9879469275474548,1.4064573049545288,,
9,33789,0.7852799296379089,0.9346602559089661,,
9,33799,1.1489628553390503,1.9035767316818237,,
9,33809,0.6699979305267334,0.716834306716919,,
9,33819,0.9284005165100098,1.3226606845855713,,
9,33829,0.8614688515663147,0.9548277854919434,,
9,33839,0.8693802356719971,1.155644178390503,,
9,33849,0.9328205585479736,1.1779372692108154,,
9,33859,1.0201863050460815,1.5533971786499023,,
9,33869,0.6807070970535278,0.6736549139022827,,
9,33879,1.05576753616333,1.5678718090057373,,
9,33889,0.9989296793937683,1.585014820098877,,
9,33899,0.983241081237793,1.4591810703277588,,
9,33909,1.0505008697509766,1.60135817527771,,
9,33919,1.1141061782836914,2.1410250663757324,,
9,33929,0.9498500823974609,1.2410118579864502,,
9,33939,0.9777188301086426,1.6082961559295654,,
9,33949,0.7809188365936279,0.9502902626991272,,
9,33959,0.7775537967681885,0.9376898407936096,,
9,33969,0.7847298979759216,0.8880128860473633,,
9,33979,0.9144681096076965,1.151362657546997,,
9,33989,0.8946219682693481,1.4223642349243164,,
9,33999,0.8545490503311157,1.0539366006851196,,
9,34009,1.1387313604354858,1.761098861694336,,
9,34019,0.8092268705368042,1.3160178661346436,,
9,34029,0.9391081929206848,1.3167381286621094,,
9,34039,0.7456504702568054,0.8791137933731079,,
9,34049,0.8104133605957031,0.9617746472358704,,
9,34059,0.7260235548019409,0.8560299277305603,,
9,34069,0.9119055867195129,1.1785703897476196,,
9,34079,1.0747463703155518,1.5274301767349243,,
9,34089,0.8239049911499023,1.2046146392822266,,
9,34099,0.9778094291687012,1.5278055667877197,,
9,34109,0.9647439122200012,1.488079309463501,,
9,34119,0.7348942756652832,0.772889256477356,,
9,34129,0.8550371527671814,1.151653528213501,,
9,34139,0.8328007459640503,1.068830132484436,,
9,34149,1.0408846139907837,1.6813881397247314,,
9,34159,0.8340922594070435,1.0477317571640015,,
9,34169,1.0365374088287354,1.3975073099136353,,
9,34179,0.927623987197876,1.3624604940414429,,
9,34189,0.9365314245223999,1.3793692588806152,,
9,34199,1.0812618732452393,2.257068634033203,,
9,34209,0.6495351791381836,0.7622907757759094,,
9,34219,0.9427999258041382,1.6982735395431519,,
9,34229,1.1893824338912964,2.0057849884033203,,
9,34239,1.003983974456787,1.7527053356170654,,
9,34249,0.7619535326957703,0.8436330556869507,,
9,34259,0.899099588394165,1.2172938585281372,,
9,34269,0.8245443105697632,0.9530614614486694,,
9,34279,0.8054994344711304,0.9581169486045837,,
9,34289,0.8508446216583252,0.9241225719451904,,
9,34299,0.8725322484970093,1.0903807878494263,,
9,34309,0.969858705997467,1.4073069095611572,,
9,34319,0.694359302520752,0.832848310470581,,
9,34329,0.8916659951210022,1.2343766689300537,,
9,34339,0.8311342000961304,0.9405902624130249,,
9,34349,1.0383083820343018,1.5649696588516235,,
9,34359,0.9162179231643677,1.3479108810424805,,
9,34369,1.1919938325881958,1.8073991537094116,,
9,34379,0.9895026683807373,1.2305256128311157,,
9,34379,,,0.9107750058174133,1.3231443166732788
10,34389,1.1277146339416504,1.8911287784576416,,
10,34399,0.8691383004188538,1.107865571975708,,
10,34409,0.919906735420227,1.3482975959777832,,
10,34419,0.8571097254753113,1.1648304462432861,,
10,34429,0.9387019276618958,1.4899014234542847,,
10,34439,0.7655269503593445,0.9537270069122314,,
10,34449,0.8579506874084473,1.05787992477417,,
10,34459,1.0858004093170166,1.623538851737976,,
10,34469,0.9462155103683472,1.427710771560669,,
10,34479,0.9181256890296936,1.375152349472046,,
10,34489,0.8013718128204346,0.8737833499908447,,
10,34499,0.7819622159004211,0.9311907291412354,,
10,34509,1.2162866592407227,2.787381887435913,,
10,34519,0.8567503690719604,1.41338050365448,,
10,34529,1.0241303443908691,1.6200900077819824,,
10,34539,0.9621932506561279,1.315507411956787,,
10,34549,0.842049241065979,1.128300428390503,,
10,34559,1.1358671188354492,2.627422571182251,,
10,34569,0.702212929725647,0.7149889469146729,,
10,34579,1.0295181274414062,1.6793360710144043,,
10,34589,0.9951019287109375,1.4644181728363037,,
10,34599,0.7741300463676453,1.0768194198608398,,
10,34609,0.9705928564071655,1.3964440822601318,,
10,34619,0.7743290662765503,0.9274461269378662,,
10,34629,0.8623327016830444,1.2196873426437378,,
10,34639,0.7856054306030273,0.9486639499664307,,
10,34649,0.8872280120849609,1.1699740886688232,,
10,34659,0.8872578740119934,1.414190649986267,,
10,34669,1.250309944152832,3.1662399768829346,,
10,34679,0.9208894968032837,1.286950707435608,,
10,34689,0.8529853224754333,1.0497833490371704,,
10,34699,0.7414292097091675,0.8709011673927307,,
10,34709,0.8392190933227539,1.3096604347229004,,
10,34719,0.8984129428863525,1.204951286315918,,
10,34729,1.0412577390670776,2.119304895401001,,
10,34739,0.7177352905273438,0.7956120371818542,,
10,34749,0.9002640843391418,1.3749102354049683,,
10,34759,0.9537872076034546,1.3747341632843018,,
10,34769,0.7435010671615601,0.8292598724365234,,
10,34779,0.952173113822937,1.3302006721496582,,
10,34789,1.1157180070877075,2.272012233734131,,
10,34799,0.7575979232788086,0.9640307426452637,,
10,34809,1.0076621770858765,1.5621622800827026,,
10,34819,0.8469487428665161,1.025946855545044,,
10,34829,0.9484598636627197,1.2151480913162231,,
10,34839,0.9326842427253723,1.276447057723999,,
10,34849,0.9420186281204224,1.3395695686340332,,
10,34859,0.7358225584030151,0.8295731544494629,,
10,34869,0.6444758176803589,0.715130090713501,,
10,34879,0.7800428867340088,0.9281449913978577,,
10,34889,0.8040894269943237,1.0234800577163696,,
10,34899,0.7345622777938843,0.8522313237190247,,
10,34909,0.7725702524185181,0.9395781755447388,,
10,34919,1.3213071823120117,2.69675874710083,,
10,34929,0.620403528213501,0.628592312335968,,
10,34939,0.8123365640640259,1.4105010032653809,,
10,34949,0.9453316330909729,1.5735719203948975,,
10,34959,0.9401172399520874,1.2939839363098145,,
10,34969,1.0004856586456299,1.4351173639297485,,
10,34979,0.9969700574874878,1.529048204421997,,
10,34989,0.8592851161956787,1.2528283596038818,,
10,34999,0.8927686214447021,1.3041086196899414,,
10,35009,0.8652280569076538,1.0680688619613647,,
10,35019,0.803946316242218,0.9708227515220642,,
10,35029,0.8119179606437683,1.1574889421463013,,
10,35039,0.854789674282074,1.000528335571289,,
10,35049,0.8277007341384888,1.005925178527832,,
10,35059,0.6865935921669006,0.8177000284194946,,
10,35069,0.9895359873771667,1.5466508865356445,,
10,35079,0.9897756576538086,1.659529685974121,,
10,35089,0.9640175104141235,1.4247322082519531,,
10,35099,0.9496214389801025,1.2929942607879639,,
10,35109,0.753767728805542,0.8351995944976807,,
10,35119,1.064080834388733,1.5253499746322632,,
10,35129,0.9139682054519653,1.5735440254211426,,
10,35139,0.8599433898925781,1.1035962104797363,,
10,35149,1.0371448993682861,1.76748526096344,,
10,35159,0.9121682643890381,1.3978917598724365,,
10,35169,0.7595378160476685,1.2810068130493164,,
10,35179,1.0306711196899414,1.677185297012329,,
10,35189,0.98027104139328,1.3534226417541504,,
10,35199,1.0039199590682983,1.5695257186889648,,
10,35209,0.9921678304672241,1.859987497329712,,
10,35219,0.7277786731719971,0.8314400911331177,,
10,35229,1.1005282402038574,1.6697274446487427,,
10,35239,1.093171238899231,1.661710262298584,,
10,35249,0.8126392364501953,1.0945510864257812,,
10,35259,0.7721514105796814,0.8940637111663818,,
10,35269,0.8062223196029663,1.2133121490478516,,
10,35279,0.7806315422058105,0.8281891345977783,,
10,35289,0.8432256579399109,1.1275887489318848,,
10,35299,1.1964983940124512,4.3228607177734375,,
10,35309,0.8833047747612,1.1324169635772705,,
10,35319,0.9480147361755371,1.365161657333374,,
10,35329,0.697245717048645,0.7621238231658936,,
10,35339,1.1095860004425049,1.963069200515747,,
10,35349,0.8152817487716675,1.1279666423797607,,
10,35359,0.8267503976821899,1.034653663635254,,
10,35369,0.7492847442626953,0.8296285271644592,,
10,35379,0.8224469423294067,1.1377172470092773,,
10,35389,0.8874307870864868,1.123270869255066,,
10,35399,0.6784136295318604,0.7668671607971191,,
10,35409,0.7284680008888245,0.7882091403007507,,
10,35419,0.9648405313491821,1.49354088306427,,
10,35429,0.97834312915802,1.5063800811767578,,
10,35439,0.8465821743011475,1.0443642139434814,,
10,35449,0.759246826171875,0.9708908796310425,,
10,35459,0.8237004280090332,1.062034010887146,,
10,35469,0.9998462796211243,1.3103313446044922,,
10,35479,0.9690003395080566,1.3064007759094238,,
10,35489,0.8473057746887207,1.1147105693817139,,
10,35499,0.836721658706665,1.263697862625122,,
10,35509,0.9273293018341064,1.2932137250900269,,
10,35519,0.9519784450531006,1.4535551071166992,,
10,35529,0.9341743588447571,1.3738484382629395,,
10,35539,0.9053050875663757,1.2162232398986816,,
10,35549,0.8681448698043823,1.2281948328018188,,
10,35559,0.7636188268661499,1.1945834159851074,,
10,35569,0.7433317303657532,0.8578882813453674,,
10,35579,0.8095236420631409,1.0622687339782715,,
10,35589,1.0042140483856201,2.5033440589904785,,
10,35599,0.8981179594993591,1.1744719743728638,,
10,35609,0.9008309841156006,1.3858153820037842,,
10,35619,0.857997477054596,1.0728113651275635,,
10,35629,0.6165960431098938,0.5403637886047363,,
10,35639,0.8744171857833862,1.0794668197631836,,
10,35649,0.6462318897247314,0.7085478901863098,,
10,35659,0.8512179851531982,1.0283780097961426,,
10,35669,0.9151116013526917,1.2848156690597534,,
10,35679,0.944222092628479,1.6410003900527954,,
10,35689,1.001375675201416,1.4974249601364136,,
10,35699,0.5457284450531006,0.5023080706596375,,
10,35709,0.775615930557251,0.8769449591636658,,
10,35719,0.936265230178833,1.1973214149475098,,
10,35729,0.773318886756897,1.0533723831176758,,
10,35739,1.0325682163238525,1.6052050590515137,,
10,35749,0.8162844777107239,0.8197699189186096,,
10,35759,0.6619629859924316,0.8436946868896484,,
10,35769,1.0770130157470703,1.6127883195877075,,
10,35779,0.865358829498291,1.2280923128128052,,
10,35789,0.892181932926178,1.3806792497634888,,
10,35799,1.0302894115447998,1.6648156642913818,,
10,35809,1.0085915327072144,1.5549898147583008,,
10,35819,0.8158630132675171,1.0054938793182373,,
10,35829,0.8486208915710449,0.9940595030784607,,
10,35839,0.8022526502609253,1.074565052986145,,
10,35849,0.9733097553253174,1.539584755897522,,
10,35859,0.8479433059692383,1.010735273361206,,
10,35869,0.8401272296905518,1.090928554534912,,
10,35879,1.081056833267212,1.5447266101837158,,
10,35889,0.923011839389801,1.4098024368286133,,
10,35899,0.9022175073623657,1.1771972179412842,,
10,35909,0.9218587279319763,1.2225613594055176,,
10,35919,0.8439232707023621,1.1115820407867432,,
10,35929,1.1092963218688965,2.001659393310547,,
10,35939,0.8670592308044434,1.114391803741455,,
10,35949,1.0077431201934814,1.462666392326355,,
10,35959,0.9794527888298035,1.306891679763794,,
10,35969,0.896816611289978,1.1363855600357056,,
10,35979,0.7507694959640503,0.9661378860473633,,
10,35989,0.9917675852775574,1.490861177444458,,
10,35999,0.7784916162490845,0.9158487319946289,,
10,36009,0.9437953233718872,1.4783316850662231,,
10,36019,0.8769897222518921,1.260514497756958,,
10,36029,0.8343570232391357,1.0399760007858276,,
10,36039,0.8695607781410217,1.2440465688705444,,
10,36049,1.123197317123413,2.2808778285980225,,
10,36059,1.0030977725982666,1.6287862062454224,,
10,36069,1.0146653652191162,1.3421396017074585,,
10,36079,0.6457545757293701,0.6720880270004272,,
10,36089,0.8278603553771973,1.0410083532333374,,
10,36099,0.8894517421722412,1.2744232416152954,,
10,36109,0.8445795178413391,1.1939795017242432,,
10,36119,0.7195080518722534,0.9511705040931702,,
10,36129,1.0371968746185303,1.558442234992981,,
10,36139,0.9884387850761414,1.3409324884414673,,
10,36149,1.032897710800171,1.5971224308013916,,
10,36159,0.8454347848892212,1.1704046726226807,,
10,36169,0.9679237604141235,1.4431660175323486,,
10,36179,0.9341903924942017,1.2731356620788574,,
10,36189,0.8546850681304932,1.0316112041473389,,
10,36199,1.0472451448440552,1.8023743629455566,,
10,36209,1.059662103652954,1.5925941467285156,,
10,36219,1.05995512008667,1.6829659938812256,,
10,36229,0.9293925166130066,1.2865087985992432,,
10,36239,0.9990171194076538,1.3943389654159546,,
10,36249,0.9064292907714844,1.3395576477050781,,
10,36259,0.9259786605834961,1.4748774766921997,,
10,36269,0.8404509425163269,1.129058837890625,,
10,36279,0.9730527997016907,1.555382251739502,,
10,36289,1.2249904870986938,2.871131658554077,,
10,36299,1.0318663120269775,1.4781737327575684,,
10,36309,0.9050326347351074,1.1304669380187988,,
10,36319,0.6930812001228333,0.7396985292434692,,
10,36329,1.1658260822296143,3.3000850677490234,,
10,36339,0.8015925884246826,1.0375615358352661,,
10,36349,1.0061585903167725,1.7981278896331787,,
10,36359,1.0634543895721436,2.2211036682128906,,
10,36369,1.157713770866394,3.0932059288024902,,
10,36379,0.8400058746337891,1.1587297916412354,,
10,36389,0.9633193016052246,1.3584325313568115,,
10,36399,1.036061406135559,1.757704257965088,,
10,36409,0.858404278755188,1.455962896347046,,
10,36419,0.8082159757614136,0.8435994386672974,,
10,36429,0.785358726978302,1.2257074117660522,,
10,36439,0.839184582233429,1.0653176307678223,,
10,36449,0.808619499206543,1.144646167755127,,
10,36459,0.8338795900344849,1.1991177797317505,,
10,36469,0.8717422485351562,1.2507843971252441,,
10,36479,0.9787793159484863,1.384047269821167,,
10,36489,0.8435449600219727,1.1145832538604736,,
10,36499,1.2322652339935303,2.4751102924346924,,
10,36509,0.9267000555992126,1.4124716520309448,,
10,36519,1.055307388305664,1.5205011367797852,,
10,36529,1.0229501724243164,1.4895341396331787,,
10,36539,0.95574951171875,1.333743691444397,,
10,36549,1.0198581218719482,1.4749195575714111,,
10,36559,0.8729587197303772,1.2389732599258423,,
10,36569,0.8979146480560303,1.2439427375793457,,
10,36579,0.9718964099884033,1.3779363632202148,,
10,36589,0.9865327477455139,1.653090238571167,,
10,36599,0.8710350394248962,1.3144909143447876,,
10,36609,0.6467064619064331,0.664068341255188,,
10,36619,1.021500587463379,1.4747343063354492,,
10,36629,0.8080278038978577,1.0956693887710571,,
10,36639,0.9981724619865417,1.5744707584381104,,
10,36649,1.0020791292190552,1.4454559087753296,,
10,36659,0.8189470767974854,1.134802222251892,,
10,36669,0.8248474597930908,1.069483757019043,,
10,36679,0.7868857383728027,0.8449981808662415,,
10,36689,0.7996212244033813,1.106703281402588,,
10,36699,0.8117494583129883,1.1281368732452393,,
10,36709,0.8548482656478882,1.0995674133300781,,
10,36719,0.6776360273361206,0.7899824976921082,,
10,36729,0.816096842288971,0.9758627414703369,,
10,36739,0.9469566941261292,1.5462164878845215,,
10,36749,0.8190434575080872,0.9513169527053833,,
10,36759,0.9111872315406799,1.2716645002365112,,
10,36769,1.0145350694656372,1.6811184883117676,,
10,36779,1.0695316791534424,1.8016541004180908,,
10,36789,0.7427873015403748,0.7920339107513428,,
10,36799,0.8314557075500488,1.133934736251831,,
10,36809,0.9746774435043335,1.5280483961105347,,
10,36819,0.9875062704086304,1.4855656623840332,,
10,36829,1.0259782075881958,1.4589194059371948,,
10,36839,0.7786892652511597,1.044628620147705,,
10,36849,0.8981150388717651,1.1880791187286377,,
10,36859,1.0999675989151,1.7483720779418945,,
10,36869,0.8493417501449585,1.0740625858306885,,
10,36879,0.9304764270782471,1.5234980583190918,,
10,36889,0.7968239188194275,1.0120351314544678,,
10,36899,0.9842528700828552,1.424445629119873,,
10,36909,0.925243616104126,1.235186219215393,,
10,36919,0.8975996971130371,1.323338508605957,,
10,36929,0.9630423784255981,1.535604476928711,,
10,36939,0.804570198059082,1.0731366872787476,,
10,36949,0.9020597338676453,1.270073413848877,,
10,36959,0.9468747973442078,1.2849628925323486,,
10,36969,0.8576585054397583,1.2229018211364746,,
10,36979,0.9391287565231323,1.4498411417007446,,
10,36989,1.061684250831604,1.63238525390625,,
10,36999,0.7747741937637329,1.1981452703475952,,
10,37009,0.9990477561950684,1.6118104457855225,,
10,37019,0.8016927242279053,1.106676459312439,,
10,37029,0.8142091035842896,0.9938240051269531,,
10,37039,0.7736655473709106,0.9280776977539062,,
10,37049,0.7999184131622314,1.0653948783874512,,
10,37059,0.9180052876472473,1.4057896137237549,,
10,37069,1.076371669769287,1.5625007152557373,,
10,37079,0.9853338003158569,1.3744885921478271,,
10,37089,0.9061567783355713,1.5409890413284302,,
10,37099,0.9770405292510986,1.3261208534240723,,
10,37109,1.0210950374603271,1.5131951570510864,,
10,37119,0.8873907923698425,1.359715461730957,,
10,37129,1.09595787525177,1.7322310209274292,,
10,37139,0.9933975338935852,1.3796284198760986,,
10,37149,0.7604964971542358,1.020503044128418,,
10,37159,1.072133183479309,1.9522656202316284,,
10,37169,0.8900713920593262,1.0109914541244507,,
10,37179,0.8708401918411255,1.0080769062042236,,
10,37189,0.898735523223877,1.1937060356140137,,
10,37199,0.712046205997467,0.8375488519668579,,
10,37209,0.9357188940048218,1.2483463287353516,,
10,37219,0.8153709173202515,1.0310139656066895,,
10,37229,0.9426511526107788,1.5469459295272827,,
10,37239,0.9506951570510864,1.514863133430481,,
10,37249,0.8868339657783508,1.2409493923187256,,
10,37259,0.6700948476791382,0.8313257694244385,,
10,37269,1.0264838933944702,1.7269232273101807,,
10,37279,1.1467032432556152,2.142134666442871,,
10,37289,1.1384543180465698,2.211549758911133,,
10,37299,0.9599251747131348,1.4863917827606201,,
10,37309,0.9241827130317688,1.2990984916687012,,
10,37319,1.0350565910339355,1.5582456588745117,,
10,37329,0.8727056980133057,1.0489333868026733,,
10,37339,0.9771813154220581,1.5108952522277832,,
10,37349,0.9365841150283813,1.2813694477081299,,
10,37359,0.6674306988716125,0.6915283799171448,,
10,37369,1.156699538230896,1.9526726007461548,,
10,37379,0.9493653774261475,1.2233948707580566,,
10,37389,1.0090327262878418,1.71665358543396,,
10,37399,0.8366228342056274,1.0199530124664307,,
10,37409,0.8963529467582703,1.3291598558425903,,
10,37419,0.8988089561462402,1.1940677165985107,,
10,37429,1.0832550525665283,1.9858282804489136,,
10,37439,1.0417428016662598,1.6173081398010254,,
10,37449,0.839905321598053,0.8755497336387634,,
10,37459,1.3047740459442139,2.7550277709960938,,
10,37469,0.6709045171737671,0.6793137788772583,,
10,37479,0.7744797468185425,0.9060623049736023,,
10,37489,1.0304564237594604,1.686535120010376,,
10,37499,0.9071561098098755,1.0657713413238525,,
10,37509,1.0372581481933594,1.706092357635498,,
10,37519,0.9716895222663879,1.2797646522521973,,
10,37529,0.847917914390564,1.3006240129470825,,
10,37539,0.9406595826148987,1.5979758501052856,,
10,37549,0.902375340461731,1.158659815788269,,
10,37559,0.8615151643753052,1.0494441986083984,,
10,37569,0.8712654709815979,1.0676870346069336,,
10,37579,0.7811437845230103,0.8785611987113953,,
10,37589,0.9477958679199219,1.7627363204956055,,
10,37599,1.081165075302124,1.903341293334961,,
10,37609,0.7533566355705261,0.7892433404922485,,
10,37619,0.7223392128944397,0.8768912553787231,,
10,37629,1.1072410345077515,1.9873809814453125,,
10,37639,0.8173709511756897,0.987120509147644,,
10,37649,0.9288870692253113,1.3257077932357788,,
10,37659,0.9490856528282166,1.2968227863311768,,
10,37669,0.8109011054039001,1.0511584281921387,,
10,37679,1.1275136470794678,2.275984525680542,,
10,37689,1.0384219884872437,1.5447077751159668,,
10,37699,0.9066576957702637,1.1231106519699097,,
10,37709,1.0661109685897827,1.8382019996643066,,
10,37719,1.1503312587738037,2.1336488723754883,,
10,37729,0.929751992225647,1.1959500312805176,,
10,37739,0.8924559354782104,1.2578569650650024,,
10,37749,0.7394777536392212,0.8395494818687439,,
10,37759,0.8769279718399048,1.1568734645843506,,
10,37769,0.9536648392677307,1.5654884576797485,,
10,37779,0.8881024718284607,1.1321702003479004,,
10,37789,0.779255747795105,1.0145436525344849,,
10,37799,0.8255905508995056,1.106778621673584,,
10,37809,1.089170217514038,1.9620184898376465,,
10,37817,,,0.9102537035942078,1.3225669860839844
11,37819,0.9343536496162415,1.4231152534484863,,
11,37829,0.726766049861908,0.8125548362731934,,
11,37839,0.8416075110435486,1.060204029083252,,
11,37849,0.7659821510314941,0.9646714925765991,,
11,37859,0.7974041700363159,0.988528311252594,,
11,37869,0.8129299283027649,1.2100615501403809,,
11,37879,0.8843832015991211,1.219543218612671,,
11,37889,0.7765360474586487,0.9743428826332092,,
11,37899,0.9830970168113708,1.2866121530532837,,
11,37909,0.8975870609283447,1.2692394256591797,,
11,37919,0.907673716545105,1.2666492462158203,,
11,37929,0.8404691815376282,1.13064706325531,,
11,37939,0.7563206553459167,0.8901485800743103,,
11,37949,0.925634503364563,1.3257732391357422,,
11,37959,1.0349111557006836,1.5212748050689697,,
11,37969,0.7361045479774475,0.8346617817878723,,
11,37979,0.8747278451919556,1.1664732694625854,,
11,37989,0.8845481872558594,1.281189203262329,,
11,37999,1.1021902561187744,1.876509189605713,,
11,38009,0.780058741569519,0.9186925888061523,,
11,38019,0.9117355942726135,1.1727731227874756,,
11,38029,1.0620815753936768,1.8473397493362427,,
11,38039,0.8195313215255737,1.1667308807373047,,
11,38049,1.071933388710022,1.821058988571167,,
11,38059,0.9150813221931458,1.2275643348693848,,
11,38069,1.0680053234100342,1.6630663871765137,,
11,38079,0.7524021863937378,0.9709028005599976,,
11,38089,0.804972767829895,0.9551755785942078,,
11,38099,0.8794881701469421,1.1798474788665771,,
11,38109,0.8276114463806152,0.9319964647293091,,
11,38119,0.8545002937316895,1.175524115562439,,
11,38129,0.9188895225524902,1.333999514579773,,
11,38139,1.1598989963531494,2.524991273880005,,
11,38149,0.9181603789329529,1.3241150379180908,,
11,38159,0.8296148777008057,1.0803334712982178,,
11,38169,1.0651285648345947,1.6366443634033203,,
11,38179,0.8941987752914429,1.3153221607208252,,
11,38189,0.8374468684196472,1.0906918048858643,,
11,38199,0.9644463658332825,1.2606559991836548,,
11,38209,0.8258843421936035,0.8866764307022095,,
11,38219,0.9456674456596375,1.524736762046814,,
11,38229,0.8847230672836304,1.2440365552902222,,
11,38239,0.8570435047149658,1.120880126953125,,
11,38249,1.0010045766830444,1.428047776222229,,
11,38259,0.9487887620925903,1.7505066394805908,,
11,38269,0.9372572302818298,1.259793996810913,,
11,38279,0.8794982433319092,1.2396492958068848,,
11,38289,0.9268811941146851,1.357448935508728,,
11,38299,0.8564655780792236,1.1090266704559326,,
11,38309,0.8089665174484253,1.0888725519180298,,
11,38319,0.9743674993515015,1.3221815824508667,,
11,38329,0.8107764720916748,1.138749599456787,,
11,38339,0.7728028297424316,0.9915456771850586,,
11,38349,1.0370450019836426,1.5272936820983887,,
11,38359,0.8845471143722534,1.2328879833221436,,
11,38369,0.9524456262588501,1.4328469038009644,,
11,38379,1.134539246559143,1.7522997856140137,,
11,38389,1.0769929885864258,1.4846919775009155,,
11,38399,0.7473771572113037,1.0251398086547852,,
11,38409,0.8578571081161499,1.0330009460449219,,
11,38419,0.967097282409668,1.3412569761276245,,
11,38429,0.9757159948348999,1.1942378282546997,,
11,38439,1.1739106178283691,2.0238873958587646,,
11,38449,0.7623563408851624,0.927070140838623,,
11,38459,1.0812522172927856,1.8338425159454346,,
11,38469,0.8272985219955444,1.0941219329833984,,
11,38479,0.8174117803573608,1.009084939956665,,
11,38489,0.7288599014282227,0.8934049606323242,,
11,38499,1.0120419263839722,2.3079612255096436,,
11,38509,1.0962300300598145,1.7972794771194458,,
11,38519,0.9471454620361328,1.2902175188064575,,
11,38529,0.8908034563064575,1.2739067077636719,,
11,38539,0.9227173328399658,1.2678238153457642,,
11,38549,0.7233018279075623,1.0254745483398438,,
11,38559,0.9242632389068604,1.3927702903747559,,
11,38569,0.8916293382644653,1.1058248281478882,,
11,38579,0.6864665150642395,0.7700273990631104,,
11,38589,0.6137581467628479,0.6616641879081726,,
11,38599,0.9638426303863525,1.4059126377105713,,
11,38609,1.0634822845458984,1.738386631011963,,
11,38619,0.8033729791641235,0.8627701997756958,,
11,38629,0.9993749856948853,2.0190837383270264,,
11,38639,1.1318292617797852,1.7917931079864502,,
11,38649,0.9270120859146118,1.2870745658874512,,
11,38659,0.7834311723709106,0.9093775749206543,,
11,38669,1.0214312076568604,1.6730924844741821,,
11,38679,0.8568733930587769,1.202771782875061,,
11,38689,0.831020176410675,1.2625633478164673,,
11,38699,1.0544829368591309,2.140296459197998,,
11,38709,0.7902856469154358,1.120288372039795,,
11,38719,0.9906325936317444,1.3107309341430664,,
11,38729,0.8439371585845947,1.0991517305374146,,
11,38739,1.0478851795196533,1.510467290878296,,
11,38749,0.7256936430931091,0.7844365835189819,,
11,38759,0.840928316116333,1.1007139682769775,,
11,38769,0.7531536817550659,0.9278944730758667,,
11,38779,0.7863292694091797,0.9022780656814575,,
11,38789,0.8856256008148193,1.2720458507537842,,
11,38799,0.9340482950210571,1.1564146280288696,,
11,38809,0.7916725873947144,1.1703925132751465,,
11,38819,0.7656751871109009,0.9385057091712952,,
11,38829,0.8392080664634705,1.0298144817352295,,
11,38839,0.7606936693191528,0.8795927166938782,,
11,38849,0.8014640212059021,0.8850760459899902,,
11,38859,1.2088738679885864,2.539402484893799,,
11,38869,1.013779640197754,1.521432876586914,,
11,38879,0.8666136264801025,1.421734094619751,,
11,38889,0.7550957202911377,1.0204863548278809,,
11,38899,0.7852303981781006,1.0766555070877075,,
11,38909,0.9740848541259766,1.3499175310134888,,
11,38919,1.1262032985687256,2.0205867290496826,,
11,38929,1.0477490425109863,1.9326003789901733,,
11,38939,0.9378350377082825,1.3690228462219238,,
11,38949,1.0072702169418335,1.6741766929626465,,
11,38959,0.9253371953964233,1.1678440570831299,,
11,38969,0.7931878566741943,0.9800926446914673,,
11,38979,0.9659526348114014,1.6248486042022705,,
11,38989,0.7467349171638489,0.7998417615890503,,
11,38999,0.7055033445358276,0.8269898891448975,,
11,39009,1.0102715492248535,1.4482308626174927,,
11,39019,0.7938594222068787,0.9517907500267029,,
11,39029,0.8642770051956177,1.2002179622650146,,
11,39039,0.882960319519043,1.200092077255249,,
11,39049,0.8163195848464966,0.9392383694648743,,
11,39059,0.8635767102241516,0.9582322835922241,,
11,39069,0.7875834703445435,1.1017862558364868,,
11,39079,0.8119120001792908,1.0568852424621582,,
11,39089,0.987260103225708,1.3644911050796509,,
11,39099,0.9748959541320801,1.5269243717193604,,
11,39109,0.9910181760787964,1.494035005569458,,
11,39119,0.7867952585220337,0.9693785905838013,,
11,39129,0.8863539695739746,1.0945767164230347,,
11,39139,0.896403968334198,1.1459240913391113,,
11,39149,0.9257657527923584,1.2782273292541504,,
11,39159,0.8379737734794617,1.200047492980957,,
11,39169,1.1033058166503906,1.6871689558029175,,
11,39179,1.063795804977417,1.570931077003479,,
11,39189,0.926452100276947,1.7108726501464844,,
11,39199,0.8054447174072266,1.0366188287734985,,
11,39209,0.8075128197669983,0.9847181439399719,,
11,39219,0.769603431224823,1.0480241775512695,,
11,39229,0.8796621561050415,1.083688735961914,,
11,39239,0.6975271105766296,0.7195655703544617,,
11,39249,0.8808274865150452,1.2167940139770508,,
11,39259,0.896358072757721,1.1574031114578247,,
11,39269,0.8587584495544434,1.126948356628418,,
11,39279,0.9341943860054016,1.2161405086517334,,
11,39289,0.7507750988006592,0.8786957859992981,,
11,39299,0.8185227513313293,1.088268756866455,,
11,39309,1.3434714078903198,3.6237995624542236,,
11,39319,1.2489352226257324,3.0838916301727295,,
11,39329,0.9505519270896912,1.5421255826950073,,
11,39339,0.8131580948829651,1.0324841737747192,,
11,39349,1.1598374843597412,2.0792386531829834,,
11,39359,0.9169626235961914,1.1546591520309448,,
11,39369,0.8795698881149292,1.1526052951812744,,
11,39379,0.8115313649177551,1.106292963027954,,
11,39389,1.137668251991272,1.7798418998718262,,
11,39399,0.8963445425033569,1.2267016172409058,,
11,39409,0.7774001955986023,1.0173990726470947,,
11,39419,0.8383291959762573,0.967822790145874,,
11,39429,0.8799144625663757,1.0965858697891235,,
11,39439,0.7654563784599304,1.005171537399292,,
11,39449,0.9519107937812805,1.3689067363739014,,
11,39459,0.8855987787246704,1.1264296770095825,,
11,39469,1.0136444568634033,1.710707426071167,,
11,39479,0.97998046875,1.5712339878082275,,
11,39489,0.962626576423645,1.5373250246047974,,
11,39499,0.7790176272392273,1.128831386566162,,
11,39509,0.8098467588424683,1.0698435306549072,,
11,39519,0.942038893699646,1.3361738920211792,,
11,39529,0.942285418510437,1.4299341440200806,,
11,39539,0.8707056045532227,1.180037260055542,,
11,39549,0.7491313219070435,0.8095779418945312,,
11,39559,0.7995988130569458,0.9423627853393555,,
11,39569,0.830306887626648,1.0406241416931152,,
11,39579,0.8838161826133728,1.2768750190734863,,
11,39589,0.9313242435455322,1.335045576095581,,
11,39599,1.0020225048065186,1.5375776290893555,,
11,39609,0.9997134208679199,1.4907286167144775,,
11,39619,0.8671534061431885,1.1626102924346924,,
11,39629,0.7439643144607544,0.9415568709373474,,
11,39639,0.8732994794845581,1.1033555269241333,,
11,39649,0.9054153561592102,1.155946969985962,,
11,39659,0.6693241596221924,0.7922083139419556,,
11,39669,0.9144963026046753,1.2650270462036133,,
11,39679,1.1844203472137451,2.039259910583496,,
11,39689,0.8003109693527222,1.072460412979126,,
11,39699,1.137683391571045,5.50855016708374,,
11,39709,0.8139647245407104,1.0976977348327637,,
11,39719,0.9783400297164917,1.3649178743362427,,
11,39729,1.0890157222747803,1.738856315612793,,
11,39739,1.1082103252410889,1.9719010591506958,,
11,39749,0.7264310121536255,0.7629558444023132,,
11,39759,0.6500883102416992,0.7801467180252075,,
11,39769,0.8490254878997803,1.0424684286117554,,
11,39779,0.6838153600692749,0.8248291015625,,
11,39789,0.7516331672668457,0.8292891979217529,,
11,39799,1.1984293460845947,2.3189961910247803,,
11,39809,0.8872517943382263,1.0316976308822632,,
11,39819,0.9216833710670471,1.1994047164916992,,
11,39829,0.9207723140716553,1.6939949989318848,,
11,39839,0.7661129236221313,0.8407069444656372,,
11,39849,0.6961119771003723,0.7992208003997803,,
11,39859,0.7705898284912109,0.968764066696167,,
11,39869,1.0233573913574219,1.4747889041900635,,
11,39879,1.1209754943847656,1.7444113492965698,,
11,39889,0.8466782569885254,1.1314259767532349,,
11,39899,1.1247971057891846,2.4463541507720947,,
11,39909,1.043355941772461,1.9866342544555664,,
11,39919,0.892442524433136,1.0601234436035156,,
11,39929,1.021056890487671,1.5383100509643555,,
11,39939,1.1559607982635498,2.804368495941162,,
11,39949,0.857674241065979,0.9962310791015625,,
11,39959,0.9002244472503662,1.0803648233413696,,
11,39969,0.904531717300415,1.2952075004577637,,
11,39979,1.1480056047439575,2.138686180114746,,
11,39989,0.8589246273040771,1.093120813369751,,
11,39999,0.8270442485809326,1.0905101299285889,,
11,40009,1.1586241722106934,1.9083309173583984,,
11,40019,1.0629663467407227,1.74150550365448,,
11,40029,0.8052195906639099,0.895836591720581,,
11,40039,0.9663907885551453,1.3090503215789795,,
11,40049,1.014421820640564,1.4284816980361938,,
11,40059,0.9638119339942932,1.3300927877426147,,
11,40069,0.9059858322143555,1.1487215757369995,,
11,40079,0.908219039440155,1.2215696573257446,,
11,40089,0.7842603325843811,0.9650673866271973,,
11,40099,0.9761307239532471,1.5071423053741455,,
11,40109,0.8536644577980042,1.1380912065505981,,
11,40119,1.1338329315185547,1.934666395187378,,
11,40129,0.8603972792625427,1.1566085815429688,,
11,40139,0.7831128835678101,0.9403215646743774,,
11,40149,0.9540265202522278,1.4809139966964722,,
11,40159,0.7516494393348694,0.8612666726112366,,
11,40169,1.0341873168945312,1.557856559753418,,
11,40179,0.6898369193077087,0.6900454759597778,,
11,40189,0.999151885509491,1.5107563734054565,,
11,40199,0.8397763967514038,1.246782898902893,,
11,40209,1.0902644395828247,1.596278190612793,,
11,40219,1.0843021869659424,1.7370004653930664,,
11,40229,0.8805358409881592,1.2145309448242188,,
11,40239,0.7457476854324341,0.8480151891708374,,
11,40249,0.938744306564331,1.1501119136810303,,
11,40259,0.9712913632392883,1.3802361488342285,,
11,40269,0.7052618265151978,0.7603608965873718,,
11,40279,1.0921906232833862,1.9051902294158936,,
11,40289,0.7677790522575378,0.9542065858840942,,
11,40299,0.9459130764007568,1.381669521331787,,
11,40309,0.6522299647331238,0.6814303994178772,,
11,40319,0.8573627471923828,1.0478049516677856,,
11,40329,1.017462968826294,1.6391302347183228,,
11,40339,0.6547699570655823,0.752694308757782,,
11,40349,0.789444088935852,0.8913626670837402,,
11,40359,0.9142058491706848,1.4256421327590942,,
11,40369,1.000166893005371,1.4945926666259766,,
11,40379,1.0372331142425537,2.1331796646118164,,
11,40389,0.7622978687286377,0.8728038668632507,,
11,40399,1.124328374862671,1.8259767293930054,,
11,40409,0.9898209571838379,1.7095459699630737,,
11,40419,1.0265820026397705,1.4248948097229004,,
11,40429,1.0036629438400269,1.597407579421997,,
11,40439,0.8096686601638794,0.9988822340965271,,
11,40449,0.8134820461273193,1.1288447380065918,,
11,40459,0.8844064474105835,1.2790474891662598,,
11,40469,0.5510222911834717,0.5105127096176147,,
11,40479,0.9462488293647766,1.4459545612335205,,
11,40489,0.7965706586837769,0.9887256622314453,,
11,40499,0.8058614134788513,0.9654661417007446,,
11,40509,0.9892361164093018,1.6963911056518555,,
11,40519,0.8149207830429077,1.082392930984497,,
11,40529,0.7489110231399536,0.8920907974243164,,
11,40539,0.9118643999099731,1.539074182510376,,
11,40549,0.9239453077316284,1.1291817426681519,,
11,40559,0.7696356177330017,0.935234546661377,,
11,40569,0.8307921886444092,1.1687030792236328,,
11,40579,0.9944521188735962,1.5097272396087646,,
11,40589,1.0364923477172852,1.826568365097046,,
11,40599,1.007042646408081,1.51631760597229,,
11,40609,0.9194481372833252,1.201094627380371,,
11,40619,0.864015519618988,1.1419715881347656,,
11,40629,0.9668083786964417,1.524033546447754,,
11,40639,0.8448400497436523,1.1101388931274414,,
11,40649,0.9196522235870361,1.3181512355804443,,
11,40659,1.1925278902053833,2.435187339782715,,
11,40669,0.8426162004470825,0.9656422138214111,,
11,40679,0.7811254262924194,1.0052276849746704,,
11,40689,1.124427318572998,1.7949004173278809,,
11,40699,0.9880752563476562,1.5466442108154297,,
11,40709,1.2469695806503296,2.210780620574951,,
11,40719,0.8742417097091675,1.174249529838562,,
11,40729,0.9265992045402527,1.6349238157272339,,
11,40739,0.991775393486023,1.36154043674469,,
11,40749,1.0371900796890259,1.4791641235351562,,
11,40759,0.8222901821136475,0.9792656898498535,,
11,40769,0.9239398241043091,1.379744052886963,,
11,40779,0.9989669322967529,1.8000738620758057,,
11,40789,0.8571773767471313,1.0702645778656006,,
11,40799,0.8758362531661987,1.1188015937805176,,
11,40809,0.772783637046814,1.2052018642425537,,
11,40819,0.9225063323974609,1.158766508102417,,
11,40829,0.9309799075126648,1.1541554927825928,,
11,40839,1.1481000185012817,2.097282648086548,,
11,40849,0.9953211545944214,1.5451877117156982,,
11,40859,0.9363471269607544,1.3238112926483154,,
11,40869,1.2164415121078491,2.821011543273926,,
11,40879,0.7384423613548279,0.8875917196273804,,
11,40889,0.8906694650650024,1.4161207675933838,,
11,40899,0.9616235494613647,1.454317569732666,,
11,40909,0.9607603549957275,1.2251019477844238,,
11,40919,0.7829149961471558,0.9650469422340393,,
11,40929,0.8504966497421265,1.0995254516601562,,
11,40939,0.7379892468452454,0.9152253866195679,,
11,40949,0.9838099479675293,1.4600982666015625,,
11,40959,0.9614865779876709,1.3382951021194458,,
11,40969,1.0543262958526611,1.7234636545181274,,
11,40979,1.020864725112915,2.0899767875671387,,
11,40989,1.0328481197357178,1.7910441160202026,,
11,40999,1.0579596757888794,1.586397647857666,,
11,41009,0.8648289442062378,1.123525857925415,,
11,41019,1.1575376987457275,1.8589481115341187,,
11,41029,0.9852030277252197,1.4182757139205933,,
11,41039,0.9529149532318115,1.745202660560608,,
11,41049,0.5761776566505432,0.5166077017784119,,
11,41059,0.8456239700317383,1.0883554220199585,,
11,41069,0.7928647994995117,0.978862464427948,,
11,41079,0.6077706217765808,0.5358743667602539,,
11,41089,0.7679600715637207,1.1295559406280518,,
11,41099,0.8573741912841797,1.1623997688293457,,
11,41109,0.809287965297699,1.0028557777404785,,
11,41119,0.8108439445495605,1.0630764961242676,,
11,41129,1.0264612436294556,1.7480719089508057,,
11,41139,0.7064459323883057,0.9756698608398438,,
11,41149,1.0556597709655762,1.7928693294525146,,
11,41159,1.297072172164917,2.304311752319336,,
11,41169,0.7122781872749329,0.8657642006874084,,
11,41179,0.8157954216003418,1.1120126247406006,,
11,41189,0.668849766254425,0.701461911201477,,
11,41199,0.8333163261413574,1.1469255685806274,,
11,41209,0.9858171343803406,1.3072909116744995,,
11,41219,0.8331957459449768,1.1806848049163818,,
11,41229,1.123763084411621,1.8540229797363281,,
11,41239,0.7620946168899536,1.0928423404693604,,
11,41249,1.0322685241699219,2.301255702972412,,
11,41255,,,0.9106602668762207,1.3229719400405884
12,41259,0.8552414178848267,1.1717692613601685,,
12,41269,1.0669041872024536,1.6667487621307373,,
12,41279,0.932355523109436,1.272884488105774,,
12,41289,0.9333066940307617,1.8131823539733887,,
12,41299,0.9739186763763428,1.4556808471679688,,
12,41309,0.8712927103042603,1.267701506614685,,
12,41319,0.9064778089523315,1.407820701599121,,
12,41329,0.911426305770874,1.3592722415924072,,
12,41339,0.9339945316314697,1.2414205074310303,,
12,41349,0.8267955183982849,1.0415048599243164,,
12,41359,0.7930229902267456,0.8831292986869812,,
12,41369,0.8937463164329529,1.149062156677246,,
12,41379,0.7157321572303772,0.8216525912284851,,
12,41389,1.0627020597457886,1.6409149169921875,,
12,41399,0.8592577576637268,1.1380841732025146,,
12,41409,1.040047526359558,1.7050354480743408,,
12,41419,0.833912193775177,1.1021058559417725,,
12,41429,0.8067284822463989,1.053070306777954,,
12,41439,0.9341704845428467,1.5228749513626099,,
12,41449,0.9744822978973389,1.6222705841064453,,
12,41459,0.6705349683761597,0.6639403104782104,,
12,41469,1.083787202835083,1.8480229377746582,,
12,41479,0.7407423257827759,0.8120779991149902,,
12,41489,1.16300630569458,2.297149419784546,,
12,41499,0.7280834913253784,0.7627308368682861,,
12,41509,0.945937991142273,1.3296282291412354,,
12,41519,0.7762143611907959,1.2836790084838867,,
12,41529,0.861217200756073,1.1579976081848145,,
12,41539,0.995701014995575,1.3472362756729126,,
12,41549,0.7857757806777954,0.9396388530731201,,
12,41559,0.7914694547653198,1.2009795904159546,,
12,41569,0.9675854444503784,1.244267225265503,,
12,41579,1.0441913604736328,1.5781505107879639,,
12,41589,0.8267976641654968,1.0584373474121094,,
12,41599,0.9107664823532104,1.2100305557250977,,
12,41609,0.651333212852478,0.6591864824295044,,
12,41619,0.7971060276031494,1.0891962051391602,,
12,41629,0.8250945806503296,1.1638742685317993,,
12,41639,0.9189264178276062,1.2928448915481567,,
12,41649,0.7579952478408813,1.106203317642212,,
12,41659,0.8977917432785034,1.4005169868469238,,
12,41669,0.7555090188980103,0.9099817872047424,,
12,41679,0.8642860054969788,1.1225697994232178,,
12,41689,0.9605224132537842,1.4294971227645874,,
12,41699,0.7951152324676514,0.9817581176757812,,
12,41709,1.3183611631393433,4.252554893493652,,
12,41719,0.9589872360229492,1.6219230890274048,,
12,41729,0.8192800879478455,0.9971827864646912,,
12,41739,0.9778656959533691,1.5101059675216675,,
12,41749,1.0958541631698608,2.128901958465576,,
12,41759,0.8322765827178955,1.0615971088409424,,
12,41769,0.7284412384033203,0.9062774181365967,,
12,41779,0.9690905213356018,1.5513570308685303,,
12,41789,1.107940912246704,1.9392502307891846,,
12,41799,0.9965450167655945,1.436673879623413,,
12,41809,0.7365422248840332,0.7448022365570068,,
12,41819,1.0426150560379028,1.5946979522705078,,
12,41829,1.0033546686172485,1.3990602493286133,,
12,41839,0.8440224528312683,1.1097975969314575,,
12,41849,1.0621076822280884,1.8591588735580444,,
12,41859,1.112440586090088,1.775535225868225,,
12,41869,1.0264381170272827,1.582842230796814,,
12,41879,0.6988400220870972,0.7726086974143982,,
12,41889,0.9133684039115906,1.2031192779541016,,
12,41899,0.9023944735527039,1.1890294551849365,,
12,41909,0.9879959225654602,1.551121473312378,,
12,41919,0.8425866365432739,1.249385118484497,,
12,41929,0.8880399465560913,1.169560432434082,,
12,41939,1.046596884727478,1.722344994544983,,
12,41949,0.8103840947151184,0.9604178667068481,,
12,41959,1.0844488143920898,1.9362156391143799,,
12,41969,0.740999698638916,0.9358022212982178,,
12,41979,0.7228794693946838,0.9320294857025146,,
12,41989,1.119106411933899,1.8147821426391602,,
12,41999,0.9848885536193848,1.5082738399505615,,
12,42009,0.9284691214561462,1.3947008848190308,,
12,42019,0.9593803882598877,1.3940668106079102,,
12,42029,1.0742089748382568,1.6554896831512451,,
12,42039,0.9044237732887268,1.3694939613342285,,
12,42049,1.0080595016479492,1.522742748260498,,
12,42059,0.7860239744186401,1.0881211757659912,,
12,42069,1.0106232166290283,1.4877688884735107,,
12,42079,0.6632230877876282,0.7082089185714722,,
12,42089,1.1147551536560059,1.879888892173767,,
12,42099,1.0504186153411865,1.480053424835205,,
12,42109,0.8653615713119507,1.148364782333374,,
12,42119,1.0362756252288818,1.5281689167022705,,
12,42129,0.7853999137878418,1.0544350147247314,,
12,42139,0.9606746435165405,1.4411147832870483,,
12,42149,1.015440583229065,1.514108657836914,,
12,42159,0.9077706933021545,1.1396889686584473,,
12,42169,0.7330244183540344,0.9188273549079895,,
12,42179,0.940271258354187,1.182232141494751,,
12,42189,0.9996770620346069,1.4427388906478882,,
12,42199,0.8729283809661865,1.243863582611084,,
12,42209,0.9276821613311768,1.5831714868545532,,
12,42219,0.9551750421524048,1.4784878492355347,,
12,42229,0.8171259760856628,1.3180867433547974,,
12,42239,0.9603833556175232,1.5720586776733398,,
12,42249,0.907813310623169,1.3286783695220947,,
12,42259,0.8962373733520508,1.1536310911178589,,
12,42269,1.0714058876037598,1.6896719932556152,,
12,42279,1.1301357746124268,1.8715623617172241,,
12,42289,0.9797917604446411,1.3758502006530762,,
12,42299,0.9307867288589478,1.4038481712341309,,
12,42309,0.7631707191467285,0.8933452367782593,,
12,42319,0.7292976379394531,0.8668780326843262,,
12,42329,0.9223600625991821,1.225067138671875,,
12,42339,0.9225647449493408,1.3487472534179688,,
12,42349,0.9114869832992554,1.1842559576034546,,
12,42359,0.8398029804229736,1.1718014478683472,,
12,42369,0.757149338722229,0.9125373363494873,,
12,42379,0.8172181844711304,0.9483558535575867,,
12,42389,0.6627035140991211,0.696194052696228,,
12,42399,0.8020215034484863,0.9236708283424377,,
12,42409,1.0585074424743652,1.734813928604126,,
12,42419,0.7146047353744507,0.7216086387634277,,
12,42429,0.9458727836608887,1.2017707824707031,,
12,42439,0.734225332736969,0.8782590627670288,,
12,42449,0.9410825371742249,1.2775561809539795,,
12,42459,0.8374252319335938,1.0195186138153076,,
12,42469,0.7476216554641724,0.9352584481239319,,
12,42479,0.9131911993026733,1.2308229207992554,,
12,42489,0.8103794455528259,0.9334940910339355,,
12,42499,0.6384978890419006,0.5502372980117798,,
12,42509,0.8544266223907471,1.335771083831787,,
12,42519,1.1097911596298218,1.815462350845337,,
12,42529,1.0047800540924072,1.5279855728149414,,
12,42539,1.05567467212677,1.6003378629684448,,
12,42549,0.8114227056503296,0.9751058220863342,,
12,42559,1.035616159439087,1.4192910194396973,,
12,42569,1.03226637840271,1.6066021919250488,,
12,42579,0.7108155488967896,0.7432031631469727,,
12,42589,0.8042269349098206,1.0739562511444092,,
12,42599,0.7758121490478516,0.8624362945556641,,
12,42609,0.8657793998718262,1.0132007598876953,,
12,42619,0.9904764294624329,1.3197503089904785,,
12,42629,0.9688698649406433,1.538183569908142,,
12,42639,0.8585498332977295,1.1726996898651123,,
12,42649,1.129715085029602,1.7874553203582764,,
12,42659,1.166766881942749,2.2595694065093994,,
12,42669,0.8576391935348511,1.082273244857788,,
12,42679,1.0775315761566162,2.31575345993042,,
12,42689,0.9231736660003662,1.1725417375564575,,
12,42699,0.9520657062530518,1.3996660709381104,,
12,42709,0.9010090827941895,1.1933300495147705,,
12,42719,0.9006158709526062,1.2434000968933105,,
12,42729,0.8454275131225586,1.2858085632324219,,
12,42739,0.7512658834457397,0.9657620787620544,,
12,42749,0.927032470703125,1.240985631942749,,
12,42759,0.9327690005302429,1.292633056640625,,
12,42769,0.878998875617981,1.217174768447876,,
12,42779,1.0621542930603027,1.7213832139968872,,
12,42789,0.9482128620147705,1.406755805015564,,
12,42799,0.744408130645752,0.9539763331413269,,
12,42809,0.8384038805961609,1.0086315870285034,,
12,42819,0.7425544261932373,0.8913699984550476,,
12,42829,0.9796375036239624,1.6286301612854004,,
12,42839,0.7815709114074707,0.8947943449020386,,
12,42849,0.8715044260025024,1.3912773132324219,,
12,42859,0.8057147264480591,0.9690419435501099,,
12,42869,0.8086497187614441,0.9017593860626221,,
12,42879,0.650774359703064,0.635915994644165,,
12,42889,1.05049467086792,2.2924506664276123,,
12,42899,0.923059344291687,1.1925060749053955,,
12,42909,0.8198654651641846,1.0768187046051025,,
12,42919,0.804887056350708,1.0498607158660889,,
12,42929,0.846674919128418,0.9605960249900818,,
12,42939,0.5170014500617981,0.40700748562812805,,
12,42949,0.7519324421882629,0.8703296184539795,,
12,42959,0.8536937236785889,1.3344422578811646,,
12,42969,0.8905916213989258,1.2019352912902832,,
12,42979,0.8093884587287903,1.0217385292053223,,
12,42989,0.7741038799285889,0.8791488409042358,,
12,42999,0.9903393983840942,1.875662088394165,,
12,43009,0.7601613998413086,1.010861873626709,,
12,43019,0.7461857199668884,0.997498631477356,,
12,43029,0.6886948347091675,0.7485419511795044,,
12,43039,0.95887690782547,1.3141140937805176,,
12,43049,1.0011465549468994,1.5031859874725342,,
12,43059,0.7235077619552612,0.9465460777282715,,
12,43069,1.026487112045288,1.6439263820648193,,
12,43079,0.8672820329666138,1.289792537689209,,
12,43089,0.7446677088737488,0.8600599765777588,,
12,43099,0.903296709060669,1.4676015377044678,,
12,43109,0.774928092956543,1.1012057065963745,,
12,43119,1.093383550643921,1.6561615467071533,,
12,43129,0.7143740057945251,0.902631938457489,,
12,43139,0.8277814984321594,1.1302258968353271,,
12,43149,0.8930259943008423,1.35664701461792,,
12,43159,0.8411408066749573,0.9865562915802002,,
12,43169,0.8049834370613098,0.9712822437286377,,
12,43179,0.7361186742782593,0.8253961801528931,,
12,43189,0.913146436214447,1.260541558265686,,
12,43199,0.7886142730712891,0.9853169918060303,,
12,43209,0.8415810465812683,1.0687012672424316,,
12,43219,1.0458195209503174,1.680326223373413,,
12,43229,0.8050723075866699,0.9708546996116638,,
12,43239,0.8970618844032288,1.2847528457641602,,
12,43249,1.0654189586639404,1.6153886318206787,,
12,43259,0.8003185987472534,0.9711005091667175,,
12,43269,0.7136604189872742,0.765730619430542,,
12,43279,0.892646312713623,1.230556845664978,,
12,43289,0.8545575141906738,1.3526334762573242,,
12,43299,0.9118566513061523,1.1859294176101685,,
12,43309,0.9737468361854553,1.2989671230316162,,
12,43319,0.9503310918807983,1.3977614641189575,,
12,43329,0.920543909072876,1.1856884956359863,,
12,43339,0.7470558285713196,0.9122976064682007,,
12,43349,0.8853805065155029,1.086712121963501,,
12,43359,1.2103636264801025,2.003679037094116,,
12,43369,0.9386492967605591,1.4104363918304443,,
12,43379,0.9948805570602417,1.663867712020874,,
12,43389,0.9346370100975037,1.2643465995788574,,
12,43399,0.8421703577041626,0.9601743221282959,,
12,43409,1.0258842706680298,1.7026935815811157,,
12,43419,1.0070340633392334,1.3964447975158691,,
12,43429,0.8631477355957031,1.192718267440796,,
12,43439,0.8760251402854919,1.2781009674072266,,
12,43449,0.6929892897605896,0.6397019624710083,,
12,43459,1.1239203214645386,1.563596487045288,,
12,43469,1.0505849123001099,1.856693983078003,,
12,43479,0.9966722130775452,1.4874730110168457,,
12,43489,1.2258758544921875,1.9644092321395874,,
12,43499,0.9316283464431763,1.4715557098388672,,
12,43509,0.8909423351287842,1.1726182699203491,,
12,43519,0.8628092408180237,1.1433378458023071,,
12,43529,0.9800325632095337,1.3562722206115723,,
12,43539,0.987375020980835,1.3450593948364258,,
12,43549,0.7416732311248779,0.8512541651725769,,
12,43559,0.809593141078949,1.0152413845062256,,
12,43569,1.0270965099334717,1.7462470531463623,,
12,43579,0.8805913329124451,1.2051212787628174,,
12,43589,0.8503891825675964,1.1724385023117065,,
12,43599,1.0257254838943481,1.4293544292449951,,
12,43609,0.9162294864654541,1.6418564319610596,,
12,43619,0.7998396754264832,0.8940210342407227,,
12,43629,0.8208671808242798,1.139398217201233,,
12,43639,1.0699586868286133,1.5040569305419922,,
12,43649,0.9481531977653503,1.4817724227905273,,
12,43659,0.877633810043335,1.0430397987365723,,
12,43669,0.8726591467857361,1.0501551628112793,,
12,43679,0.9766100645065308,1.4675153493881226,,
12,43689,0.9716441631317139,1.3795233964920044,,
12,43699,0.7793018817901611,0.9426755309104919,,
12,43709,1.0026884078979492,1.620742917060852,,
12,43719,0.9421831369400024,1.4493669271469116,,
12,43729,0.9226750731468201,1.2288001775741577,,
12,43739,0.9865846633911133,1.3451361656188965,,
12,43749,0.9126448035240173,1.1435819864273071,,
12,43759,0.8842741250991821,1.3509186506271362,,
12,43769,0.9197479486465454,1.240035057067871,,
12,43779,0.9110149145126343,1.399406909942627,,
12,43789,0.9408953189849854,1.3896832466125488,,
12,43799,0.8925068378448486,1.5194916725158691,,
12,43809,0.6840691566467285,0.782699704170227,,
12,43819,1.0030286312103271,1.468192219734192,,
12,43829,1.0156466960906982,1.9021159410476685,,
12,43839,0.92864990234375,1.338109016418457,,
12,43849,1.0000547170639038,1.4941086769104004,,
12,43859,0.9316883683204651,1.3713223934173584,,
12,43869,0.8010224103927612,1.012592077255249,,
12,43879,0.8518321514129639,1.0610449314117432,,
12,43889,0.7989439964294434,0.9407643675804138,,
12,43899,0.7777348756790161,0.9855350255966187,,
12,43909,0.9489717483520508,1.3998527526855469,,
12,43919,1.004431962966919,1.379843831062317,,
12,43929,0.8707301616668701,1.1628284454345703,,
12,43939,0.9303808808326721,1.1616507768630981,,
12,43949,0.8967447280883789,1.274801254272461,,
12,43959,0.9321833848953247,1.4792662858963013,,
12,43969,0.9943592548370361,1.32327139377594,,
12,43979,0.7170999646186829,0.9086841344833374,,
12,43989,0.8242868185043335,1.060705542564392,,
12,43999,1.0539789199829102,1.50460946559906,,
12,44009,1.0376291275024414,1.5473408699035645,,
12,44019,0.7345938086509705,0.8646068572998047,,
12,44029,1.0185225009918213,1.7301220893859863,,
12,44039,0.9837480783462524,1.3852992057800293,,
12,44049,0.8318827748298645,0.9179623126983643,,
12,44059,0.9198813438415527,1.4807443618774414,,
12,44069,0.9768731594085693,1.597837209701538,,
12,44079,0.7538484930992126,1.0086705684661865,,
12,44089,1.0525715351104736,1.404831886291504,,
12,44099,0.7919536232948303,1.010049819946289,,
12,44109,0.9449608325958252,1.3014676570892334,,
12,44119,0.8483189344406128,1.1732110977172852,,
12,44129,1.1685552597045898,2.24424409866333,,
12,44139,0.8337974548339844,1.3045289516448975,,
12,44149,0.866958737373352,1.353901743888855,,
12,44159,1.0229697227478027,1.5638394355773926,,
12,44169,0.9296665191650391,1.353959560394287,,
12,44179,0.985854983329773,1.3947763442993164,,
12,44189,0.8052644729614258,1.071232557296753,,
12,44199,0.994472324848175,1.2635328769683838,,
12,44209,0.8012059926986694,0.9242566823959351,,
12,44219,0.9242911338806152,1.1323641538619995,,
12,44229,1.0441484451293945,1.73527193069458,,
12,44239,1.0193912982940674,1.4984421730041504,,
12,44249,0.7594294548034668,0.891577959060669,,
12,44259,1.0388171672821045,1.5090925693511963,,
12,44269,0.7961176037788391,1.0064424276351929,,
12,44279,0.9126958250999451,1.2472567558288574,,
12,44289,0.9635714292526245,1.5729414224624634,,
12,44299,0.9199850559234619,1.3102515935897827,,
12,44309,1.0418723821640015,1.61890709400177,,
12,44319,0.9345164895057678,1.2595497369766235,,
12,44329,0.9214874505996704,1.4093453884124756,,
12,44339,0.7985771298408508,0.9748803377151489,,
12,44349,0.7742084264755249,0.8732661604881287,,
12,44359,0.7077553272247314,0.8531842827796936,,
12,44369,0.8144794702529907,1.060634732246399,,
12,44379,0.8722461462020874,1.1493480205535889,,
12,44389,1.0080605745315552,1.476701259613037,,
12,44399,0.6562158465385437,0.7895838022232056,,
12,44409,0.6004577875137329,0.5686804056167603,,
12,44419,0.979698896408081,1.2786684036254883,,
12,44429,0.8442409634590149,1.064661979675293,,
12,44439,0.8874944448471069,1.2521593570709229,,
12,44449,0.8432042002677917,1.0812535285949707,,
12,44459,0.9116039276123047,1.3376649618148804,,
12,44469,1.0585476160049438,1.5580995082855225,,
12,44479,0.8510181903839111,1.0227104425430298,,
12,44489,0.8309862613677979,1.124954104423523,,
12,44499,0.8752394914627075,1.2146527767181396,,
12,44509,0.8280353546142578,1.1963207721710205,,
12,44519,1.0995768308639526,1.7540158033370972,,
12,44529,0.7137911319732666,0.8203332424163818,,
12,44539,0.7672097086906433,0.9806833267211914,,
12,44549,0.9844814538955688,1.3676172494888306,,
12,44559,0.8383609056472778,1.1678639650344849,,
12,44569,0.9204264879226685,1.2756805419921875,,
12,44579,1.1951019763946533,2.048792600631714,,
12,44589,0.9688433408737183,1.455486536026001,,
12,44599,0.8076694011688232,1.054905891418457,,
12,44609,0.9103947877883911,1.0280503034591675,,
12,44619,1.0122365951538086,1.3120495080947876,,
12,44629,0.9096301794052124,1.367924451828003,,
12,44639,0.9669640064239502,1.3084604740142822,,
12,44649,1.0010597705841064,1.4506993293762207,,
12,44659,0.855728268623352,1.0787475109100342,,
12,44669,0.954613983631134,1.4024019241333008,,
12,44679,0.8721964359283447,1.1932849884033203,,
12,44689,0.8825277090072632,1.0147955417633057,,
12,44693,,,0.9098836779594421,1.3229032754898071
13,44699,0.7000781297683716,0.733322024345398,,
13,44709,1.0159296989440918,1.604071021080017,,
13,44719,0.7010655999183655,0.7945225238800049,,
13,44729,0.9196621179580688,1.232507348060608,,
13,44739,0.8074893355369568,1.0953251123428345,,
13,44749,0.7422754764556885,0.8553242683410645,,
13,44759,1.0405199527740479,1.9190113544464111,,
13,44769,0.8183392882347107,0.9976176023483276,,
13,44779,0.9411448836326599,1.1881463527679443,,
13,44789,1.102989673614502,2.104069232940674,,
13,44799,0.673640251159668,0.7456929087638855,,
13,44809,1.029114007949829,1.5463604927062988,,
13,44819,0.7944590449333191,0.9383412599563599,,
13,44829,0.8720791339874268,1.2973395586013794,,
13,44839,1.1165333986282349,1.7231802940368652,,
13,44849,0.9519571661949158,1.2831871509552002,,
13,44859,0.8922348022460938,1.1208093166351318,,
13,44869,1.0262022018432617,1.6827936172485352,,
13,44879,0.6505473852157593,0.7009504437446594,,
13,44889,0.8677346110343933,1.172055721282959,,
13,44899,1.1300694942474365,2.338897466659546,,
13,44909,0.8135176301002502,0.9588074684143066,,
13,44919,0.8174067735671997,1.036876916885376,,
13,44929,0.8348827362060547,1.2387206554412842,,
13,44939,1.0406367778778076,1.404714822769165,,
13,44949,0.764348566532135,0.9087675213813782,,
13,44959,1.071866512298584,2.0034003257751465,,
13,44969,1.0671465396881104,1.6485263109207153,,
13,44979,0.9860535264015198,1.570966124534607,,
13,44989,0.8458720445632935,1.1836729049682617,,
13,44999,0.8247624039649963,1.0251187086105347,,
13,45009,0.9909048676490784,1.4073786735534668,,
13,45019,0.9332670569419861,1.3118013143539429,,
13,45029,1.0292224884033203,1.3297693729400635,,
13,45039,0.9490052461624146,1.730368733406067,,
13,45049,1.3496592044830322,2.493919610977173,,
13,45059,0.7457590699195862,0.8494872450828552,,
13,45069,1.0550509691238403,1.7731757164001465,,
13,45079,0.7349302768707275,0.9238918423652649,,
13,45089,0.9637340307235718,1.2374393939971924,,
13,45099,1.0129014253616333,1.886215090751648,,
13,45109,0.8450732827186584,1.247321605682373,,
13,45119,0.7293384671211243,0.8147915005683899,,
13,45129,1.0571975708007812,1.6314727067947388,,
13,45139,0.9012174010276794,1.2004643678665161,,
13,45149,1.0050157308578491,1.7841541767120361,,
13,45159,0.9090681076049805,1.2549185752868652,,
13,45169,1.081076979637146,2.0658977031707764,,
13,45179,1.0793724060058594,1.5690633058547974,,
13,45189,0.9870836138725281,1.5584566593170166,,
13,45199,0.960573136806488,1.7001454830169678,,
13,45209,0.7292738556861877,0.729062557220459,,
13,45219,0.7526189088821411,0.8022642135620117,,
13,45229,0.7146990895271301,0.8068411350250244,,
13,45239,1.1046154499053955,1.715991497039795,,
13,45249,1.220905065536499,2.2486329078674316,,
13,45259,0.775036096572876,0.9607381820678711,,
13,45269,0.8800395131111145,1.242805004119873,,
13,45279,1.0529206991195679,1.513419270515442,,
13,45289,0.9614881277084351,1.3437787294387817,,
13,45299,0.8868813514709473,1.036747694015503,,
13,45309,0.9405075311660767,1.4769220352172852,,
13,45319,0.9721288681030273,1.3426868915557861,,
13,45329,0.8815947771072388,1.1985682249069214,,
13,45339,0.7883204817771912,1.0482131242752075,,
13,45349,0.7841168642044067,0.9972395896911621,,
13,45359,0.768963098526001,0.866123616695404,,
13,45369,0.9233354926109314,1.2704325914382935,,
13,45379,0.9702425003051758,1.8495813608169556,,
13,45389,1.0423080921173096,1.6971874237060547,,
13,45399,0.8662348389625549,1.1545181274414062,,
13,45409,0.8686256408691406,1.2816169261932373,,
13,45419,1.020585060119629,1.7841905355453491,,
13,45429,0.8267483711242676,0.9615262746810913,,
13,45439,1.0009437799453735,1.3024295568466187,,
13,45449,1.057939887046814,1.471224308013916,,
13,45459,0.673222541809082,0.8780442476272583,,
13,45469,0.7724454402923584,1.1127309799194336,,
13,45479,0.7582924365997314,1.085996389389038,,
13,45489,0.7140840291976929,0.7336679100990295,,
13,45499,0.9202076196670532,1.1308039426803589,,
13,45509,0.9930660724639893,1.2983508110046387,,
13,45519,0.8012775182723999,0.985199511051178,,
13,45529,0.80201655626297,1.016442060470581,,
13,45539,0.8373129963874817,1.3521305322647095,,
13,45549,1.0174461603164673,1.6187560558319092,,
13,45559,1.0169589519500732,1.5839207172393799,,
13,45569,0.7447225451469421,0.9236214756965637,,
13,45579,1.1083991527557373,1.7239559888839722,,
13,45589,0.9627928137779236,1.3010176420211792,,
13,45599,0.9903667569160461,1.3946057558059692,,
13,45609,0.9165328741073608,1.3914530277252197,,
13,45619,0.6782909631729126,0.7355765104293823,,
13,45629,0.8302758932113647,1.1070387363433838,,
13,45639,0.8800419569015503,1.2126719951629639,,
13,45649,0.8493989706039429,1.1227867603302002,,
13,45659,0.8210636377334595,1.2042677402496338,,
13,45669,0.9770314693450928,1.5402398109436035,,
13,45679,0.9520612955093384,1.310325264930725,,
13,45689,0.7594360113143921,0.9970805644989014,,
13,45699,0.8663694858551025,1.1196664571762085,,
13,45709,1.0645561218261719,1.6797220706939697,,
13,45719,0.7550070285797119,0.931448757648468,,
13,45729,1.0222129821777344,1.5692930221557617,,
13,45739,0.8941198587417603,1.2318466901779175,,
13,45749,0.935815691947937,1.2571817636489868,,
13,45759,1.1279215812683105,1.8783520460128784,,
13,45769,0.914368748664856,1.350362777709961,,
13,45779,0.9718550443649292,1.5477244853973389,,
13,45789,0.8218719363212585,1.0871987342834473,,
13,45799,0.7469995617866516,0.8484039306640625,,
13,45809,0.9842187166213989,1.435775637626648,,
13,45819,0.9292656183242798,1.3625738620758057,,
13,45829,0.8580722808837891,1.048456072807312,,
13,45839,0.8093205094337463,0.9721683859825134,,
13,45849,0.9289429187774658,1.4947558641433716,,
13,45859,1.0111452341079712,1.8693127632141113,,
13,45869,0.8128150701522827,0.9984852075576782,,
13,45879,1.1405093669891357,1.8489282131195068,,
13,45889,1.139317512512207,2.044534683227539,,
13,45899,0.9860178232192993,1.3152352571487427,,
13,45909,0.8953925967216492,1.2612489461898804,,
13,45919,0.8573842644691467,1.1614573001861572,,
13,45929,0.9672081470489502,1.7004671096801758,,
13,45939,0.7753195762634277,0.87259441614151,,
13,45949,0.9218862056732178,1.2452481985092163,,
13,45959,1.0704050064086914,1.5565824508666992,,
13,45969,0.8249401450157166,1.123357892036438,,
13,45979,0.957297146320343,1.256882667541504,,
13,45989,0.8405117988586426,1.3796868324279785,,
13,45999,0.9200637340545654,1.2714416980743408,,
13,46009,0.7545207142829895,0.9585754871368408,,
13,46019,1.1189380884170532,2.1153171062469482,,
13,46029,0.7004204988479614,0.7854210734367371,,
13,46039,0.6328208446502686,0.7209727764129639,,
13,46049,1.024949073791504,1.5287714004516602,,
13,46059,1.0270768404006958,1.425304889678955,,
13,46069,0.797148585319519,1.0464509725570679,,
13,46079,0.6615326404571533,0.624190092086792,,
13,46089,0.8591697216033936,0.9862120747566223,,
13,46099,0.8536840677261353,1.0062928199768066,,
13,46109,1.1389758586883545,1.6573975086212158,,
13,46119,0.95728600025177,1.3061168193817139,,
13,46129,0.9161064624786377,1.2756024599075317,,
13,46139,0.8477246761322021,1.1178489923477173,,
13,46149,0.7680767178535461,0.8170398473739624,,
13,46159,0.8090261816978455,1.5935546159744263,,
13,46169,0.9129959344863892,1.3918120861053467,,
13,46179,0.911996603012085,1.179664134979248,,
13,46189,1.160988211631775,1.9592869281768799,,
13,46199,1.1097488403320312,2.7896361351013184,,
13,46209,0.9303478002548218,1.5169668197631836,,
13,46219,0.8811861276626587,1.3758453130722046,,
13,46229,0.8954727649688721,1.2987737655639648,,
13,46239,1.0097545385360718,1.6598519086837769,,
13,46249,0.8553743362426758,0.9319703578948975,,
13,46259,0.7438608407974243,0.9623183608055115,,
13,46269,1.0212738513946533,1.781637191772461,,
13,46279,0.8146234154701233,1.1251541376113892,,
13,46289,0.9899794459342957,1.5190372467041016,,
13,46299,0.7418604493141174,0.8100039958953857,,
13,46309,0.8588390350341797,1.152818202972412,,
13,46319,0.719663143157959,0.7276054620742798,,
13,46329,0.8000838756561279,0.9973962306976318,,
13,46339,1.0848743915557861,1.7475216388702393,,
13,46349,0.9335342645645142,1.4543797969818115,,
13,46359,0.996367871761322,1.4793241024017334,,
13,46369,0.6008941531181335,0.5417144298553467,,
13,46379,0.8158339262008667,0.9127933979034424,,
13,46389,1.065598964691162,1.5742454528808594,,
13,46399,0.9153347015380859,1.3750545978546143,,
13,46409,0.8662735223770142,1.2408928871154785,,
13,46419,0.9041895866394043,1.419616460800171,,
13,46429,1.0448569059371948,1.542377233505249,,
13,46439,1.0056910514831543,1.2786928415298462,,
13,46449,0.9390739798545837,1.2146623134613037,,
13,46459,0.8954910635948181,1.21769380569458,,
13,46469,0.9316374063491821,1.2908918857574463,,
13,46479,0.880652904510498,1.0685832500457764,,
13,46489,0.8484445214271545,1.070178747177124,,
13,46499,0.9318610429763794,1.3915969133377075,,
13,46509,1.1810119152069092,2.152775764465332,,
13,46519,0.8790944218635559,1.3405966758728027,,
13,46529,0.8384930491447449,1.0826003551483154,,
13,46539,1.077157974243164,1.6374105215072632,,
13,46549,0.9196978211402893,1.9460909366607666,,
13,46559,1.0475971698760986,2.3972997665405273,,
13,46569,0.7832174301147461,1.0785022974014282,,
13,46579,0.8854652643203735,1.1705626249313354,,
13,46589,1.1126967668533325,1.9758442640304565,,
13,46599,1.056932806968689,1.495369791984558,,
13,46609,0.8861808776855469,1.1697330474853516,,
13,46619,0.7860140800476074,0.9254343509674072,,
13,46629,0.8613240718841553,1.2336680889129639,,
13,46639,0.9008197784423828,1.3406155109405518,,
13,46649,0.8584308624267578,1.1337895393371582,,
13,46659,0.6958534717559814,0.7661432027816772,,
13,46669,0.9149526357650757,1.297332525253296,,
13,46679,1.0372885465621948,1.814023494720459,,
13,46689,0.8621953725814819,1.0998115539550781,,
13,46699,0.909089982509613,1.4125819206237793,,
13,46709,0.817539393901825,1.3976871967315674,,
13,46719,0.841557502746582,1.1107451915740967,,
13,46729,1.0423492193222046,1.6245638132095337,,
13,46739,0.9482972025871277,1.319284439086914,,
13,46749,0.8511897325515747,1.443467378616333,,
13,46759,0.9623088240623474,1.4664366245269775,,
13,46769,0.936844527721405,1.4438598155975342,,
13,46779,0.9738675355911255,1.3244667053222656,,
13,46789,0.8234314322471619,1.0331836938858032,,
13,46799,0.7316455841064453,0.9012036919593811,,
13,46809,0.8844379186630249,1.9052913188934326,,
13,46819,0.8328542709350586,1.2121264934539795,,
13,46829,0.9867022037506104,1.4187812805175781,,
13,46839,1.0770821571350098,1.545365810394287,,
13,46849,0.9365939497947693,1.4756529331207275,,
13,46859,0.9318264722824097,1.5315135717391968,,
13,46869,0.8328774571418762,1.0779684782028198,,
13,46879,1.1791601181030273,1.7795900106430054,,
13,46889,0.8954176306724548,1.1585185527801514,,
13,46899,0.7508752346038818,1.0160858631134033,,
13,46909,1.1745080947875977,2.0635874271392822,,
13,46919,0.6150244474411011,0.65858393907547,,
13,46929,1.090552806854248,1.8748316764831543,,
13,46939,0.7507807016372681,0.9086073040962219,,
13,46949,0.7840181589126587,0.9884213209152222,,
13,46959,0.8496430516242981,1.2199230194091797,,
13,46969,0.8771138787269592,1.1490545272827148,,
13,46979,0.9170287847518921,1.3683339357376099,,
13,46989,0.95432049036026,1.3544466495513916,,
13,46999,1.0408803224563599,1.7548754215240479,,
13,47009,1.0102009773254395,1.438000202178955,,
13,47019,0.8483902215957642,1.1362345218658447,,
13,47029,0.9117740392684937,1.1874455213546753,,
13,47039,0.8157910704612732,0.9881445169448853,,
13,47049,0.73862224817276,0.8685664534568787,,
13,47059,0.9146335124969482,1.2255698442459106,,
13,47069,0.87955641746521,1.2180094718933105,,
13,47079,0.9525263905525208,1.4230175018310547,,
13,47089,0.9030665755271912,1.3357045650482178,,
13,47099,0.7781161665916443,0.8999131917953491,,
13,47109,0.8171292543411255,1.0671653747558594,,
13,47119,0.8389247059822083,0.9992712736129761,,
13,47129,0.880495548248291,1.3480188846588135,,
13,47139,0.8620185852050781,1.3679322004318237,,
13,47149,1.004991054534912,1.3783055543899536,,
13,47159,0.9234112501144409,1.3680522441864014,,
13,47169,1.0005241632461548,1.4713168144226074,,
13,47179,0.9370032548904419,1.1876904964447021,,
13,47189,0.9470555782318115,2.0037851333618164,,
13,47199,0.9050705432891846,1.21951162815094,,
13,47209,0.6813183426856995,0.7866378426551819,,
13,47219,0.9732142686843872,1.2143187522888184,,
13,47229,1.0068261623382568,1.3674447536468506,,
13,47239,1.1466188430786133,1.9389135837554932,,
13,47249,0.9185654520988464,1.2471657991409302,,
13,47259,0.7649049758911133,0.9679853320121765,,
13,47269,0.8143594861030579,1.0536671876907349,,
13,47279,0.9854095578193665,1.6846283674240112,,
13,47289,1.1125129461288452,1.802422285079956,,
13,47299,0.8456884622573853,1.028477430343628,,
13,47309,0.8232630491256714,1.0282305479049683,,
13,47319,0.8350943326950073,1.2522262334823608,,
13,47329,0.971967339515686,1.5221917629241943,,
13,47339,0.9005395770072937,1.1290422677993774,,
13,47349,0.9794248342514038,1.552109718322754,,
13,47359,0.895627498626709,1.249571681022644,,
13,47369,1.1674270629882812,1.8409864902496338,,
13,47379,0.9762275218963623,1.3813722133636475,,
13,47389,0.8740572929382324,1.177825689315796,,
13,47399,0.9125409722328186,1.3540446758270264,,
13,47409,0.8647278547286987,1.1872961521148682,,
13,47419,0.6583012342453003,0.6161362528800964,,
13,47429,1.022693157196045,1.525983214378357,,
13,47439,0.9449353218078613,1.1954467296600342,,
13,47449,0.993118405342102,1.5997363328933716,,
13,47459,0.9120476841926575,1.197848916053772,,
13,47469,0.9058195948600769,1.2465627193450928,,
13,47479,0.9548619985580444,1.2535274028778076,,
13,47489,0.8099380731582642,1.1932239532470703,,
13,47499,0.7420555353164673,0.7888715863227844,,
13,47509,1.0813307762145996,2.164731979370117,,
13,47519,1.000866174697876,1.4245572090148926,,
13,47529,1.065650463104248,1.6476366519927979,,
13,47539,0.9221808910369873,1.2995532751083374,,
13,47549,0.9667307138442993,2.185868263244629,,
13,47559,0.8528110980987549,1.1634857654571533,,
13,47569,0.8704442977905273,1.1111401319503784,,
13,47579,0.834488034248352,1.0630004405975342,,
13,47589,1.0111438035964966,1.3781707286834717,,
13,47599,0.976658821105957,1.5191707611083984,,
13,47609,0.9339039325714111,1.4574618339538574,,
13,47619,0.8948732614517212,1.3515549898147583,,
13,47629,0.9192967414855957,1.2811275720596313,,
13,47639,1.191046118736267,2.1036195755004883,,
13,47649,0.7442383766174316,0.9280638694763184,,
13,47659,0.9251196980476379,1.234713077545166,,
13,47669,0.9377446174621582,1.4121387004852295,,
13,47679,1.0492780208587646,1.6684149503707886,,
13,47689,1.0553867816925049,1.5302197933197021,,
13,47699,0.8746337890625,1.350809097290039,,
13,47709,1.0552709102630615,1.897598385810852,,
13,47719,0.9620087146759033,1.2686150074005127,,
13,47729,1.0521972179412842,1.4436454772949219,,
13,47739,0.8260795474052429,1.2651019096374512,,
13,47749,1.0315910577774048,1.3937233686447144,,
13,47759,0.9412962198257446,1.405876636505127,,
13,47769,1.0263561010360718,1.444021224975586,,
13,47779,0.9562969207763672,1.2474385499954224,,
13,47789,0.8395035266876221,1.089456558227539,,
13,47799,0.9080183506011963,1.2125190496444702,,
13,47809,0.7169643640518188,1.146956205368042,,
13,47819,1.168616771697998,1.8889424800872803,,
13,47829,1.0194097757339478,1.5175166130065918,,
13,47839,0.8323549032211304,0.9918528199195862,,
13,47849,0.7600683569908142,0.8913867473602295,,
13,47859,0.8308664560317993,1.275357961654663,,
13,47869,0.909532904624939,1.380366325378418,,
13,47879,0.9728639721870422,1.3024317026138306,,
13,47889,0.842503547668457,1.1201484203338623,,
13,47899,0.9566221237182617,1.2590079307556152,,
13,47909,0.6803803443908691,0.6765128374099731,,
13,47919,0.707333505153656,0.7519810199737549,,
13,47929,1.042386531829834,1.486100196838379,,
13,47939,0.8723157048225403,1.0769518613815308,,
13,47949,0.9890944957733154,1.4153201580047607,,
13,47959,0.9830905795097351,1.6637990474700928,,
13,47969,0.894088864326477,1.1408796310424805,,
13,47979,1.0083422660827637,1.5191030502319336,,
13,47989,1.1732678413391113,2.085362672805786,,
13,47999,1.061781883239746,1.6764459609985352,,
13,48009,0.9043048620223999,1.1000418663024902,,
13,48019,1.0782684087753296,1.6391044855117798,,
13,48029,0.9072871804237366,1.154305100440979,,
13,48039,0.992960512638092,1.4457279443740845,,
13,48049,1.1613478660583496,1.8958193063735962,,
13,48059,0.7741138935089111,1.053637146949768,,
13,48069,0.9287545084953308,1.179651141166687,,
13,48079,1.0218311548233032,2.057332992553711,,
13,48089,1.2992570400238037,2.914646625518799,,
13,48099,0.8467487692832947,1.0564318895339966,,
13,48109,1.119564414024353,2.0654377937316895,,
13,48119,0.8709597587585449,1.1666443347930908,,
13,48129,0.7827428579330444,0.8191545009613037,,
13,48131,,,0.9129947423934937,1.3271368741989136
14,48139,0.9004335403442383,2.133399724960327,,
14,48149,0.8406393527984619,1.032171607017517,,
14,48159,0.7403705716133118,0.9950295090675354,,
14,48169,1.0145882368087769,1.6506212949752808,,
14,48179,0.8556479811668396,1.1371235847473145,,
14,48189,0.8107650876045227,0.830883264541626,,
14,48199,0.7574172019958496,0.8334270119667053,,
14,48209,1.1406670808792114,1.7408604621887207,,
14,48219,0.8141968250274658,1.072688341140747,,
14,48229,1.052717685699463,2.165501594543457,,
14,48239,0.9962290525436401,2.2314000129699707,,
14,48249,0.8395429253578186,0.9902860522270203,,
14,48259,0.9089471697807312,1.3415982723236084,,
14,48269,0.7358892560005188,0.8520950078964233,,
14,48279,1.0341081619262695,1.694685697555542,,
14,48289,1.0639971494674683,1.4930778741836548,,
14,48299,0.8683134317398071,1.1325414180755615,,
14,48309,0.8458157181739807,1.180816650390625,,
14,48319,0.7215975522994995,0.8299157023429871,,
14,48329,0.7921186685562134,1.042691707611084,,
14,48339,0.7689307928085327,0.9222111701965332,,
14,48349,1.0537854433059692,1.7908027172088623,,
14,48359,0.8688937425613403,1.290757417678833,,
14,48369,0.7230331897735596,0.7623565793037415,,
14,48379,0.7165137529373169,0.7812671661376953,,
14,48389,0.8721332550048828,1.139398455619812,,
14,48399,0.8613021373748779,1.225672960281372,,
14,48409,0.8707224726676941,1.3296664953231812,,
14,48419,1.0247998237609863,1.829143762588501,,
14,48429,0.6652787327766418,0.7836959958076477,,
14,48439,0.8325405120849609,1.1449499130249023,,
14,48449,1.0858814716339111,1.8356027603149414,,
14,48459,0.8756871223449707,1.3706998825073242,,
14,48469,1.0020644664764404,1.6624188423156738,,
14,48479,0.9214215874671936,1.6343166828155518,,
14,48489,0.9141349792480469,1.2199268341064453,,
14,48499,0.9188865423202515,1.62687349319458,,
14,48509,1.0988755226135254,1.930893898010254,,
14,48519,0.9544564485549927,1.2966251373291016,,
14,48529,1.3390002250671387,4.752276420593262,,
14,48539,0.8398592472076416,1.032963752746582,,
14,48549,0.9977480173110962,1.3644661903381348,,
14,48559,1.0463275909423828,1.5849889516830444,,
14,48569,0.7445377111434937,0.8324742913246155,,
14,48579,1.0004503726959229,1.3946655988693237,,
14,48589,1.0654761791229248,1.5836633443832397,,
14,48599,0.8636732697486877,1.1373333930969238,,
14,48609,1.3135063648223877,2.2367889881134033,,
14,48619,0.9649730920791626,1.2878212928771973,,
14,48629,0.9381725192070007,1.2280510663986206,,
14,48639,0.9540821313858032,1.4470579624176025,,
14,48649,0.8628286123275757,1.1029200553894043,,
14,48659,0.8213112950325012,1.1474082469940186,,
14,48669,0.8911446928977966,1.147590160369873,,
14,48679,0.9369470477104187,1.5823116302490234,,
14,48689,1.0392777919769287,1.898989200592041,,
14,48699,0.832655668258667,1.013619303703308,,
14,48709,0.8852821588516235,1.2019422054290771,,
14,48719,0.8307622671127319,1.152268409729004,,
14,48729,0.9346959590911865,1.3420813083648682,,
14,48739,0.9554704427719116,1.249887228012085,,
14,48749,0.9283183813095093,1.2711321115493774,,
14,48759,0.986979603767395,1.5210156440734863,,
14,48769,0.9503606557846069,1.293262004852295,,
14,48779,0.7620068788528442,0.8281872868537903,,
14,48789,0.7783427238464355,0.985829770565033,,
14,48799,0.8405312299728394,1.1175727844238281,,
14,48809,0.7409781813621521,1.0049225091934204,,
14,48819,0.8408790826797485,1.0852605104446411,,
14,48829,1.0096499919891357,1.4745025634765625,,
14,48839,0.9154762625694275,1.2360609769821167,,
14,48849,1.2301228046417236,1.8387022018432617,,
14,48859,1.1365761756896973,2.106959342956543,,
14,48869,0.8677366971969604,1.2230510711669922,,
14,48879,0.6840797066688538,0.8816359043121338,,
14,48889,0.7232611775398254,0.8300654888153076,,
14,48899,1.0856313705444336,1.6746349334716797,,
14,48909,1.2586407661437988,2.143996477127075,,
14,48919,0.7941749095916748,0.9959397315979004,,
14,48929,0.869587779045105,1.1147115230560303,,
14,48939,1.1332006454467773,1.8813250064849854,,
14,48949,0.8576647043228149,1.2394351959228516,,
14,48959,0.589542031288147,0.5174336433410645,,
14,48969,1.0557796955108643,2.729067802429199,,
14,48979,1.0033824443817139,1.6514208316802979,,
14,48989,0.9761091470718384,1.4718164205551147,,
14,48999,0.9549617767333984,1.605701208114624,,
14,49009,0.7702131271362305,0.8850611448287964,,
14,49019,0.870947003364563,1.1375114917755127,,
14,49029,0.8287301063537598,1.0039527416229248,,
14,49039,0.9109145998954773,1.3008997440338135,,
14,49049,0.8269973993301392,1.03071129322052,,
14,49059,0.8971134424209595,1.3633685111999512,,
14,49069,1.0400091409683228,1.498997688293457,,
14,49079,1.0569939613342285,1.6528513431549072,,
14,49089,1.000931739807129,1.7124913930892944,,
14,49099,1.093235731124878,1.8778074979782104,,
14,49109,0.8029810190200806,1.0291953086853027,,
14,49119,0.989559531211853,1.399824857711792,,
14,49129,0.7355055809020996,0.8865100741386414,,
14,49139,0.7579741477966309,0.8868153095245361,,
14,49149,0.7802416682243347,0.991253137588501,,
14,49159,0.8060652017593384,1.1785533428192139,,
14,49169,1.1113770008087158,1.918400526046753,,
14,49179,1.0281476974487305,1.6525828838348389,,
14,49189,0.8964385986328125,1.723273754119873,,
14,49199,1.1506562232971191,2.063361883163452,,
14,49209,0.9305137991905212,1.3034392595291138,,
14,49219,0.9240874648094177,1.5048972368240356,,
14,49229,0.962356686592102,1.278991937637329,,
14,49239,0.8891293406486511,1.2050271034240723,,
14,49249,1.0580551624298096,1.748213291168213,,
14,49259,1.1320128440856934,1.7922353744506836,,
14,49269,0.9123349189758301,1.3276703357696533,,
14,49279,0.9411081671714783,1.2286953926086426,,
14,49289,0.8087161779403687,0.940966010093689,,
14,49299,0.9762730002403259,1.3755598068237305,,
14,49309,1.023315668106079,1.6766951084136963,,
14,49319,0.8539890646934509,1.197274923324585,,
14,49329,0.8545860052108765,1.1252150535583496,,
14,49339,0.765232503414154,0.9259138107299805,,
14,49349,0.6660312414169312,0.68454909324646,,
14,49359,1.0494964122772217,1.5104635953903198,,
14,49369,0.8929837942123413,1.0938769578933716,,
14,49379,1.0942254066467285,1.7133996486663818,,
14,49389,0.8003313541412354,1.1433806419372559,,
14,49399,0.6031274199485779,0.5016220808029175,,
14,49409,0.7194080948829651,1.0475159883499146,,
14,49419,0.8538268208503723,0.9614638090133667,,
14,49429,0.7688737511634827,1.1645039319992065,,
14,49439,1.0223767757415771,1.5209527015686035,,
14,49449,0.8383169174194336,1.1649916172027588,,
14,49459,0.8198277950286865,1.186551570892334,,
14,49469,0.8489565849304199,1.1292853355407715,,
14,49479,0.9818184971809387,1.6307374238967896,,
14,49489,0.8497234582901001,1.0462870597839355,,
14,49499,0.979521632194519,1.3362977504730225,,
14,49509,0.7446985840797424,0.7881242036819458,,
14,49519,0.9025647640228271,1.3356703519821167,,
14,49529,0.9051918983459473,1.4239368438720703,,
14,49539,1.0378707647323608,1.523355484008789,,
14,49549,0.7194883823394775,0.7813186645507812,,
14,49559,0.8296829462051392,1.0915935039520264,,
14,49569,0.9156576991081238,1.5313668251037598,,
14,49579,0.7019468545913696,0.8243927955627441,,
14,49589,0.9621238708496094,1.3525605201721191,,
14,49599,0.7271907329559326,0.8623861074447632,,
14,49609,0.7530604004859924,0.9145853519439697,,
14,49619,0.7987143397331238,0.8997936248779297,,
14,49629,0.683108925819397,0.9145384430885315,,
14,49639,0.7969985008239746,1.0628330707550049,,
14,49649,1.165624737739563,1.9094765186309814,,
14,49659,1.1209896802902222,1.8925480842590332,,
14,49669,0.9280835390090942,1.3309133052825928,,
14,49679,1.0154781341552734,1.7339597940444946,,
14,49689,0.9646148681640625,1.5231592655181885,,
14,49699,0.7330799698829651,1.010791540145874,,
14,49709,0.7598756551742554,0.8159599900245667,,
14,49719,0.9326493144035339,1.1829062700271606,,
14,49729,1.152146339416504,2.554422378540039,,
14,49739,0.8082801103591919,0.8767797946929932,,
14,49749,0.9484633803367615,1.3736741542816162,,
14,49759,0.9275954961776733,1.38016939163208,,
14,49769,0.9079586267471313,1.211606502532959,,
14,49779,1.116875171661377,2.048485279083252,,
14,49789,1.109134554862976,1.7645442485809326,,
14,49799,0.8738391399383545,1.1207237243652344,,
14,49809,1.278186321258545,8.13869857788086,,
14,49819,0.8567854166030884,1.0753090381622314,,
14,49829,0.9982035160064697,1.7408522367477417,,
14,49839,0.7984530329704285,0.9237430095672607,,
14,49849,0.7487855553627014,1.128332257270813,,
14,49859,0.9434465765953064,1.2760560512542725,,
14,49869,1.0491764545440674,1.7619190216064453,,
14,49879,1.072803258895874,1.948662281036377,,
14,49889,0.6710162162780762,0.6172831058502197,,
14,49899,0.9373505711555481,1.5839083194732666,,
14,49909,0.9890654683113098,1.3422266244888306,,
14,49919,0.7849806547164917,1.2367942333221436,,
14,49929,0.8975934386253357,1.1478478908538818,,
14,49939,1.0818846225738525,1.7619811296463013,,
14,49949,0.8943510055541992,1.299806833267212,,
14,49959,1.1026352643966675,1.7845726013183594,,
14,49969,1.0346245765686035,2.5044360160827637,,
14,49979,0.9409645795822144,1.1502251625061035,,
14,49989,0.9677854776382446,1.5219838619232178,,
14,49999,1.0375266075134277,1.7865861654281616,,
14,50009,0.7919100522994995,1.0099594593048096,,
14,50019,0.9211922287940979,1.3326493501663208,,
14,50029,1.0158827304840088,1.555643916130066,,
14,50039,0.8800963163375854,1.2105839252471924,,
14,50049,0.6487405300140381,0.7607340812683105,,
14,50059,0.9157621264457703,1.2724170684814453,,
14,50069,0.7532937526702881,0.8863610625267029,,
14,50079,0.7892577052116394,1.0070369243621826,,
14,50089,0.7202140092849731,0.7875587940216064,,
14,50099,1.0230813026428223,1.7143206596374512,,
14,50109,1.1429038047790527,1.9236855506896973,,
14,50119,0.9457979202270508,1.325982928276062,,
14,50129,0.7585888504981995,0.8614559173583984,,
14,50139,0.7855722904205322,0.9758850336074829,,
14,50149,1.167083978652954,1.9979102611541748,,
14,50159,0.8320285081863403,0.9033148288726807,,
14,50169,0.7678127884864807,0.9161380529403687,,
14,50179,1.205674171447754,1.8422694206237793,,
14,50189,0.9630984663963318,1.5054214000701904,,
14,50199,0.802375853061676,0.9148706197738647,,
14,50209,0.963966965675354,1.6769827604293823,,
14,50219,0.782922625541687,0.9647070169448853,,
14,50229,0.723592221736908,0.8137060403823853,,
14,50239,0.8919069170951843,1.2269314527511597,,
14,50249,1.1304712295532227,1.802141785621643,,
14,50259,0.8321508169174194,1.060586929321289,,
14,50269,0.8554244041442871,1.1552642583847046,,
14,50279,1.1664924621582031,2.142946243286133,,
14,50289,1.0325645208358765,1.4860126972198486,,
14,50299,0.8992519378662109,1.3721792697906494,,
14,50309,0.9498121738433838,1.608849287033081,,
14,50319,0.892606794834137,1.2541453838348389,,
14,50329,0.7974170446395874,0.9322848320007324,,
14,50339,0.6714285612106323,0.786623477935791,,
14,50349,0.8465991616249084,1.1594023704528809,,
14,50359,1.0090959072113037,1.4322266578674316,,
14,50369,1.028861165046692,2.2735862731933594,,
14,50379,0.8118640184402466,1.0567703247070312,,
14,50389,1.10069739818573,1.8036741018295288,,
14,50399,0.8977758884429932,1.20799720287323,,
14,50409,0.7379043698310852,0.9480524063110352,,
14,50419,0.9193423986434937,1.136885166168213,,
14,50429,0.8189460039138794,1.0998672246932983,,
14,50439,0.8381258249282837,1.0720689296722412,,
14,50449,0.7378737926483154,0.828973650932312,,
14,50459,1.0779187679290771,1.5458489656448364,,
14,50469,1.1771397590637207,1.893121361732483,,
14,50479,1.0054484605789185,1.616807460784912,,
14,50489,0.92006516456604,1.376434326171875,,
14,50499,0.77959805727005,0.9128971099853516,,
14,50509,1.2977638244628906,2.342522144317627,,
14,50519,0.9621381759643555,1.44870924949646,,
14,50529,0.888684093952179,1.0251832008361816,,
14,50539,0.7329534292221069,0.7783570289611816,,
14,50549,0.9819328784942627,1.533225655555725,,
14,50559,0.9012049436569214,1.3578970432281494,,
14,50569,1.1300554275512695,1.858102560043335,,
14,50579,0.9707546234130859,1.7012507915496826,,
14,50589,0.6975767612457275,0.7707897424697876,,
14,50599,1.0146547555923462,1.5859029293060303,,
14,50609,0.8196176886558533,1.0400422811508179,,
14,50619,1.031313180923462,1.3913713693618774,,
14,50629,0.7173628807067871,0.8174283504486084,,
14,50639,0.8463146090507507,0.8985235095024109,,
14,50649,0.9988663792610168,1.3960111141204834,,
14,50659,0.8787247538566589,1.087271809577942,,
14,50669,0.9513360261917114,1.7311753034591675,,
14,50679,0.9131515026092529,1.1804938316345215,,
14,50689,0.9202041625976562,1.1403104066848755,,
14,50699,0.8851662874221802,1.2022786140441895,,
14,50709,0.9933444857597351,1.4670040607452393,,
14,50719,0.8992828130722046,1.225332498550415,,
14,50729,0.6879160404205322,0.6949647068977356,,
14,50739,0.8283631205558777,0.8855796456336975,,
14,50749,1.0684728622436523,1.554471731185913,,
14,50759,0.8751206398010254,1.177272081375122,,
14,50769,0.8352972865104675,0.981167197227478,,
14,50779,0.7332639694213867,0.8559303283691406,,
14,50789,1.0650131702423096,1.6709808111190796,,
14,50799,0.8983492851257324,1.3297088146209717,,
14,50809,0.8858975172042847,1.3678476810455322,,
14,50819,1.1461219787597656,1.8251888751983643,,
14,50829,0.7372809052467346,1.0417554378509521,,
14,50839,0.7633399367332458,0.9372619986534119,,
14,50849,0.7968078851699829,0.942360520362854,,
14,50859,0.7468465566635132,0.8536802530288696,,
14,50869,0.7522413730621338,0.9542208313941956,,
14,50879,0.8397830128669739,0.9938862323760986,,
14,50889,0.9052475690841675,1.40322744846344,,
14,50899,1.0837323665618896,1.5850783586502075,,
14,50909,1.0518759489059448,2.284209728240967,,
14,50919,0.927043616771698,1.155993938446045,,
14,50929,0.8933692574501038,1.2244625091552734,,
14,50939,0.7745956778526306,0.9453890323638916,,
14,50949,0.9463201761245728,1.1850887537002563,,
14,50959,0.8231239914894104,1.0365628004074097,,
14,50969,0.9845516681671143,1.3478477001190186,,
14,50979,0.7454875111579895,0.9188485741615295,,
14,50989,0.975141167640686,1.3062117099761963,,
14,50999,0.9900268316268921,1.4268701076507568,,
14,51009,0.9750056266784668,1.6917718648910522,,
14,51019,1.037008285522461,1.9183048009872437,,
14,51029,0.8241066932678223,1.0527961254119873,,
14,51039,0.7886353731155396,0.8961794972419739,,
14,51049,0.8281468152999878,0.9609861373901367,,
14,51059,0.7207177877426147,0.9112243056297302,,
14,51069,0.8135189414024353,1.040881633758545,,
14,51079,1.0856804847717285,2.1366496086120605,,
14,51089,0.7685507535934448,0.9979996085166931,,
14,51099,1.0560293197631836,1.8423850536346436,,
14,51109,0.9199063777923584,1.1907085180282593,,
14,51119,0.9703567028045654,1.4716894626617432,,
14,51129,0.7702927589416504,1.0117719173431396,,
14,51139,0.8167495727539062,1.0668355226516724,,
14,51149,0.8314235210418701,1.025692343711853,,
14,51159,1.1087357997894287,1.7492997646331787,,
14,51169,1.0649023056030273,1.5565969944000244,,
14,51179,0.7784311771392822,1.1014301776885986,,
14,51189,1.0226235389709473,1.545100212097168,,
14,51199,1.0632386207580566,1.7841768264770508,,
14,51209,0.7920349836349487,0.9413228034973145,,
14,51219,0.9180766940116882,1.3761699199676514,,
14,51229,0.873879075050354,1.2178465127944946,,
14,51239,0.9199856519699097,1.4336369037628174,,
14,51249,0.8263461589813232,1.3610835075378418,,
14,51259,0.8920935392379761,1.1987221240997314,,
14,51269,0.9823077917098999,1.5595999956130981,,
14,51279,0.9543215036392212,1.276834487915039,,
14,51289,1.0670753717422485,1.7318544387817383,,
14,51299,1.0465576648712158,1.4320440292358398,,
14,51309,1.063848614692688,1.8182811737060547,,
14,51319,0.930573582649231,1.1032307147979736,,
14,51329,0.6602066159248352,0.6520176529884338,,
14,51339,1.1970953941345215,2.7403557300567627,,
14,51349,1.1041934490203857,1.9321157932281494,,
14,51359,1.1105070114135742,1.7054593563079834,,
14,51369,0.863510012626648,1.286573886871338,,
14,51379,0.963770866394043,1.4563549757003784,,
14,51389,1.0046734809875488,1.4853414297103882,,
14,51399,0.9495740532875061,1.3218011856079102,,
14,51409,0.9354524612426758,1.3775110244750977,,
14,51419,1.0169346332550049,1.3700034618377686,,
14,51429,0.9974006414413452,2.6740128993988037,,
14,51439,0.8900765180587769,1.3049468994140625,,
14,51449,0.8695730566978455,1.3332473039627075,,
14,51459,0.9815259575843811,1.966288685798645,,
14,51469,0.8961212635040283,1.1859898567199707,,
14,51479,1.024123191833496,1.42768132686615,,
14,51489,0.9678126573562622,1.5668658018112183,,
14,51499,0.7689570784568787,0.7775813341140747,,
14,51509,0.7175325751304626,0.9438577890396118,,
14,51519,0.8644019365310669,1.300015926361084,,
14,51529,1.0222444534301758,1.4833407402038574,,
14,51539,0.8903487920761108,1.3475956916809082,,
14,51549,0.9198088645935059,1.2322137355804443,,
14,51559,0.8350410461425781,1.1516128778457642,,
14,51569,1.0471880435943604,1.6182374954223633,,
14,51569,,,0.9103842973709106,1.3226654529571533
15,51579,0.9394631385803223,1.5157849788665771,,
15,51589,0.8134829998016357,0.9913767576217651,,
15,51599,0.6741198897361755,0.8862512111663818,,
15,51609,0.901242733001709,1.1181821823120117,,
15,51619,0.9291213750839233,1.3660147190093994,,
15,51629,0.9960718154907227,1.4993038177490234,,
15,51639,0.9984278082847595,1.357839822769165,,
15,51649,0.7759484648704529,0.8460421562194824,,
15,51659,0.9220740795135498,1.2279438972473145,,
15,51669,0.9495837688446045,1.5102055072784424,,
15,51679,0.9049602150917053,1.1346325874328613,,
15,51689,0.9028003215789795,1.258851408958435,,
15,51699,0.7565348148345947,1.1062299013137817,,
15,51709,0.870428740978241,1.3295555114746094,,
15,51719,0.8206461668014526,0.969621479511261,,
15,51729,0.8907597064971924,1.397659420967102,,
15,51739,0.9794670939445496,1.3354753255844116,,
15,51749,0.8879030346870422,1.1998205184936523,,
15,51759,0.883026659488678,1.3916189670562744,,
15,51769,0.8721425533294678,1.0193513631820679,,
15,51779,1.0520638227462769,1.8794975280761719,,
15,51789,0.9733684659004211,1.3378506898880005,,
15,51799,0.8035470843315125,1.2294615507125854,,
15,51809,1.0061256885528564,1.715230107307434,,
15,51819,0.8258970379829407,1.0474318265914917,,
15,51829,0.9065810441970825,1.1796656847000122,,
15,51839,0.7721875309944153,0.9203394651412964,,
15,51849,0.7909359335899353,0.9112831354141235,,
15,51859,0.8498106002807617,1.2087348699569702,,
15,51869,0.868259072303772,1.2955533266067505,,
15,51879,0.8646337389945984,1.402758240699768,,
15,51889,0.9429404735565186,1.1977585554122925,,
15,51899,0.9068057537078857,1.082577109336853,,
15,51909,0.9011658430099487,1.1647733449935913,,
15,51919,0.8849191665649414,1.1239039897918701,,
15,51929,0.9800605773925781,1.5678162574768066,,
15,51939,0.9257399439811707,1.3784525394439697,,
15,51949,1.2072253227233887,2.7764108180999756,,
15,51959,0.9263682961463928,1.3246736526489258,,
15,51969,0.8600555658340454,1.0931153297424316,,
15,51979,0.9953488111495972,1.623660922050476,,
15,51989,0.7464804649353027,0.8001197576522827,,
15,51999,0.8826892971992493,1.2923386096954346,,
15,52009,0.878618597984314,1.3182716369628906,,
15,52019,0.9043511748313904,1.1535876989364624,,
15,52029,0.8292542099952698,1.0232622623443604,,
15,52039,0.6832234859466553,0.8941916227340698,,
15,52049,0.886896014213562,1.1058677434921265,,
15,52059,1.0644314289093018,1.733605146408081,,
15,52069,1.1377874612808228,1.8161725997924805,,
15,52079,0.9142503142356873,1.2180984020233154,,
15,52089,0.8539814949035645,1.1177709102630615,,
15,52099,0.9470381736755371,1.313930869102478,,
15,52109,1.2348859310150146,2.2755088806152344,,
15,52119,1.0239053964614868,1.5248191356658936,,
15,52129,0.7703147530555725,0.8490434885025024,,
15,52139,0.8351136445999146,1.028740406036377,,
15,52149,0.8972820043563843,1.4415545463562012,,
15,52159,0.7840943932533264,0.9265657067298889,,
15,52169,1.0840643644332886,1.9616299867630005,,
15,52179,1.022977352142334,1.6109905242919922,,
15,52189,1.0559709072113037,1.6203721761703491,,
15,52199,0.9212864637374878,1.438370943069458,,
15,52209,0.9080299139022827,1.3044767379760742,,
15,52219,0.8465309739112854,1.2103660106658936,,
15,52229,0.7556743621826172,0.8125290870666504,,
15,52239,0.9376543164253235,1.4394899606704712,,
15,52249,0.9385780096054077,1.4485859870910645,,
15,52259,0.907934844493866,1.2577227354049683,,
15,52269,0.9873616695404053,1.466646432876587,,
15,52279,1.0081191062927246,1.521070122718811,,
15,52289,0.8734113574028015,1.299950361251831,,
15,52299,1.0827256441116333,2.1572532653808594,,
15,52309,0.8911216259002686,1.209954023361206,,
15,52319,0.7868283987045288,1.2078547477722168,,
15,52329,0.9146946668624878,1.612977385520935,,
15,52339,0.9225682020187378,1.2708113193511963,,
15,52349,1.0680153369903564,1.7192606925964355,,
15,52359,0.953812301158905,1.4646167755126953,,
15,52369,0.8813453912734985,1.2211540937423706,,
15,52379,0.9495842456817627,1.334679365158081,,
15,52389,1.0135207176208496,1.4843158721923828,,
15,52399,0.8416188955307007,1.1742764711380005,,
15,52409,0.8040933609008789,1.2589244842529297,,
15,52419,1.3515287637710571,3.6260275840759277,,
15,52429,1.0329186916351318,1.5127547979354858,,
15,52439,1.0039525032043457,1.5443737506866455,,
15,52449,0.794336199760437,0.9814106225967407,,
15,52459,1.1283873319625854,3.409508466720581,,
15,52469,0.8652803897857666,1.0939284563064575,,
15,52479,0.9570134282112122,1.4282374382019043,,
15,52489,1.0569050312042236,1.6157407760620117,,
15,52499,1.0003070831298828,1.3576527833938599,,
15,52509,0.8422203063964844,1.1697511672973633,,
15,52519,1.041321873664856,1.5207328796386719,,
15,52529,0.873113751411438,1.2628313302993774,,
15,52539,0.8825421929359436,1.0677930116653442,,
15,52549,1.0946545600891113,1.760278344154358,,
15,52559,0.9212365746498108,1.259548306465149,,
15,52569,0.8335695266723633,1.0518410205841064,,
15,52579,1.1108293533325195,1.6459015607833862,,
15,52589,0.7030208110809326,0.839637041091919,,
15,52599,0.930748462677002,1.3842918872833252,,
15,52609,1.266546368598938,2.7830302715301514,,
15,52619,0.8388789892196655,1.0496726036071777,,
15,52629,1.073746681213379,1.869842529296875,,
15,52639,0.7541278600692749,0.9386670589447021,,
15,52649,1.0573630332946777,1.5636146068572998,,
15,52659,0.8123362064361572,1.0866364240646362,,
15,52669,0.7916271090507507,0.8287151455879211,,
15,52679,0.6797196865081787,0.6516849994659424,,
15,52689,1.0833759307861328,1.8234224319458008,,
15,52699,1.203747272491455,2.8783481121063232,,
15,52709,0.9384965896606445,1.6140035390853882,,
15,52719,0.8119499683380127,0.9241527915000916,,
15,52729,0.9000300168991089,1.1687541007995605,,
15,52739,0.7948541045188904,0.9459449052810669,,
15,52749,0.8648676872253418,1.4453940391540527,,
15,52759,0.9604782462120056,1.3812671899795532,,
15,52769,0.8552504181861877,1.0638198852539062,,
15,52779,0.7916891574859619,1.0126584768295288,,
15,52789,0.7081522941589355,0.6516983509063721,,
15,52799,1.0872248411178589,1.849543571472168,,
15,52809,0.8489657640457153,1.082480788230896,,
15,52819,1.0099940299987793,1.508852481842041,,
15,52829,1.1679422855377197,1.9863252639770508,,
15,52839,0.9440760612487793,1.5709755420684814,,
15,52849,0.8804181814193726,1.1937222480773926,,
15,52859,0.9262410998344421,1.4299492835998535,,
15,52869,0.8273888826370239,1.3823091983795166,,
15,52879,0.9075393080711365,1.3764448165893555,,
15,52889,0.8474953174591064,1.0711939334869385,,
15,52899,1.0579774379730225,1.6956292390823364,,
15,52909,0.8924074172973633,1.271313190460205,,
15,52919,0.7285574078559875,0.8918627500534058,,
15,52929,1.006828784942627,1.340259313583374,,
15,52939,0.9094050526618958,1.1592295169830322,,
15,52949,0.7293218374252319,0.7901959419250488,,
15,52959,0.9393839836120605,1.4081499576568604,,
15,52969,1.0004658699035645,1.44905686378479,,
15,52979,0.7563849091529846,0.8753405213356018,,
15,52989,0.6766281723976135,0.6876193284988403,,
15,52999,1.111036777496338,3.1428961753845215,,
15,53009,0.8245996236801147,1.2261343002319336,,
15,53019,1.212604284286499,2.347454786300659,,
15,53029,0.8785682320594788,1.193631887435913,,
15,53039,0.9042783975601196,1.1823643445968628,,
15,53049,0.9730269908905029,1.533832311630249,,
15,53059,0.9594097137451172,1.3984700441360474,,
15,53069,0.9452632665634155,1.3128584623336792,,
15,53079,0.92359459400177,1.1568548679351807,,
15,53089,0.6612552404403687,0.7474461197853088,,
15,53099,1.0215730667114258,1.7262967824935913,,
15,53109,0.8371175527572632,0.9967178702354431,,
15,53119,0.8468297719955444,1.0314122438430786,,
15,53129,1.0346018075942993,1.4768201112747192,,
15,53139,1.1615114212036133,1.9539670944213867,,
15,53149,0.9571948051452637,1.2447452545166016,,
15,53159,0.6213386058807373,0.666862964630127,,
15,53169,1.0440043210983276,1.7866475582122803,,
15,53179,0.9757747650146484,1.5201714038848877,,
15,53189,0.9338656663894653,1.2883893251419067,,
15,53199,0.7671291828155518,1.0265417098999023,,
15,53209,0.9612146615982056,1.4496588706970215,,
15,53219,1.0249879360198975,1.7431409358978271,,
15,53229,0.8480857014656067,1.1926853656768799,,
15,53239,0.9477759003639221,1.414170265197754,,
15,53249,0.9914959073066711,1.3356492519378662,,
15,53259,1.0961698293685913,1.7784067392349243,,
15,53269,0.8530303239822388,1.1637730598449707,,
15,53279,0.8647656440734863,1.1781435012817383,,
15,53289,0.8519093990325928,1.0271811485290527,,
15,53299,0.8618334531784058,1.1962528228759766,,
15,53309,0.9370136260986328,1.2837018966674805,,
15,53319,0.9708750247955322,1.4810218811035156,,
15,53329,1.0849610567092896,1.780562400817871,,
15,53339,0.7326605916023254,0.8639976382255554,,
15,53349,0.7979100346565247,1.0848010778427124,,
15,53359,1.0312190055847168,1.6916512250900269,,
15,53369,0.8710201978683472,1.1656959056854248,,
15,53379,0.9235058426856995,1.3100121021270752,,
15,53389,1.0646237134933472,1.465970516204834,,
15,53399,0.7899102568626404,1.0450732707977295,,
15,53409,0.8851416707038879,1.399342656135559,,
15,53419,0.6227102279663086,0.6582437753677368,,
15,53429,0.9468017816543579,1.3110936880111694,,
15,53439,0.9320104122161865,1.2167710065841675,,
15,53449,0.861176073551178,1.0914441347122192,,
15,53459,0.930975079536438,1.3084839582443237,,
15,53469,0.9314340353012085,1.4799870252609253,,
15,53479,1.1023637056350708,1.7159345149993896,,
15,53489,0.8971446752548218,1.2354419231414795,,
15,53499,0.8023672103881836,0.9299881458282471,,
15,53509,0.8008137941360474,1.0886573791503906,,
15,53519,0.8396531343460083,1.2149901390075684,,
15,53529,1.0410568714141846,1.5832260847091675,,
15,53539,0.8468091487884521,1.117710828781128,,
15,53549,0.9583793878555298,1.1627485752105713,,
15,53559,0.7638972401618958,0.9774487614631653,,
15,53569,0.7704088091850281,0.9190551042556763,,
15,53579,0.8089986443519592,0.9988908767700195,,
15,53589,0.8987506628036499,1.202087163925171,,
15,53599,0.8957667350769043,1.2187672853469849,,
15,53609,1.0744173526763916,1.6129424571990967,,
15,53619,0.7898542284965515,1.1571433544158936,,
15,53629,0.8246821761131287,1.017106294631958,,
15,53639,0.7766781449317932,1.0522997379302979,,
15,53649,0.8823611736297607,1.2234647274017334,,
15,53659,0.7788015604019165,1.0475153923034668,,
15,53669,1.0501490831375122,1.6402976512908936,,
15,53679,0.8961021900177002,1.1884472370147705,,
15,53689,0.7946454286575317,0.9578620791435242,,
15,53699,0.811172366142273,1.098036289215088,,
15,53709,0.821507453918457,1.2368066310882568,,
15,53719,1.0523954629898071,1.6865627765655518,,
15,53729,1.0437824726104736,1.4895596504211426,,
15,53739,0.9565377831459045,1.3642576932907104,,
15,53749,0.7118188738822937,0.8326401710510254,,
15,53759,1.070574164390564,1.6706138849258423,,
15,53769,0.855739414691925,1.1030428409576416,,
15,53779,0.7737744450569153,0.9858063459396362,,
15,53789,0.8067712783813477,0.9977619647979736,,
15,53799,0.8307979702949524,1.1752842664718628,,
15,53809,1.0160142183303833,1.3554537296295166,,
15,53819,1.0043411254882812,1.5445528030395508,,
15,53829,0.9485136866569519,1.3584322929382324,,
15,53839,0.6729671955108643,0.729460597038269,,
15,53849,0.7568821310997009,0.9004111886024475,,
15,53859,1.1787841320037842,1.832891583442688,,
15,53869,0.7517144680023193,0.8029434084892273,,
15,53879,0.7138266563415527,0.9656007885932922,,
15,53889,0.9457789659500122,1.3869487047195435,,
15,53899,0.9234878420829773,1.327292561531067,,
15,53909,0.8490409851074219,1.1050496101379395,,
15,53919,0.7495089769363403,0.9468902945518494,,
15,53929,0.6901977062225342,0.739547610282898,,
15,53939,0.9679456949234009,1.333315134048462,,
15,53949,0.9098060131072998,1.3724708557128906,,
15,53959,1.0459113121032715,1.4224156141281128,,
15,53969,1.0870442390441895,4.28353214263916,,
15,53979,0.9505969882011414,1.4322311878204346,,
15,53989,0.8398529887199402,1.0673446655273438,,
15,53999,1.0539754629135132,1.8820947408676147,,
15,54009,0.9146978259086609,1.3711817264556885,,
15,54019,1.003916621208191,1.4438364505767822,,
15,54029,0.9819653034210205,1.2750624418258667,,
15,54039,1.0946648120880127,1.454286813735962,,
15,54049,1.023089051246643,1.5236444473266602,,
15,54059,0.8781724572181702,1.2814851999282837,,
15,54069,1.1778219938278198,2.014061450958252,,
15,54079,1.0552462339401245,1.5608476400375366,,
15,54089,0.8864269256591797,1.08236825466156,,
15,54099,0.7683757543563843,0.944690465927124,,
15,54109,0.9194706678390503,1.370872974395752,,
15,54119,0.8704330921173096,1.1840282678604126,,
15,54129,0.8795064687728882,1.1569336652755737,,
15,54139,0.6985146403312683,0.9301148056983948,,
15,54149,1.0787079334259033,1.6856529712677002,,
15,54159,1.0757250785827637,1.7135965824127197,,
15,54169,0.832657516002655,1.0051003694534302,,
15,54179,0.775737464427948,0.8778892755508423,,
15,54189,0.683029055595398,0.6926476955413818,,
15,54199,0.9217639565467834,1.1701745986938477,,
15,54209,1.0233335494995117,1.5202417373657227,,
15,54219,0.6831585764884949,0.7706742882728577,,
15,54229,0.7752224206924438,0.8376950025558472,,
15,54239,0.9003079533576965,1.1433693170547485,,
15,54249,0.9734857082366943,2.042621612548828,,
15,54259,0.7799333930015564,1.110938310623169,,
15,54269,1.0284230709075928,1.590430498123169,,
15,54279,0.8650884032249451,1.1911016702651978,,
15,54289,0.8933030366897583,1.1942436695098877,,
15,54299,0.754523515701294,0.9122843742370605,,
15,54309,1.0356876850128174,1.4741077423095703,,
15,54319,0.8889985680580139,1.1961146593093872,,
15,54329,0.9901489019393921,1.4956194162368774,,
15,54339,0.9383656978607178,1.2512104511260986,,
15,54349,1.0139038562774658,1.4695417881011963,,
15,54359,0.9460898041725159,1.3652485609054565,,
15,54369,1.0154731273651123,1.675093412399292,,
15,54379,1.1754807233810425,1.8581745624542236,,
15,54389,0.7907201051712036,1.229206919670105,,
15,54399,1.4628925323486328,3.916295051574707,,
15,54409,0.870052695274353,1.1230636835098267,,
15,54419,0.9217751026153564,1.2720664739608765,,
15,54429,0.9509156942367554,1.1929267644882202,,
15,54439,0.9099142551422119,1.133243441581726,,
15,54449,0.7930402159690857,0.9350366592407227,,
15,54459,0.7364760637283325,0.9091270565986633,,
15,54469,0.8503710031509399,1.2470109462738037,,
15,54479,0.8890268802642822,1.1566473245620728,,
15,54489,0.9346471428871155,1.3282372951507568,,
15,54499,0.973347008228302,1.5277998447418213,,
15,54509,0.7090998888015747,0.7947044372558594,,
15,54519,1.034590721130371,1.4842373132705688,,
15,54529,0.8491576313972473,1.444786548614502,,
15,54539,0.9052295088768005,1.3290774822235107,,
15,54549,0.9088827967643738,1.2266905307769775,,
15,54559,1.0543198585510254,1.613093376159668,,
15,54569,0.7661942839622498,0.9623979330062866,,
15,54579,0.8597491383552551,1.234083890914917,,
15,54589,0.7672137022018433,1.0130897760391235,,
15,54599,0.93740314245224,1.4271163940429688,,
15,54609,0.8629472851753235,1.4268490076065063,,
15,54619,0.967951774597168,1.3769350051879883,,
15,54629,0.614495038986206,0.634691596031189,,
15,54639,0.658398449420929,0.6360536217689514,,
15,54649,0.9561663866043091,1.3702336549758911,,
15,54659,0.8329484462738037,1.1040376424789429,,
15,54669,0.8755481243133545,1.143790602684021,,
15,54679,0.9931215047836304,2.0631721019744873,,
15,54689,0.7221457362174988,0.8657758831977844,,
15,54699,0.7038053274154663,0.9079160094261169,,
15,54709,1.00495183467865,1.4405057430267334,,
15,54719,0.9627147912979126,1.495611310005188,,
15,54729,1.2077357769012451,3.0275707244873047,,
15,54739,0.8479913473129272,1.0577751398086548,,
15,54749,0.8979946374893188,1.4288361072540283,,
15,54759,0.7956476807594299,0.965307891368866,,
15,54769,0.9599098563194275,1.394017219543457,,
15,54779,0.9767794609069824,1.2348750829696655,,
15,54789,1.131353497505188,1.750117301940918,,
15,54799,0.9555002450942993,1.393815040588379,,
15,54809,1.181044578552246,2.4055824279785156,,
15,54819,0.7692223787307739,1.0230937004089355,,
15,54829,0.7838870286941528,1.057502269744873,,
15,54839,0.8335455656051636,1.2077711820602417,,
15,54849,0.810579776763916,0.9253647327423096,,
15,54859,0.9625419974327087,1.3283360004425049,,
15,54869,0.8701289892196655,1.0803594589233398,,
15,54879,1.1588472127914429,1.9759466648101807,,
15,54889,0.8087155818939209,1.1059234142303467,,
15,54899,0.859663724899292,1.1461057662963867,,
15,54909,0.8981616497039795,1.199359655380249,,
15,54919,0.961033046245575,1.4534542560577393,,
15,54929,0.8648642301559448,1.2090085744857788,,
15,54939,1.0255262851715088,1.5945508480072021,,
15,54949,1.0532411336898804,1.6611130237579346,,
15,54959,0.810552716255188,1.1696653366088867,,
15,54969,0.8564855456352234,1.2081925868988037,,
15,54979,1.0719420909881592,1.9290586709976196,,
15,54989,0.9796856641769409,1.2280426025390625,,
15,54999,0.7507768273353577,0.8800548315048218,,
15,55007,,,0.9147672057151794,1.3307976722717285
16,55009,0.9399943947792053,1.3626347780227661,,
16,55019,0.902641236782074,1.70428466796875,,
16,55029,0.9815509915351868,1.5205163955688477,,
16,55039,1.0230222940444946,1.5323486328125,,
16,55049,0.9207184314727783,1.2144943475723267,,
16,55059,1.114574909210205,2.060598134994507,,
16,55069,0.9086905717849731,1.3169721364974976,,
16,55079,1.1169639825820923,1.7778507471084595,,
16,55089,0.8762953877449036,1.1685686111450195,,
16,55099,0.9441729784011841,1.3815586566925049,,
16,55109,0.9885476231575012,1.5933985710144043,,
16,55119,0.9837044477462769,1.378832221031189,,
16,55129,1.1194229125976562,2.111639976501465,,
16,55139,1.2386186122894287,2.147538661956787,,
16,55149,0.9672734141349792,1.6231513023376465,,
16,55159,0.9391742944717407,1.4425559043884277,,
16,55169,0.9968322515487671,1.2454495429992676,,
16,55179,0.7774906754493713,1.0914427042007446,,
16,55189,0.8583813309669495,1.0725269317626953,,
16,55199,1.016214370727539,1.5551197528839111,,
16,55209,0.9072145223617554,1.1485785245895386,,
16,55219,0.814170241355896,0.9326435923576355,,
16,55229,1.0731559991836548,1.8591607809066772,,
16,55239,0.7250372767448425,0.9415539503097534,,
16,55249,0.9688591957092285,1.4907859563827515,,
16,55259,0.8800042271614075,1.159116506576538,,
16,55269,0.6407299041748047,0.7287251949310303,,
16,55279,1.0357123613357544,1.782968521118164,,
16,55289,1.0647437572479248,1.5348355770111084,,
16,55299,1.0164152383804321,1.742908000946045,,
16,55309,0.9453975558280945,1.3608148097991943,,
16,55319,0.9741887450218201,1.526362657546997,,
16,55329,1.0152080059051514,1.6501022577285767,,
16,55339,0.7905806303024292,1.023897409439087,,
16,55349,0.8114363551139832,1.1375603675842285,,
16,55359,0.8983557224273682,1.2611494064331055,,
16,55369,1.0778776407241821,1.9551914930343628,,
16,55379,0.944943904876709,1.3255901336669922,,
16,55389,1.0442652702331543,1.429432988166809,,
16,55399,0.9323089122772217,1.3547048568725586,,
16,55409,0.839626669883728,1.0292937755584717,,
16,55419,0.814788818359375,0.9247570037841797,,
16,55429,0.8513513803482056,1.095647931098938,,
16,55439,0.7500045299530029,0.9534615874290466,,
16,55449,0.9763633012771606,1.3004257678985596,,
16,55459,1.07557213306427,1.7348867654800415,,
16,55469,0.8244185447692871,1.0972354412078857,,
16,55479,1.0274218320846558,1.672850489616394,,
16,55489,0.8990379571914673,1.2821335792541504,,
16,55499,1.0072532892227173,1.6845533847808838,,
16,55509,0.78158038854599,0.9206475019454956,,
16,55519,0.7811998724937439,1.0227766036987305,,
16,55529,0.8217028379440308,1.183321475982666,,
16,55539,0.8001463413238525,1.1171751022338867,,
16,55549,0.9385684728622437,1.3585834503173828,,
16,55559,0.7904691100120544,1.0296337604522705,,
16,55569,0.9321123957633972,1.2368649244308472,,
16,55579,1.0773441791534424,1.8883590698242188,,
16,55589,0.7990831732749939,1.173192024230957,,
16,55599,0.9002180695533752,1.2776707410812378,,
16,55609,0.8186790943145752,1.1222879886627197,,
16,55619,0.7900570034980774,0.9595675468444824,,
16,55629,0.8320603370666504,0.9342540502548218,,
16,55639,1.006361484527588,1.4203879833221436,,
16,55649,0.9633657932281494,1.5272905826568604,,
16,55659,1.048105001449585,1.6043474674224854,,
16,55669,1.0040109157562256,1.3628170490264893,,
16,55679,0.9690425395965576,1.2311408519744873,,
16,55689,0.7901663780212402,1.0359444618225098,,
16,55699,1.0233581066131592,1.5327351093292236,,
16,55709,1.003810167312622,1.663184642791748,,
16,55719,0.8936798572540283,1.2245938777923584,,
16,55729,1.0884956121444702,1.755631923675537,,
16,55739,0.9179779887199402,1.3770743608474731,,
16,55749,0.8158414363861084,1.1834040880203247,,
16,55759,0.8537192344665527,1.0666234493255615,,
16,55769,0.9223167300224304,1.3418588638305664,,
16,55779,0.9816136360168457,1.7593717575073242,,
16,55789,0.9321334362030029,1.257441520690918,,
16,55799,0.993881344795227,1.474750280380249,,
16,55809,0.9257731437683105,1.1933703422546387,,
16,55819,0.8094764947891235,1.0541362762451172,,
16,55829,0.759062647819519,0.8494192957878113,,
16,55839,0.7875819206237793,0.8696826696395874,,
16,55849,0.8878787159919739,1.125295877456665,,
16,55859,0.9261494874954224,1.2437102794647217,,
16,55869,1.066493272781372,1.6233216524124146,,
16,55879,0.9986948370933533,1.6567305326461792,,
16,55889,0.7474325895309448,0.8269305229187012,,
16,55899,1.0810694694519043,1.5674809217453003,,
16,55909,1.0508606433868408,1.5876414775848389,,
16,55919,0.8662997484207153,1.1349173784255981,,
16,55929,0.7548198699951172,0.7674068808555603,,
16,55939,0.9281488656997681,1.3168840408325195,,
16,55949,1.1203944683074951,1.9366300106048584,,
16,55959,1.0354199409484863,1.8737797737121582,,
16,55969,0.7950212955474854,1.146984577178955,,
16,55979,0.8588002920150757,1.0510632991790771,,
16,55989,0.7859975099563599,1.0336652994155884,,
16,55999,0.8765372037887573,1.326819896697998,,
16,56009,0.9082353115081787,1.4209885597229004,,
16,56019,1.1215479373931885,1.8390488624572754,,
16,56029,1.0098217725753784,1.519042730331421,,
16,56039,0.8706826567649841,1.0450403690338135,,
16,56049,0.8350430727005005,1.118454933166504,,
16,56059,0.7160896062850952,0.8520264625549316,,
16,56069,1.0860377550125122,1.7938522100448608,,
16,56079,1.0230025053024292,1.6541545391082764,,
16,56089,1.02724289894104,1.4413660764694214,,
16,56099,0.9129122495651245,1.220529556274414,,
16,56109,0.9975699186325073,1.5693013668060303,,
16,56119,0.6344420313835144,0.6800297498703003,,
16,56129,0.8233139514923096,0.9180827736854553,,
16,56139,0.8676325082778931,1.2125568389892578,,
16,56149,0.8904722332954407,1.1117432117462158,,
16,56159,0.9220879077911377,1.154405117034912,,
16,56169,0.9211546778678894,1.1490081548690796,,
16,56179,0.9387925863265991,1.8522517681121826,,
16,56189,0.9635334014892578,1.57169508934021,,
16,56199,0.6500474214553833,0.6486640572547913,,
16,56209,0.7658606767654419,0.8235218524932861,,
16,56219,1.211211085319519,2.1399941444396973,,
16,56229,0.8687373399734497,1.0783190727233887,,
16,56239,1.0362873077392578,1.7479157447814941,,
16,56249,0.8640798330307007,1.2521237134933472,,
16,56259,0.8340076208114624,1.1740167140960693,,
16,56269,1.0661253929138184,1.5630296468734741,,
16,56279,0.8027358055114746,0.9156479239463806,,
16,56289,1.0112662315368652,1.9322443008422852,,
16,56299,0.9324618577957153,1.4118791818618774,,
16,56309,1.1468381881713867,3.126053810119629,,
16,56319,0.8762325048446655,1.1113096475601196,,
16,56329,0.9621308445930481,1.396213412284851,,
16,56339,0.7898600101470947,0.9315346479415894,,
16,56349,1.0098236799240112,1.580404281616211,,
16,56359,0.9802764654159546,1.4160676002502441,,
16,56369,0.8990206122398376,1.3505380153656006,,
16,56379,0.7716920375823975,0.9710202217102051,,
16,56389,0.9898786544799805,1.654184103012085,,
16,56399,0.7880951166152954,1.047898769378662,,
16,56409,0.8902338147163391,1.1530628204345703,,
16,56419,0.9262769222259521,1.3541072607040405,,
16,56429,0.9667559862136841,1.4339137077331543,,
16,56439,0.8294504880905151,1.0004407167434692,,
16,56449,0.9565180540084839,1.2504693269729614,,
16,56459,0.746586263179779,0.8173739910125732,,
16,56469,0.8931534290313721,1.240281581878662,,
16,56479,1.0066039562225342,2.1593499183654785,,
16,56489,0.8735383749008179,1.031603217124939,,
16,56499,1.0073661804199219,1.4295589923858643,,
16,56509,0.9360818862915039,1.8907078504562378,,
16,56519,0.897546112537384,1.2521443367004395,,
16,56529,0.6326313018798828,0.6860013008117676,,
16,56539,0.7364166975021362,0.9299057722091675,,
16,56549,1.0854921340942383,1.7571117877960205,,
16,56559,0.7466758489608765,0.7993770837783813,,
16,56569,0.9553682804107666,1.4253296852111816,,
16,56579,0.8536765575408936,1.1241029500961304,,
16,56589,1.058950424194336,1.6748383045196533,,
16,56599,0.946977972984314,1.3530735969543457,,
16,56609,0.8137367963790894,0.9631849527359009,,
16,56619,0.821179986000061,1.1069226264953613,,
16,56629,0.9381060600280762,1.4312587976455688,,
16,56639,0.7331430912017822,0.898485541343689,,
16,56649,1.0946142673492432,1.7639758586883545,,
16,56659,0.9175201058387756,1.2380281686782837,,
16,56669,0.8337240815162659,0.9788591265678406,,
16,56679,1.1386137008666992,2.0792770385742188,,
16,56689,0.8981931209564209,1.169076681137085,,
16,56699,0.894048810005188,1.134502649307251,,
16,56709,0.8233942985534668,1.292733907699585,,
16,56719,0.9553060531616211,1.4191839694976807,,
16,56729,1.0596789121627808,1.4173657894134521,,
16,56739,0.892404317855835,1.1178481578826904,,
16,56749,0.9105873107910156,1.498600959777832,,
16,56759,0.7356101870536804,1.0270745754241943,,
16,56769,0.9265074729919434,1.178486704826355,,
16,56779,0.8422318696975708,1.4538569450378418,,
16,56789,0.7463134527206421,0.8919453620910645,,
16,56799,0.8485751152038574,0.9980610609054565,,
16,56809,0.8841140270233154,1.008078694343567,,
16,56819,0.6846042275428772,0.6509232521057129,,
16,56829,0.9584543108940125,1.4257935285568237,,
16,56839,0.8076807260513306,1.2433935403823853,,
16,56849,0.8195787668228149,1.1312298774719238,,
16,56859,0.8287491798400879,1.1175241470336914,,
16,56869,0.7339389324188232,0.8847286105155945,,
16,56879,1.229945421218872,2.8608109951019287,,
16,56889,0.9438086748123169,1.447554588317871,,
16,56899,0.8750015497207642,1.2329474687576294,,
16,56909,0.8630751371383667,1.2570911645889282,,
16,56919,0.9341429471969604,1.2428898811340332,,
16,56929,0.9123921394348145,1.197476863861084,,
16,56939,0.8043301105499268,0.8915355205535889,,
16,56949,0.8483047485351562,1.0476288795471191,,
16,56959,0.81435227394104,0.8736746907234192,,
16,56969,0.707246720790863,0.7826374173164368,,
16,56979,0.8519815802574158,1.0889244079589844,,
16,56989,0.9208284020423889,1.3670086860656738,,
16,56999,0.9437136054039001,1.5118473768234253,,
16,57009,0.947895884513855,1.3915023803710938,,
16,57019,0.7928248643875122,0.881087064743042,,
16,57029,0.9846563935279846,1.4590022563934326,,
16,57039,0.8135364055633545,1.031812071800232,,
16,57049,1.065037727355957,2.043814182281494,,
16,57059,0.9452277421951294,1.364686131477356,,
16,57069,1.0115115642547607,1.491233229637146,,
16,57079,0.7638944387435913,1.0256428718566895,,
16,57089,1.1111245155334473,1.6757148504257202,,
16,57099,0.7112686634063721,0.8381164073944092,,
16,57109,1.027715802192688,1.5015945434570312,,
16,57119,0.6110035181045532,0.6718910932540894,,
16,57129,0.8785457015037537,1.1337592601776123,,
16,57139,0.9371258020401001,1.317213535308838,,
16,57149,1.0168567895889282,1.391887903213501,,
16,57159,1.009018063545227,1.6905063390731812,,
16,57169,0.9100869297981262,1.3609914779663086,,
16,57179,0.7986047267913818,1.1787904500961304,,
16,57189,0.9688008427619934,1.5084526538848877,,
16,57199,0.9054338335990906,1.4662432670593262,,
16,57209,1.2593564987182617,2.6170716285705566,,
16,57219,0.9398723840713501,1.353389024734497,,
16,57229,0.8801507353782654,1.2537717819213867,,
16,57239,0.791993260383606,0.9547210931777954,,
16,57249,1.004032850265503,1.8057920932769775,,
16,57259,0.9488433003425598,1.3069281578063965,,
16,57269,0.9151851534843445,1.2981021404266357,,
16,57279,0.7819913625717163,1.0949949026107788,,
16,57289,0.7693253755569458,0.9417136907577515,,
16,57299,0.9399315118789673,1.6240447759628296,,
16,57309,0.972903311252594,1.5077852010726929,,
16,57319,0.9322711229324341,1.436480164527893,,
16,57329,0.7771448493003845,0.8302918672561646,,
16,57339,1.0398905277252197,2.192075729370117,,
16,57349,0.8712795376777649,1.22482430934906,,
16,57359,1.0316272974014282,1.6285598278045654,,
16,57369,0.9618213176727295,1.3119196891784668,,
16,57379,0.9906513690948486,1.8108820915222168,,
16,57389,0.6997342705726624,0.7746673822402954,,
16,57399,0.6199256181716919,0.5900138020515442,,
16,57409,1.2357885837554932,2.224714994430542,,
16,57419,0.8487804532051086,1.1441730260849,,
16,57429,0.9783112406730652,1.4262781143188477,,
16,57439,0.9390043020248413,1.3580608367919922,,
16,57449,0.8966586589813232,1.4769644737243652,,
16,57459,0.8015434741973877,0.9553139805793762,,
16,57469,1.0533056259155273,1.5269067287445068,,
16,57479,1.1825971603393555,2.5660276412963867,,
16,57489,0.8567109107971191,1.0441094636917114,,
16,57499,0.7088431119918823,0.7994405031204224,,
16,57509,1.0582664012908936,1.6466519832611084,,
16,57519,1.0146892070770264,1.4963555335998535,,
16,57529,0.8934733867645264,1.3032276630401611,,
16,57539,0.8564454317092896,1.0830967426300049,,
16,57549,0.9556495547294617,1.3993421792984009,,
16,57559,0.7035776376724243,0.6805324554443359,,
16,57569,0.7603782415390015,0.8415508270263672,,
16,57579,0.7279348373413086,0.6903334856033325,,
16,57589,0.6825957298278809,0.6872291564941406,,
16,57599,0.9577635526657104,1.3920844793319702,,
16,57609,0.9860298037528992,1.2820137739181519,,
16,57619,0.9129016995429993,1.2779858112335205,,
16,57629,0.7777766585350037,1.193908452987671,,
16,57639,1.0851565599441528,1.7291388511657715,,
16,57649,0.9177142381668091,1.3213310241699219,,
16,57659,0.81486576795578,1.1621907949447632,,
16,57669,0.979806125164032,1.5711451768875122,,
16,57679,0.8572084903717041,1.0468535423278809,,
16,57689,0.8793402910232544,1.1757041215896606,,
16,57699,0.8751025795936584,1.2127394676208496,,
16,57709,1.143900752067566,1.7690603733062744,,
16,57719,0.9570870399475098,1.4845876693725586,,
16,57729,0.8078633546829224,0.9638668894767761,,
16,57739,1.0463378429412842,1.5949903726577759,,
16,57749,0.9143748879432678,1.3593099117279053,,
16,57759,0.7554945349693298,0.8578097224235535,,
16,57769,1.051526427268982,2.2553720474243164,,
16,57779,0.9276535511016846,1.3159786462783813,,
16,57789,0.8683688640594482,1.148543119430542,,
16,57799,1.0000982284545898,2.032282829284668,,
16,57809,0.9573277235031128,1.2960090637207031,,
16,57819,0.8048014640808105,1.0857281684875488,,
16,57829,0.7844614386558533,0.9051874876022339,,
16,57839,1.2487441301345825,2.331965446472168,,
16,57849,0.9105360507965088,1.3463518619537354,,
16,57859,0.8969593048095703,1.2627267837524414,,
16,57869,0.9342095255851746,1.1375062465667725,,
16,57879,1.228196620941162,2.1981916427612305,,
16,57889,1.019714117050171,1.5414738655090332,,
16,57899,0.9823167324066162,1.4764857292175293,,
16,57909,0.8365166187286377,1.1004977226257324,,
16,57919,0.7117428183555603,0.7364447712898254,,
16,57929,0.9240357875823975,1.260871171951294,,
16,57939,1.0377566814422607,1.727597951889038,,
16,57949,0.7802460789680481,0.9246565699577332,,
16,57959,1.0239499807357788,1.777976393699646,,
16,57969,0.9260814189910889,1.165007472038269,,
16,57979,1.0585942268371582,1.5401359796524048,,
16,57989,0.7707586288452148,0.9537365436553955,,
16,57999,0.8404841423034668,1.08417809009552,,
16,58009,0.9211537837982178,1.2038495540618896,,
16,58019,1.0947856903076172,1.724932312965393,,
16,58029,0.7716725468635559,0.8279682397842407,,
16,58039,0.8948777914047241,1.207214593887329,,
16,58049,0.8602873682975769,1.0873734951019287,,
16,58059,0.7318804860115051,0.8901100158691406,,
16,58069,0.8620367050170898,1.2501158714294434,,
16,58079,0.8855513334274292,1.2549270391464233,,
16,58089,0.8818532228469849,1.2835321426391602,,
16,58099,0.6395970582962036,0.6277576088905334,,
16,58109,0.9432858228683472,1.4782825708389282,,
16,58119,0.9283642768859863,1.3030660152435303,,
16,58129,1.24761164188385,2.7976794242858887,,
16,58139,0.968272864818573,1.4914135932922363,,
16,58149,0.8948019742965698,1.4851129055023193,,
16,58159,0.8315117955207825,1.1618552207946777,,
16,58169,1.010833978652954,1.5748138427734375,,
16,58179,0.888606071472168,1.3286288976669312,,
16,58189,0.8765753507614136,1.129150629043579,,
16,58199,0.8771370053291321,1.1898581981658936,,
16,58209,1.0056712627410889,2.158066749572754,,
16,58219,0.9824199676513672,1.4776562452316284,,
16,58229,0.8886280059814453,1.111925721168518,,
16,58239,0.7266954183578491,0.9097201228141785,,
16,58249,0.9406603574752808,1.3962481021881104,,
16,58259,0.936616837978363,1.6137073040008545,,
16,58269,0.7829878926277161,0.9185175895690918,,
16,58279,1.0881071090698242,1.722577452659607,,
16,58289,1.0893479585647583,1.8402366638183594,,
16,58299,0.903523325920105,1.2905113697052002,,
16,58309,0.9482026696205139,1.2907516956329346,,
16,58319,0.904515266418457,1.2547322511672974,,
16,58329,0.8835059404373169,1.2573961019515991,,
16,58339,0.8461407423019409,1.1176458597183228,,
16,58349,0.8017497658729553,1.2174131870269775,,
16,58359,1.001620888710022,1.531592845916748,,
16,58369,1.0318224430084229,1.5508545637130737,,
16,58379,1.034532070159912,1.3352012634277344,,
16,58389,1.0135313272476196,1.7574317455291748,,
16,58399,0.8635693788528442,1.0940015316009521,,
16,58409,0.9341621398925781,1.2075706720352173,,
16,58419,0.7723685503005981,0.9028733968734741,,
16,58429,1.0202860832214355,1.5665844678878784,,
16,58439,0.874730110168457,1.158193588256836,,
16,58445,,,0.9112002849578857,1.3237972259521484
17,58449,0.9053189754486084,1.2819904088974,,
17,58459,1.2158641815185547,2.6596479415893555,,
17,58469,0.7569679021835327,0.8977711200714111,,
17,58479,0.9443763494491577,1.2413641214370728,,
17,58489,0.9902055263519287,1.3923044204711914,,
17,58499,0.8749628067016602,1.1843278408050537,,
17,58509,1.0986850261688232,1.581844449043274,,
17,58519,0.9541313052177429,1.535982370376587,,
17,58529,0.6548205018043518,0.6756712198257446,,
17,58539,0.8439054489135742,1.1678955554962158,,
17,58549,0.6480735540390015,0.6996122598648071,,
17,58559,0.9378783702850342,1.4474900960922241,,
17,58569,0.9012503623962402,1.4203097820281982,,
17,58579,0.8559317588806152,1.2027812004089355,,
17,58589,0.8072456121444702,0.8931117057800293,,
17,58599,0.8319082260131836,1.1920093297958374,,
17,58609,0.7181544899940491,0.8584323525428772,,
17,58619,0.9602675437927246,1.6749147176742554,,
17,58629,1.0333536863327026,1.470728874206543,,
17,58639,0.8306387662887573,1.5063323974609375,,
17,58649,0.9081360697746277,1.281109094619751,,
17,58659,0.6704836487770081,0.6418555974960327,,
17,58669,0.9535679221153259,1.4081006050109863,,
17,58679,0.9954409003257751,1.4620161056518555,,
17,58689,0.9811639785766602,1.509587287902832,,
17,58699,0.9364352226257324,1.2533094882965088,,
17,58709,0.945868730545044,1.3071300983428955,,
17,58719,0.9130991697311401,1.2744990587234497,,
17,58729,0.8049150705337524,1.0701396465301514,,
17,58739,1.037846565246582,1.5865076780319214,,
17,58749,0.9361258745193481,1.4883902072906494,,
17,58759,0.7792174220085144,0.9381757974624634,,
17,58769,0.9942528605461121,1.5645029544830322,,
17,58779,1.0195603370666504,1.3362523317337036,,
17,58789,0.7127816677093506,0.9488814473152161,,
17,58799,0.9738028645515442,1.4562065601348877,,
17,58809,0.9501429796218872,1.3040848970413208,,
17,58819,0.688555121421814,0.8198015689849854,,
17,58829,1.0529463291168213,1.6281371116638184,,
17,58839,0.9594593048095703,1.8243976831436157,,
17,58849,0.8993851542472839,1.2529034614562988,,
17,58859,0.7339562177658081,0.9247624278068542,,
17,58869,0.8885623812675476,1.2282180786132812,,
17,58879,0.7400763034820557,0.7861451506614685,,
17,58889,0.9114640951156616,1.165696144104004,,
17,58899,1.103966236114502,1.9617406129837036,,
17,58909,0.8256327509880066,0.9222919940948486,,
17,58919,0.7621148228645325,0.871314287185669,,
17,58929,0.7682886719703674,0.9664902091026306,,
17,58939,0.9930689334869385,1.4774432182312012,,
17,58949,0.8784681558609009,1.4770236015319824,,
17,58959,0.762489914894104,0.8387197852134705,,
17,58969,0.8598389029502869,1.230762243270874,,
17,58979,0.7853718400001526,0.8753237724304199,,
17,58989,0.8879522085189819,1.0971989631652832,,
17,58999,0.8200566172599792,1.631678581237793,,
17,59009,0.8984459042549133,1.19889235496521,,
17,59019,0.7787363529205322,0.9199481010437012,,
17,59029,0.9343699216842651,1.4344582557678223,,
17,59039,0.9687216281890869,1.2939927577972412,,
17,59049,0.7804751396179199,0.8981431126594543,,
17,59059,0.9593170881271362,1.5401408672332764,,
17,59069,0.8152363896369934,0.8831655979156494,,
17,59079,0.8196431398391724,1.0571463108062744,,
17,59089,0.8483875393867493,1.219792127609253,,
17,59099,0.9376558661460876,1.6382834911346436,,
17,59109,0.8399491310119629,1.2611582279205322,,
17,59119,0.8829788565635681,1.193464756011963,,
17,59129,0.8873923420906067,1.1328487396240234,,
17,59139,0.834822952747345,1.444931983947754,,
17,59149,0.9250423908233643,1.3145132064819336,,
17,59159,0.9197870492935181,1.192598581314087,,
17,59169,0.900723934173584,1.2947170734405518,,
17,59179,0.9209397435188293,1.1385307312011719,,
17,59189,0.7901564836502075,1.0395941734313965,,
17,59199,0.7433488368988037,0.9652540683746338,,
17,59209,0.993887186050415,1.5416182279586792,,
17,59219,0.8439804315567017,0.9955882430076599,,
17,59229,0.7437057495117188,0.9182654619216919,,
17,59239,0.9588618278503418,1.356824278831482,,
17,59249,0.9498648643493652,1.3892765045166016,,
17,59259,1.0250287055969238,1.5418002605438232,,
17,59269,0.9557806253433228,1.3262267112731934,,
17,59279,0.8489620089530945,1.0026252269744873,,
17,59289,0.8439027070999146,1.0149251222610474,,
17,59299,0.9654353857040405,1.3084981441497803,,
17,59309,0.9390738010406494,1.278001308441162,,
17,59319,0.8175188899040222,1.0477120876312256,,
17,59329,0.9538029432296753,1.39021635055542,,
17,59339,0.980842113494873,1.5415680408477783,,
17,59349,0.8918137550354004,1.3768222332000732,,
17,59359,0.9127918481826782,1.2493687868118286,,
17,59369,1.075485110282898,1.7528085708618164,,
17,59379,0.9657469391822815,1.3326084613800049,,
17,59389,0.7993067502975464,0.9899969696998596,,
17,59399,0.6559839844703674,0.6870888471603394,,
17,59409,0.8318444490432739,0.9761292338371277,,
17,59419,0.9135338068008423,1.0874032974243164,,
17,59429,0.6757248640060425,0.7999942898750305,,
17,59439,0.8716440200805664,1.2555820941925049,,
17,59449,1.0028915405273438,2.602550983428955,,
17,59459,0.8883508443832397,1.446493148803711,,
17,59469,1.1569048166275024,2.0121538639068604,,
17,59479,0.7607613205909729,1.0076189041137695,,
17,59489,1.0226116180419922,1.7710416316986084,,
17,59499,0.9615412354469299,1.4423828125,,
17,59509,0.7655045986175537,1.0694153308868408,,
17,59519,0.7936341762542725,0.931831419467926,,
17,59529,0.7445964813232422,0.8974738717079163,,
17,59539,0.6916368007659912,0.783867359161377,,
17,59549,1.0592901706695557,1.6310745477676392,,
17,59559,0.9738292694091797,1.5406298637390137,,
17,59569,0.8614524602890015,1.1063880920410156,,
17,59579,0.8988649249076843,1.2547454833984375,,
17,59589,0.9814660549163818,1.3321940898895264,,
17,59599,1.0240588188171387,1.7902839183807373,,
17,59609,0.8357559442520142,1.1054649353027344,,
17,59619,0.9655065536499023,1.4386650323867798,,
17,59629,0.793921947479248,1.0744333267211914,,
17,59639,0.8127374649047852,0.9813926815986633,,
17,59649,1.1967337131500244,2.6513640880584717,,
17,59659,1.0436716079711914,1.654708743095398,,
17,59669,1.0632116794586182,2.026742935180664,,
17,59679,0.8040874004364014,0.9583994746208191,,
17,59689,0.9372701048851013,1.388322353363037,,
17,59699,1.2122142314910889,2.090057611465454,,
17,59709,0.8088971376419067,1.113358736038208,,
17,59719,0.9003086090087891,1.1685400009155273,,
17,59729,0.8671612739562988,1.305626392364502,,
17,59739,1.1425144672393799,1.96470046043396,,
17,59749,0.7574465870857239,0.9330927133560181,,
17,59759,1.0181773900985718,1.6266083717346191,,
17,59769,0.7370870113372803,0.8900148272514343,,
17,59779,0.9397088885307312,1.3753688335418701,,
17,59789,0.9699687361717224,1.438277244567871,,
17,59799,0.7221946716308594,0.9207932353019714,,
17,59809,0.8267458081245422,0.9437135457992554,,
17,59819,0.9724326729774475,1.4967155456542969,,
17,59829,1.071720004081726,1.5636532306671143,,
17,59839,0.898401141166687,1.1442166566848755,,
17,59849,1.0223193168640137,1.5586721897125244,,
17,59859,0.8464852571487427,1.1042131185531616,,
17,59869,0.7700945138931274,1.2972233295440674,,
17,59879,0.7684543132781982,0.9063985347747803,,
17,59889,0.9508939385414124,1.5117883682250977,,
17,59899,0.8812634944915771,1.1589767932891846,,
17,59909,0.7569702863693237,0.7937083840370178,,
17,59919,0.9354426264762878,1.455654263496399,,
17,59929,0.8423522710800171,1.2068145275115967,,
17,59939,0.9336445331573486,1.4923820495605469,,
17,59949,0.9728570580482483,1.3745145797729492,,
17,59959,0.8240624666213989,0.8774813413619995,,
17,59969,0.9717276096343994,1.446671962738037,,
17,59979,0.8534543514251709,1.1676548719406128,,
17,59989,0.9463112354278564,1.2878873348236084,,
17,59999,0.9211221933364868,1.2197633981704712,,
17,60009,0.7066171765327454,0.826713502407074,,
17,60019,0.8906387686729431,1.3732497692108154,,
17,60029,0.9313523769378662,1.2559263706207275,,
17,60039,0.8697715997695923,1.090996265411377,,
17,60049,0.9873433709144592,1.849420189857483,,
17,60059,0.9953905344009399,1.6166346073150635,,
17,60069,0.692922830581665,0.8222132921218872,,
17,60079,0.8770909309387207,1.12367844581604,,
17,60089,0.7542136907577515,0.809897243976593,,
17,60099,0.7407459020614624,0.7482602596282959,,
17,60109,0.8239086866378784,0.9280679225921631,,
17,60119,0.938287079334259,1.2843106985092163,,
17,60129,0.938356339931488,1.3757529258728027,,
17,60139,0.9320672750473022,1.3313357830047607,,
17,60149,1.0472439527511597,1.7494752407073975,,
17,60159,0.9524815082550049,1.1824618577957153,,
17,60169,0.8953943252563477,1.196932315826416,,
17,60179,0.8437584638595581,0.9697865843772888,,
17,60189,0.7760084867477417,1.024100422859192,,
17,60199,0.9036694169044495,1.3049817085266113,,
17,60209,0.9169338941574097,1.3810817003250122,,
17,60219,0.8875494003295898,1.437206745147705,,
17,60229,0.9777812957763672,1.4454768896102905,,
17,60239,0.8850129842758179,1.109680414199829,,
17,60249,0.840234100818634,1.1743483543395996,,
17,60259,1.0291531085968018,1.4823170900344849,,
17,60269,0.9775607585906982,1.9440991878509521,,
17,60279,0.9305222034454346,1.134894847869873,,
17,60289,1.0575745105743408,1.8405449390411377,,
17,60299,0.8417857885360718,1.327772855758667,,
17,60309,0.9326938986778259,1.7649577856063843,,
17,60319,0.956955075263977,1.7045719623565674,,
17,60329,0.9387544393539429,1.3369641304016113,,
17,60339,1.021067500114441,1.4409863948822021,,
17,60349,0.9316911697387695,1.4439771175384521,,
17,60359,0.8821523189544678,1.255433201789856,,
17,60369,0.7431489825248718,1.0321437120437622,,
17,60379,0.8271371126174927,0.9255563616752625,,
17,60389,1.106301188468933,1.9222725629806519,,
17,60399,0.9056625962257385,1.1397488117218018,,
17,60409,1.0352712869644165,1.8424394130706787,,
17,60419,0.944044828414917,1.212090253829956,,
17,60429,0.7203041911125183,0.9163357019424438,,
17,60439,0.8259991407394409,0.9958614110946655,,
17,60449,1.1446876525878906,1.762815237045288,,
17,60459,0.8810100555419922,1.5937001705169678,,
17,60469,0.878846287727356,1.199282169342041,,
17,60479,1.027514934539795,1.673558235168457,,
17,60489,1.0350539684295654,1.6403203010559082,,
17,60499,0.8937532305717468,1.3199067115783691,,
17,60509,0.8688182830810547,1.3173586130142212,,
17,60519,1.1105873584747314,2.2828874588012695,,
17,60529,1.020751714706421,1.541337013244629,,
17,60539,0.9519856572151184,1.2310502529144287,,
17,60549,0.8707137107849121,1.1216219663619995,,
17,60559,0.9806572794914246,1.4093914031982422,,
17,60569,0.6600905656814575,0.7339013814926147,,
17,60579,1.064481496810913,1.5507209300994873,,
17,60589,0.8663560152053833,1.0024311542510986,,
17,60599,0.849902868270874,1.0902750492095947,,
17,60609,0.8459433317184448,1.3180420398712158,,
17,60619,0.740730345249176,0.8503705859184265,,
17,60629,0.849676251411438,1.2168967723846436,,
17,60639,0.9414070844650269,1.241243600845337,,
17,60649,0.7826117873191833,0.9927767515182495,,
17,60659,0.7830144166946411,1.054774284362793,,
17,60669,0.7794964909553528,0.9176883101463318,,
17,60679,0.7621937990188599,0.8900827169418335,,
17,60689,0.9753177165985107,1.613977313041687,,
17,60699,0.8466249704360962,1.1583194732666016,,
17,60709,0.7424759864807129,0.9107471108436584,,
17,60719,0.7782938480377197,1.0007964372634888,,
17,60729,0.9499294757843018,1.626130223274231,,
17,60739,0.9971856474876404,1.5529563426971436,,
17,60749,0.9076480865478516,1.3187649250030518,,
17,60759,0.795693039894104,0.9799473285675049,,
17,60769,0.9777177572250366,1.4638590812683105,,
17,60779,0.8281745910644531,1.2597918510437012,,
17,60789,0.8827627301216125,1.0632901191711426,,
17,60799,0.9125176668167114,1.2166111469268799,,
17,60809,1.0854260921478271,2.2840490341186523,,
17,60819,0.8241864442825317,1.1601148843765259,,
17,60829,0.7619028687477112,0.9646068811416626,,
17,60839,1.0560206174850464,1.814535140991211,,
17,60849,0.9770247340202332,1.378952980041504,,
17,60859,0.9747447371482849,1.3311470746994019,,
17,60869,0.8550306558609009,1.1422028541564941,,
17,60879,0.9565482139587402,1.7673227787017822,,
17,60889,0.9413408637046814,1.4106993675231934,,
17,60899,0.906144917011261,1.1505184173583984,,
17,60909,0.94942706823349,1.5847123861312866,,
17,60919,1.0329337120056152,1.5984535217285156,,
17,60929,0.8831661343574524,1.0434929132461548,,
17,60939,0.6990625858306885,0.8331241607666016,,
17,60949,0.9825244545936584,1.633916974067688,,
17,60959,0.91023850440979,1.387955665588379,,
17,60969,0.8777823448181152,1.2149827480316162,,
17,60979,0.7639952898025513,0.8509759902954102,,
17,60989,0.9770119190216064,1.344761848449707,,
17,60999,0.9039274454116821,1.2869341373443604,,
17,61009,0.9910584688186646,2.27607798576355,,
17,61019,0.8291423916816711,0.9823441505432129,,
17,61029,0.7850712537765503,0.9206043481826782,,
17,61039,0.751386821269989,1.0418719053268433,,
17,61049,0.7155637741088867,0.904758095741272,,
17,61059,0.9045673608779907,1.1214778423309326,,
17,61069,0.8983411192893982,1.308185338973999,,
17,61079,0.8932453989982605,1.3900268077850342,,
17,61089,0.8712413907051086,1.1960551738739014,,
17,61099,0.8438673615455627,1.1569719314575195,,
17,61109,1.1781691312789917,1.9943816661834717,,
17,61119,0.8096598386764526,0.9463887810707092,,
17,61129,0.9020665287971497,1.2786900997161865,,
17,61139,0.8796266317367554,1.0381090641021729,,
17,61149,0.7410074472427368,0.8380237817764282,,
17,61159,1.0278844833374023,1.5567162036895752,,
17,61169,0.8741763234138489,1.0736163854599,,
17,61179,1.0295478105545044,1.7248542308807373,,
17,61189,0.9277075529098511,1.3620717525482178,,
17,61199,0.9527095556259155,1.3321828842163086,,
17,61209,0.9122588038444519,1.227205753326416,,
17,61219,0.6994057297706604,0.7638899087905884,,
17,61229,1.0322818756103516,1.4001469612121582,,
17,61239,1.0720129013061523,2.020050525665283,,
17,61249,1.0141979455947876,1.347928762435913,,
17,61259,0.9002584218978882,1.1692839860916138,,
17,61269,0.9993687272071838,1.6289429664611816,,
17,61279,0.7823714017868042,0.9969280362129211,,
17,61289,0.6846486926078796,0.8342618942260742,,
17,61299,0.8102174997329712,1.0342566967010498,,
17,61309,0.8398919701576233,1.0808607339859009,,
17,61319,0.8268907070159912,1.0592237710952759,,
17,61329,1.274960994720459,2.1445746421813965,,
17,61339,0.9490612745285034,1.3876497745513916,,
17,61349,0.9587856531143188,1.482940673828125,,
17,61359,1.1497244834899902,1.8891749382019043,,
17,61369,0.957521378993988,1.368839979171753,,
17,61379,1.179614543914795,1.856879711151123,,
17,61389,0.7301796078681946,0.8068795800209045,,
17,61399,0.7482364177703857,0.8701047897338867,,
17,61409,0.7642828226089478,0.8354073762893677,,
17,61419,1.0845019817352295,2.0439555644989014,,
17,61429,0.8730349540710449,1.1558914184570312,,
17,61439,0.9601109027862549,1.2406208515167236,,
17,61449,0.989707350730896,1.4276225566864014,,
17,61459,0.9018281698226929,1.3672831058502197,,
17,61469,0.8732776641845703,1.0171021223068237,,
17,61479,0.7992026805877686,1.0390187501907349,,
17,61489,0.8601558208465576,1.1616904735565186,,
17,61499,1.0538691282272339,1.925658941268921,,
17,61509,0.7987511157989502,1.0044792890548706,,
17,61519,0.9429846405982971,1.3492021560668945,,
17,61529,0.9495114088058472,1.28938627243042,,
17,61539,0.8430073857307434,1.0239181518554688,,
17,61549,0.8873189091682434,1.2613403797149658,,
17,61559,0.941949725151062,1.5200936794281006,,
17,61569,0.7613661289215088,0.9159578084945679,,
17,61579,0.9420806169509888,1.2723925113677979,,
17,61589,0.993412435054779,1.6696206331253052,,
17,61599,0.9516695737838745,1.4565287828445435,,
17,61609,1.0500348806381226,1.5174589157104492,,
17,61619,0.890842080116272,1.1461514234542847,,
17,61629,0.9864007830619812,1.4918818473815918,,
17,61639,1.0356489419937134,1.6309484243392944,,
17,61649,0.907317042350769,1.180208683013916,,
17,61659,0.7818604111671448,1.0386830568313599,,
17,61669,1.0017049312591553,1.5892645120620728,,
17,61679,0.8169867992401123,1.1304776668548584,,
17,61689,0.9288313388824463,1.2803215980529785,,
17,61699,0.8970237374305725,1.2372967004776,,
17,61709,1.2025172710418701,2.300583600997925,,
17,61719,0.7203351259231567,0.9682363271713257,,
17,61729,0.8097678422927856,1.20260751247406,,
17,61739,0.8870394825935364,1.094915509223938,,
17,61749,0.9474039077758789,1.354983925819397,,
17,61759,1.0513559579849243,1.4744186401367188,,
17,61769,1.0824573040008545,1.7777200937271118,,
17,61779,0.9765310287475586,1.4093656539916992,,
17,61789,0.9243255853652954,1.2576769590377808,,
17,61799,0.6918556094169617,0.7701131105422974,,
17,61809,0.8577415943145752,1.5418869256973267,,
17,61819,0.7104631662368774,0.7648071646690369,,
17,61829,0.9048643112182617,1.3049135208129883,,
17,61839,0.8783302903175354,1.0865726470947266,,
17,61849,1.0690441131591797,1.6964634656906128,,
17,61859,0.8862372636795044,1.1566967964172363,,
17,61869,1.0378302335739136,1.6208758354187012,,
17,61879,0.8306735754013062,0.9899920225143433,,
17,61883,,,0.9117295742034912,1.3247331380844116
18,61889,0.9700090289115906,1.173708438873291,,
18,61899,0.962482750415802,1.2742375135421753,,
18,61909,0.9427271485328674,1.2429885864257812,,
18,61919,0.8963742852210999,1.3634730577468872,,
18,61929,0.8584628105163574,1.1216182708740234,,
18,61939,0.8378469347953796,1.0055139064788818,,
18,61949,0.9721786379814148,1.4917683601379395,,
18,61959,1.0425636768341064,1.641863226890564,,
18,61969,0.734616219997406,0.9716628789901733,,
18,61979,0.8300318121910095,1.0565158128738403,,
18,61989,0.7759456634521484,1.0085251331329346,,
18,61999,0.8903435468673706,1.1887502670288086,,
18,62009,0.9501733779907227,1.4518563747406006,,
18,62019,0.9986980557441711,1.5121952295303345,,
18,62029,0.8333154916763306,1.0093233585357666,,
18,62039,0.8965701460838318,1.1327495574951172,,
18,62049,0.915882408618927,1.5748796463012695,,
18,62059,0.8221249580383301,0.9342074990272522,,
18,62069,0.9839799404144287,1.372833013534546,,
18,62079,0.629296064376831,0.6824855804443359,,
18,62089,0.7724155187606812,0.782931387424469,,
18,62099,0.7939022779464722,1.2669777870178223,,
18,62109,0.6495309472084045,0.6987602114677429,,
18,62119,0.7819613218307495,0.8515214323997498,,
18,62129,0.971284031867981,1.5860791206359863,,
18,62139,0.952224850654602,1.2741999626159668,,
18,62149,1.1119449138641357,1.8470590114593506,,
18,62159,0.9958813190460205,1.7203007936477661,,
18,62169,0.7759681344032288,0.8812376856803894,,
18,62179,0.8196496963500977,1.0091196298599243,,
18,62189,0.6923789978027344,0.8841022849082947,,
18,62199,1.0739338397979736,2.0245227813720703,,
18,62209,1.0158576965332031,1.4985170364379883,,
18,62219,0.7245993614196777,1.029184341430664,,
18,62229,0.7809085249900818,1.131408929824829,,
18,62239,0.9116265773773193,1.1167480945587158,,
18,62249,0.9653304219245911,1.221264123916626,,
18,62259,0.7577487230300903,1.0017714500427246,,
18,62269,0.8424111604690552,1.3989973068237305,,
18,62279,0.9553250670433044,1.4630272388458252,,
18,62289,0.906502366065979,1.2426159381866455,,
18,62299,1.1665616035461426,2.630342960357666,,
18,62309,0.9358813762664795,1.342198371887207,,
18,62319,0.8194306492805481,0.9261857271194458,,
18,62329,0.9623662233352661,1.3462735414505005,,
18,62339,1.0265378952026367,1.7544724941253662,,
18,62349,0.6380171179771423,0.7329686880111694,,
18,62359,0.8971669673919678,1.6096415519714355,,
18,62369,0.7145970463752747,0.9061123728752136,,
18,62379,1.0800297260284424,1.6535089015960693,,
18,62389,0.7651925683021545,0.8984012603759766,,
18,62399,0.6249088048934937,0.6459386348724365,,
18,62409,0.9690475463867188,1.1886039972305298,,
18,62419,0.9815884828567505,1.508927583694458,,
18,62429,0.8168826103210449,1.031041145324707,,
18,62439,0.9475891590118408,1.5327785015106201,,
18,62449,0.8755878210067749,1.055856704711914,,
18,62459,0.9232090711593628,1.517412781715393,,
18,62469,0.8651918768882751,1.2459994554519653,,
18,62479,0.9217145442962646,1.2495660781860352,,
18,62489,1.158583164215088,1.9258896112442017,,
18,62499,0.8465365171432495,1.1029411554336548,,
18,62509,0.6804629564285278,0.7677565813064575,,
18,62519,0.8752204775810242,1.2853384017944336,,
18,62529,0.8402048349380493,1.0211619138717651,,
18,62539,0.7788351774215698,0.9834849834442139,,
18,62549,0.840232789516449,1.0776927471160889,,
18,62559,0.933969259262085,1.2141749858856201,,
18,62569,1.0031719207763672,1.6108287572860718,,
18,62579,0.9164125919342041,1.221487045288086,,
18,62589,0.9598569869995117,1.4790581464767456,,
18,62599,0.7473443746566772,0.8554180264472961,,
18,62609,0.7814761996269226,0.9956792593002319,,
18,62619,0.9232985973358154,1.1047443151474,,
18,62629,0.9575974941253662,1.3923020362854004,,
18,62639,0.7819221019744873,0.9039705395698547,,
18,62649,1.0462031364440918,1.6185555458068848,,
18,62659,0.8473202586174011,1.1956582069396973,,
18,62669,1.051631212234497,1.6259710788726807,,
18,62679,0.758614182472229,0.9837692975997925,,
18,62689,0.8307638168334961,1.0268981456756592,,
18,62699,1.0511361360549927,1.7815167903900146,,
18,62709,1.0218688249588013,1.4302585124969482,,
18,62719,0.818146824836731,1.1510319709777832,,
18,62729,0.7740522623062134,0.8391005396842957,,
18,62739,0.8741459846496582,1.1671276092529297,,
18,62749,0.7970666885375977,1.170759916305542,,
18,62759,0.8515915274620056,1.1367332935333252,,
18,62769,0.8545533418655396,1.0673837661743164,,
18,62779,0.9554459452629089,1.4128751754760742,,
18,62789,0.9508515000343323,1.3834235668182373,,
18,62799,0.7180381417274475,0.8761423230171204,,
18,62809,0.9831146597862244,1.4894635677337646,,
18,62819,0.9617564678192139,1.4555699825286865,,
18,62829,0.7668605446815491,1.1673142910003662,,
18,62839,0.9070029258728027,1.4040570259094238,,
18,62849,0.8856335878372192,1.1460325717926025,,
18,62859,1.0917284488677979,1.6927622556686401,,
18,62869,0.7707448601722717,0.9285586476325989,,
18,62879,0.9275705814361572,1.3986111879348755,,
18,62889,0.8409432768821716,0.9747322797775269,,
18,62899,1.0509170293807983,1.867113709449768,,
18,62909,0.9255390763282776,1.4328340291976929,,
18,62919,0.7332731485366821,0.8442720174789429,,
18,62929,0.9975565671920776,1.5647269487380981,,
18,62939,0.8261792063713074,1.1929466724395752,,
18,62949,0.9140607118606567,1.2067747116088867,,
18,62959,0.837898313999176,1.0981340408325195,,
18,62969,0.8942539095878601,1.2989094257354736,,
18,62979,0.9594026207923889,1.4382085800170898,,
18,62989,0.8680825233459473,1.2829545736312866,,
18,62999,1.0103716850280762,1.591562032699585,,
18,63009,0.986678957939148,1.518454909324646,,
18,63019,0.7310240268707275,1.0232458114624023,,
18,63029,0.7448703646659851,0.8577953577041626,,
18,63039,0.8058332204818726,0.9764349460601807,,
18,63049,1.0258471965789795,1.7962350845336914,,
18,63059,1.0472047328948975,1.8336435556411743,,
18,63069,0.9530432820320129,1.415454626083374,,
18,63079,0.9224498271942139,1.1147633790969849,,
18,63089,0.8314855098724365,1.054388165473938,,
18,63099,0.7015079855918884,1.1173255443572998,,
18,63109,0.9281407594680786,1.3013427257537842,,
18,63119,0.7422751784324646,0.9185616374015808,,
18,63129,1.0104960203170776,1.4574947357177734,,
18,63139,0.8366166949272156,0.9970115423202515,,
18,63149,0.8693689107894897,1.2226769924163818,,
18,63159,0.7944837212562561,0.8937333822250366,,
18,63169,0.8441821336746216,1.4818686246871948,,
18,63179,0.6980661749839783,1.1405775547027588,,
18,63189,0.808236837387085,0.9995296001434326,,
18,63199,0.855170488357544,1.4029772281646729,,
18,63209,0.8907901048660278,1.202622413635254,,
18,63219,0.7858933806419373,0.8393003940582275,,
18,63229,0.9351845383644104,1.2406355142593384,,
18,63239,0.9507002830505371,1.1971349716186523,,
18,63249,0.9063360095024109,1.1069183349609375,,
18,63259,0.8058657646179199,0.9766371250152588,,
18,63269,0.897366464138031,1.1178839206695557,,
18,63279,0.8844553232192993,1.1333247423171997,,
18,63289,0.7366132140159607,0.8130174279212952,,
18,63299,0.9201710224151611,1.2363698482513428,,
18,63309,0.9865509271621704,1.32852041721344,,
18,63319,0.9433882236480713,1.23667311668396,,
18,63329,0.9166553020477295,1.2765116691589355,,
18,63339,0.9124757051467896,1.2601521015167236,,
18,63349,0.8581212162971497,1.1581289768218994,,
18,63359,1.0233937501907349,1.7153303623199463,,
18,63369,0.929141104221344,1.3800917863845825,,
18,63379,0.9187921285629272,1.3758480548858643,,
18,63389,1.0836198329925537,2.6630942821502686,,
18,63399,0.8148597478866577,1.0666792392730713,,
18,63409,0.6630468368530273,0.6727619171142578,,
18,63419,0.9817237854003906,1.3984742164611816,,
18,63429,0.8267240524291992,1.19272780418396,,
18,63439,0.7878580093383789,1.0239107608795166,,
18,63449,0.9234734177589417,1.4541993141174316,,
18,63459,0.8779317736625671,1.1086753606796265,,
18,63469,1.0354316234588623,2.070815086364746,,
18,63479,1.0228980779647827,1.8672189712524414,,
18,63489,0.7849087715148926,0.9976973533630371,,
18,63499,1.0703834295272827,2.4534475803375244,,
18,63509,1.1900973320007324,1.8728129863739014,,
18,63519,0.8381879329681396,1.1599820852279663,,
18,63529,0.820250928401947,1.6492869853973389,,
18,63539,0.8212056159973145,1.1055688858032227,,
18,63549,0.8452713489532471,1.1234543323516846,,
18,63559,0.9404269456863403,1.1767830848693848,,
18,63569,0.9975770115852356,1.23574697971344,,
18,63579,1.01353919506073,1.5274007320404053,,
18,63589,0.9052417874336243,1.4331505298614502,,
18,63599,0.8493743538856506,1.1300677061080933,,
18,63609,1.2344779968261719,2.306459665298462,,
18,63619,0.8222261667251587,1.0547707080841064,,
18,63629,1.1314879655838013,1.916980504989624,,
18,63639,0.8101319074630737,0.9616824388504028,,
18,63649,0.9626736044883728,1.236852765083313,,
18,63659,0.9230658411979675,1.4189691543579102,,
18,63669,0.8848079442977905,1.063784122467041,,
18,63679,1.0228296518325806,1.4098830223083496,,
18,63689,0.768936038017273,0.963178277015686,,
18,63699,1.0167734622955322,1.4907114505767822,,
18,63709,1.1363475322723389,1.864767074584961,,
18,63719,0.9068360924720764,1.8326201438903809,,
18,63729,0.7010597586631775,0.7023600935935974,,
18,63739,0.6568843126296997,0.7491958141326904,,
18,63749,0.9373799562454224,1.380234956741333,,
18,63759,0.9262722134590149,1.4324696063995361,,
18,63769,0.6671198606491089,0.7818079590797424,,
18,63779,0.798233687877655,0.9700137972831726,,
18,63789,0.8664064407348633,0.9643136858940125,,
18,63799,0.8191958665847778,1.2155439853668213,,
18,63809,0.9077057242393494,1.692971110343933,,
18,63819,0.8582993745803833,1.0678880214691162,,
18,63829,0.8557270169258118,1.1897861957550049,,
18,63839,0.7590254545211792,0.9057718515396118,,
18,63849,0.7553857564926147,0.8449309468269348,,
18,63859,0.9953384399414062,1.4028726816177368,,
18,63869,0.9474239349365234,1.4774867296218872,,
18,63879,0.6603174209594727,0.7144991755485535,,
18,63889,0.9131976366043091,1.153226375579834,,
18,63899,0.9373355507850647,1.348907709121704,,
18,63909,1.108608603477478,1.6878267526626587,,
18,63919,0.7989620566368103,0.9509361982345581,,
18,63929,1.0111411809921265,1.9810380935668945,,
18,63939,0.9453177452087402,1.4458013772964478,,
18,63949,0.8791557550430298,1.0835857391357422,,
18,63959,1.2504661083221436,2.234081983566284,,
18,63969,0.8978294730186462,1.378570556640625,,
18,63979,1.0136369466781616,1.6964706182479858,,
18,63989,0.733971118927002,0.8765503764152527,,
18,63999,0.7779080271720886,0.8152304887771606,,
18,64009,0.769223690032959,1.0661450624465942,,
18,64019,0.8457670211791992,1.1140563488006592,,
18,64029,0.785414457321167,0.9221020936965942,,
18,64039,1.2894697189331055,4.593780040740967,,
18,64049,0.7503933906555176,0.8755285739898682,,
18,64059,0.8306216597557068,1.3104701042175293,,
18,64069,0.8904467821121216,1.2627354860305786,,
18,64079,0.8411468267440796,1.0340855121612549,,
18,64089,0.661959707736969,0.8329189419746399,,
18,64099,0.9452095031738281,1.2728970050811768,,
18,64109,1.0201472043991089,1.5497682094573975,,
18,64119,1.2311158180236816,2.0530333518981934,,
18,64129,0.7864512205123901,1.0564768314361572,,
18,64139,0.8824785947799683,1.1316308975219727,,
18,64149,0.8055307865142822,0.9650365710258484,,
18,64159,1.0130035877227783,1.6735002994537354,,
18,64169,1.0076634883880615,1.6239075660705566,,
18,64179,0.8002763390541077,0.9900699853897095,,
18,64189,1.073810338973999,1.7799415588378906,,
18,64199,0.851934015750885,0.9854092597961426,,
18,64209,1.0152418613433838,1.6605924367904663,,
18,64219,1.0942814350128174,1.5918763875961304,,
18,64229,0.9257482290267944,1.3213574886322021,,
18,64239,0.9703981876373291,1.429885983467102,,
18,64249,0.9109392762184143,1.543110728263855,,
18,64259,0.9656099081039429,1.4301512241363525,,
18,64269,0.9205816388130188,1.2025737762451172,,
18,64279,0.7876678109169006,0.9056446552276611,,
18,64289,0.9627718925476074,1.4385396242141724,,
18,64299,0.7781995534896851,0.8670316934585571,,
18,64309,0.7902112007141113,0.935833752155304,,
18,64319,1.0534515380859375,1.6925437450408936,,
18,64329,0.7539238333702087,0.9856141805648804,,
18,64339,0.9049506187438965,1.2790157794952393,,
18,64349,0.7670228481292725,0.9121644496917725,,
18,64359,0.7344568371772766,1.0436732769012451,,
18,64369,0.8116103410720825,1.0296461582183838,,
18,64379,0.9505739808082581,1.4384088516235352,,
18,64389,1.0289193391799927,1.5919289588928223,,
18,64399,0.7556393146514893,1.1434377431869507,,
18,64409,0.9827316999435425,1.7782353162765503,,
18,64419,0.8606470227241516,1.141401767730713,,
18,64429,1.0370838642120361,1.499023199081421,,
18,64439,1.0020692348480225,1.3192040920257568,,
18,64449,0.9871236085891724,1.4446425437927246,,
18,64459,0.8285652995109558,1.1444802284240723,,
18,64469,1.1395957469940186,2.004477024078369,,
18,64479,0.7900691628456116,1.0267616510391235,,
18,64489,0.745865523815155,0.9160727858543396,,
18,64499,0.7642580270767212,0.8848366737365723,,
18,64509,0.9456484317779541,1.3475258350372314,,
18,64519,0.8407618999481201,1.4073402881622314,,
18,64529,0.7518391609191895,0.844546914100647,,
18,64539,0.8529686331748962,1.1148107051849365,,
18,64549,0.9568490982055664,1.208054542541504,,
18,64559,0.7722495794296265,0.8828740119934082,,
18,64569,0.9105332493782043,1.3221665620803833,,
18,64579,0.9743833541870117,1.5654865503311157,,
18,64589,0.8357810378074646,1.0133516788482666,,
18,64599,0.8379563093185425,1.0481746196746826,,
18,64609,1.0071895122528076,1.7361640930175781,,
18,64619,0.9073023796081543,1.2413556575775146,,
18,64629,0.933549165725708,1.525931715965271,,
18,64639,0.837016224861145,1.1856689453125,,
18,64649,1.0524868965148926,1.5181940793991089,,
18,64659,0.8421676158905029,1.0144606828689575,,
18,64669,0.7983805537223816,1.0386576652526855,,
18,64679,0.759131669998169,0.9091221690177917,,
18,64689,0.9734364748001099,1.4284255504608154,,
18,64699,0.8696450591087341,1.1739764213562012,,
18,64709,0.9602881669998169,1.2809902429580688,,
18,64719,0.9694681167602539,1.5596156120300293,,
18,64729,0.9460322856903076,1.5963373184204102,,
18,64739,0.8951194286346436,1.237285852432251,,
18,64749,0.784344494342804,0.9667373895645142,,
18,64759,0.6613456010818481,0.7735387086868286,,
18,64769,1.4168970584869385,2.642949104309082,,
18,64779,0.801836371421814,0.9346954822540283,,
18,64789,1.0686513185501099,1.7460073232650757,,
18,64799,0.9237757921218872,1.2937488555908203,,
18,64809,0.8366618156433105,0.9723899364471436,,
18,64819,0.9293293952941895,1.438010811805725,,
18,64829,0.9432564973831177,1.481891393661499,,
18,64839,0.7842044830322266,1.218893051147461,,
18,64849,0.8761463761329651,1.1195313930511475,,
18,64859,1.0728919506072998,1.7045745849609375,,
18,64869,1.1073070764541626,1.7007791996002197,,
18,64879,0.8242630958557129,1.1006344556808472,,
18,64889,0.934166669845581,1.3659952878952026,,
18,64899,0.9657472968101501,1.5020198822021484,,
18,64909,1.1718456745147705,1.8981293439865112,,
18,64919,0.7726070880889893,0.8670530319213867,,
18,64929,0.7493419051170349,0.9317183494567871,,
18,64939,0.7469165325164795,0.839341402053833,,
18,64949,0.8086867928504944,1.1422057151794434,,
18,64959,1.0302941799163818,1.744160771369934,,
18,64969,1.2204172611236572,2.6128785610198975,,
18,64979,1.1180884838104248,1.943002462387085,,
18,64989,0.7370990514755249,0.8206592798233032,,
18,64999,1.1158080101013184,1.973899006843567,,
18,65009,0.913767397403717,1.1648921966552734,,
18,65019,0.8812496066093445,1.3450543880462646,,
18,65029,1.2694289684295654,2.328230381011963,,
18,65039,0.9010429382324219,1.2672538757324219,,
18,65049,0.9215549826622009,1.186018705368042,,
18,65059,0.9340910911560059,1.8463480472564697,,
18,65069,0.7901077270507812,0.8995993137359619,,
18,65079,0.9745586514472961,1.422104835510254,,
18,65089,1.1350044012069702,2.0010032653808594,,
18,65099,1.0071454048156738,1.2117345333099365,,
18,65109,0.9383842945098877,1.4980459213256836,,
18,65119,0.8386822938919067,1.0860110521316528,,
18,65129,0.8901828527450562,1.3018529415130615,,
18,65139,0.8276458978652954,1.016991376876831,,
18,65149,0.7543871402740479,0.9312477111816406,,
18,65159,0.9148837924003601,1.3219242095947266,,
18,65169,0.944533109664917,1.175173044204712,,
18,65179,1.1205213069915771,1.7188116312026978,,
18,65189,0.8469163179397583,1.099327802658081,,
18,65199,0.9604501128196716,1.736942172050476,,
18,65209,0.7746270895004272,0.9044005870819092,,
18,65219,0.8030445575714111,1.101316213607788,,
18,65229,0.8751015067100525,1.1387898921966553,,
18,65239,0.8079331517219543,0.8688039183616638,,
18,65249,1.0312128067016602,2.0114779472351074,,
18,65259,0.790898323059082,1.082956314086914,,
18,65269,0.9227489829063416,1.3026432991027832,,
18,65279,0.9709998369216919,1.5762147903442383,,
18,65289,0.8206711411476135,1.0682322978973389,,
18,65299,0.9479358792304993,1.3631973266601562,,
18,65309,0.8481032848358154,1.2318191528320312,,
18,65319,1.002683401107788,1.5191665887832642,,
18,65321,,,0.9124630093574524,1.3261048793792725
19,65329,0.7891649603843689,0.9404572248458862,,
19,65339,1.0938663482666016,1.8652656078338623,,
19,65349,0.9687044024467468,1.3464314937591553,,
19,65359,0.8930800557136536,1.3384175300598145,,
19,65369,0.8539955019950867,1.191908597946167,,
19,65379,1.0211100578308105,1.8179733753204346,,
19,65389,1.004249930381775,1.5596325397491455,,
19,65399,0.8403573036193848,1.0630351305007935,,
19,65409,0.6068665981292725,0.5927760004997253,,
19,65419,1.1638505458831787,2.347175121307373,,
19,65429,1.1195838451385498,2.34004282951355,,
19,65439,0.8966930508613586,1.3694005012512207,,
19,65449,0.8390809297561646,1.0576391220092773,,
19,65459,1.0000211000442505,1.4495644569396973,,
19,65469,0.9160670042037964,1.2064342498779297,,
19,65479,0.8605637550354004,1.2768298387527466,,
19,65489,0.9708782434463501,1.2775912284851074,,
19,65499,0.9835054874420166,1.3214054107666016,,
19,65509,0.8879478573799133,1.866723895072937,,
19,65519,0.8945337533950806,1.1131442785263062,,
19,65529,0.9628010988235474,1.3243632316589355,,
19,65539,1.148594856262207,1.963261604309082,,
19,65549,0.9416825175285339,1.219637155532837,,
19,65559,1.058719277381897,1.7377994060516357,,
19,65569,0.8633777499198914,1.1189559698104858,,
19,65579,0.885261595249176,1.2819899320602417,,
19,65589,0.839495837688446,1.0864686965942383,,
19,65599,0.7110455632209778,0.8765069246292114,,
19,65609,0.9148622751235962,1.4805651903152466,,
19,65619,0.7675118446350098,0.9758537411689758,,
19,65629,0.9191760420799255,1.1624499559402466,,
19,65639,0.8269581198692322,1.1723732948303223,,
19,65649,1.0138497352600098,1.8955078125,,
19,65659,0.7321186065673828,0.8279681205749512,,
19,65669,0.7301878333091736,0.9320516586303711,,
19,65679,0.7970000505447388,0.9310232996940613,,
19,65689,1.1768310070037842,2.650452136993408,,
19,65699,0.9306175708770752,1.3092186450958252,,
19,65709,0.9542957544326782,2.613135576248169,,
19,65719,1.0034750699996948,1.528059720993042,,
19,65729,0.6430020928382874,0.7341866493225098,,
19,65739,0.960813045501709,1.4767789840698242,,
19,65749,0.9234172105789185,1.2932707071304321,,
19,65759,1.2268317937850952,8.085291862487793,,
19,65769,1.1719939708709717,5.411344528198242,,
19,65779,0.8518523573875427,1.081597089767456,,
19,65789,0.7824222445487976,0.968612790107727,,
19,65799,0.819013237953186,1.181767463684082,,
19,65809,0.6761667132377625,0.6694936752319336,,
19,65819,1.0701463222503662,1.4535446166992188,,
19,65829,1.016115665435791,1.5078580379486084,,
19,65839,0.986748456954956,1.6699455976486206,,
19,65849,0.8711529970169067,1.242184042930603,,
19,65859,1.0372815132141113,1.7244436740875244,,
19,65869,0.8202385306358337,1.0846065282821655,,
19,65879,0.8286206722259521,0.9646090269088745,,
19,65889,0.969107985496521,1.3989251852035522,,
19,65899,0.7842104434967041,0.9830644726753235,,
19,65909,0.635201632976532,0.6469662189483643,,
19,65919,0.8211519718170166,1.111411213874817,,
19,65929,0.736849308013916,1.0100810527801514,,
19,65939,0.8814544677734375,1.1971802711486816,,
19,65949,0.8450823426246643,1.094007968902588,,
19,65959,0.8244948983192444,1.027874231338501,,
19,65969,0.8537915349006653,1.1301672458648682,,
19,65979,0.7271237373352051,0.9136381149291992,,
19,65989,0.7422077655792236,0.890081524848938,,
19,65999,1.2142678499221802,2.143231153488159,,
19,66009,1.0436733961105347,1.697026252746582,,
19,66019,0.9595552086830139,1.43137526512146,,
19,66029,0.781063973903656,0.8602461814880371,,
19,66039,0.8992120623588562,1.1553850173950195,,
19,66049,0.7038375735282898,0.7329035997390747,,
19,66059,0.9292733669281006,1.2686455249786377,,
19,66069,0.7887974977493286,1.0425081253051758,,
19,66079,1.047956109046936,1.7471123933792114,,
19,66089,1.2097408771514893,2.5263195037841797,,
19,66099,0.9099748730659485,1.1971467733383179,,
19,66109,0.9674439430236816,1.555785894393921,,
19,66119,0.8443199396133423,1.1822057962417603,,
19,66129,0.8636056184768677,1.152517318725586,,
19,66139,0.8101814985275269,0.9399058818817139,,
19,66149,1.2042651176452637,2.272495746612549,,
19,66159,0.9716971516609192,1.433760643005371,,
19,66169,0.8825265169143677,1.2276101112365723,,
19,66179,0.965650200843811,1.6083658933639526,,
19,66189,0.9142955541610718,1.2187618017196655,,
19,66199,0.7345506548881531,0.9190120697021484,,
19,66209,0.9442515969276428,1.4083555936813354,,
19,66219,0.7538650035858154,0.9248868227005005,,
19,66229,0.8342936635017395,1.02955162525177,,
19,66239,0.8831186890602112,1.2595462799072266,,
19,66249,0.8100656270980835,1.2493047714233398,,
19,66259,1.0308058261871338,1.5754483938217163,,
19,66269,0.760430097579956,0.855379581451416,,
19,66279,0.848242461681366,1.0664596557617188,,
19,66289,0.6801362037658691,0.8963122367858887,,
19,66299,0.8641051650047302,1.0688176155090332,,
19,66309,0.9223164916038513,1.254413366317749,,
19,66319,0.9531341791152954,1.2211602926254272,,
19,66329,0.8499060869216919,0.923130989074707,,
19,66339,0.9827762842178345,1.5449845790863037,,
19,66349,0.866297721862793,1.1671844720840454,,
19,66359,0.7678529024124146,0.8599435687065125,,
19,66369,0.9734886884689331,1.546486735343933,,
19,66379,0.8834212422370911,1.3599050045013428,,
19,66389,0.8722021579742432,1.2059677839279175,,
19,66399,1.0416536331176758,1.576250433921814,,
19,66409,0.8979710936546326,1.1628828048706055,,
19,66419,0.8430874943733215,0.99688720703125,,
19,66429,0.6915291547775269,0.7626975774765015,,
19,66439,0.9412937760353088,1.3191359043121338,,
19,66449,0.7951865196228027,0.9005173444747925,,
19,66459,1.071113109588623,1.7279512882232666,,
19,66469,0.8634288311004639,1.1970248222351074,,
19,66479,0.9483433961868286,1.3931739330291748,,
19,66489,0.9854593276977539,1.4204723834991455,,
19,66499,0.9352752566337585,1.2386727333068848,,
19,66509,1.0208740234375,1.534578800201416,,
19,66519,0.9593136310577393,1.5797308683395386,,
19,66529,1.0702898502349854,1.732213020324707,,
19,66539,0.8579070568084717,1.137189507484436,,
19,66549,0.7201464772224426,0.7594481110572815,,
19,66559,1.1191601753234863,1.812504529953003,,
19,66569,0.6667448282241821,0.7917496562004089,,
19,66579,0.9439359307289124,1.4283742904663086,,
19,66589,0.9763870239257812,1.3341741561889648,,
19,66599,0.8773723244667053,1.1813750267028809,,
19,66609,1.0074878931045532,1.5310287475585938,,
19,66619,1.079896092414856,1.62693452835083,,
19,66629,1.076017141342163,1.7326133251190186,,
19,66639,0.870780348777771,1.4381247758865356,,
19,66649,0.9196401834487915,1.361517310142517,,
19,66659,0.9498491287231445,1.5437672138214111,,
19,66669,0.7744945287704468,1.0664020776748657,,
19,66679,0.9940521717071533,1.6905497312545776,,
19,66689,1.0443483591079712,1.936760663986206,,
19,66699,1.0786105394363403,1.750772476196289,,
19,66709,1.0285708904266357,1.4567101001739502,,
19,66719,1.135869026184082,2.0459787845611572,,
19,66729,0.8821283578872681,1.2323994636535645,,
19,66739,0.8289594650268555,1.1013754606246948,,
19,66749,0.8006922602653503,1.0336825847625732,,
19,66759,0.9691480398178101,1.2926788330078125,,
19,66769,0.7294348478317261,0.8038418292999268,,
19,66779,0.6811826229095459,0.7732713222503662,,
19,66789,0.8690855503082275,2.4980578422546387,,
19,66799,0.5828143358230591,0.5791746377944946,,
19,66809,0.9879860281944275,1.6346735954284668,,
19,66819,0.9191978573799133,1.4345638751983643,,
19,66829,0.9831395745277405,1.6552517414093018,,
19,66839,1.0861868858337402,1.8886232376098633,,
19,66849,0.9203360676765442,1.297061800956726,,
19,66859,0.8208679556846619,0.969520628452301,,
19,66869,0.9651714563369751,1.654317855834961,,
19,66879,0.9743286371231079,1.6287083625793457,,
19,66889,0.9368100166320801,1.5433037281036377,,
19,66899,0.8796781897544861,1.220913290977478,,
19,66909,0.9568262100219727,1.3795239925384521,,
19,66919,0.7604670524597168,0.8883951902389526,,
19,66929,0.7846688032150269,0.9280989170074463,,
19,66939,0.7068090438842773,0.7577720284461975,,
19,66949,1.0140161514282227,1.5874183177947998,,
19,66959,0.8940391540527344,1.1875677108764648,,
19,66969,1.253600835800171,2.249497413635254,,
19,66979,0.8338714838027954,1.246109127998352,,
19,66989,0.9619144201278687,1.3826775550842285,,
19,66999,1.0407123565673828,1.650076985359192,,
19,67009,1.0917478799819946,1.8674142360687256,,
19,67019,0.9079986810684204,1.2824337482452393,,
19,67029,0.9040639996528625,1.3276927471160889,,
19,67039,0.9047461152076721,1.163185954093933,,
19,67049,1.1261024475097656,1.8033634424209595,,
19,67059,0.8469534516334534,1.0489439964294434,,
19,67069,1.0280581712722778,1.5001301765441895,,
19,67079,0.8173505067825317,1.086409091949463,,
19,67089,0.9526351094245911,1.421984076499939,,
19,67099,0.771612823009491,0.8572403788566589,,
19,67109,0.8501508235931396,1.2299212217330933,,
19,67119,1.1096327304840088,1.8707835674285889,,
19,67129,0.875098466873169,1.178769826889038,,
19,67139,1.0193142890930176,1.5466983318328857,,
19,67149,0.8773296475410461,1.178690791130066,,
19,67159,0.8161863088607788,0.8737639784812927,,
19,67169,0.9002178907394409,1.064422607421875,,
19,67179,0.8577886819839478,1.235849380493164,,
19,67189,0.9050629734992981,1.3576786518096924,,
19,67199,1.1729984283447266,1.8468163013458252,,
19,67209,0.9489361047744751,1.4304819107055664,,
19,67219,0.7968316078186035,0.989017128944397,,
19,67229,0.9349075555801392,1.296285629272461,,
19,67239,0.9143252372741699,1.2618658542633057,,
19,67249,0.7955433130264282,1.0445599555969238,,
19,67259,1.0923030376434326,1.812273621559143,,
19,67269,0.9730962514877319,1.5622591972351074,,
19,67279,0.8754042387008667,1.2995455265045166,,
19,67289,0.7364145517349243,0.826429009437561,,
19,67299,1.0068881511688232,1.4500302076339722,,
19,67309,1.0802130699157715,1.7076808214187622,,
19,67319,0.8421961665153503,1.0807099342346191,,
19,67329,0.7627076506614685,1.0265024900436401,,
19,67339,0.856899619102478,1.0100882053375244,,
19,67349,1.1937451362609863,2.1806368827819824,,
19,67359,0.9649147987365723,1.321897029876709,,
19,67369,0.8918085694313049,1.1408320665359497,,
19,67379,0.907961368560791,1.3797273635864258,,
19,67389,0.860184907913208,1.0966144800186157,,
19,67399,1.1437759399414062,1.9747776985168457,,
19,67409,0.7381340265274048,0.9229166507720947,,
19,67419,0.8629293441772461,1.1866371631622314,,
19,67429,0.7374697923660278,0.785076379776001,,
19,67439,0.8027454614639282,1.2066199779510498,,
19,67449,1.0123300552368164,1.6608777046203613,,
19,67459,0.9422032237052917,1.459238886833191,,
19,67469,0.9045751690864563,1.121860384941101,,
19,67479,0.9861217141151428,1.430891752243042,,
19,67489,0.9946882128715515,1.4629576206207275,,
19,67499,0.8264615535736084,1.0736676454544067,,
19,67509,0.9707205891609192,1.474280834197998,,
19,67519,0.9801079630851746,1.5595040321350098,,
19,67529,1.1421337127685547,2.2329869270324707,,
19,67539,0.9209652543067932,1.1386516094207764,,
19,67549,0.659878671169281,0.741995096206665,,
19,67559,0.9060230255126953,1.3209972381591797,,
19,67569,0.8525518178939819,1.0489896535873413,,
19,67579,0.8105391263961792,0.8882288932800293,,
19,67589,0.8574402928352356,1.2944376468658447,,
19,67599,1.0164849758148193,1.686140775680542,,
19,67609,0.8390035629272461,1.121446967124939,,
19,67619,0.9693841934204102,1.401986837387085,,
19,67629,0.7441010475158691,0.961241602897644,,
19,67639,0.94725501537323,1.4044291973114014,,
19,67649,0.9183535575866699,1.484104871749878,,
19,67659,0.9445674419403076,1.6948726177215576,,
19,67669,0.8462003469467163,1.0120060443878174,,
19,67679,1.0920250415802002,1.5542703866958618,,
19,67689,0.9029901623725891,1.3343725204467773,,
19,67699,0.9643614292144775,1.5653982162475586,,
19,67709,1.0625563859939575,1.4809565544128418,,
19,67719,0.781536340713501,1.0028560161590576,,
19,67729,0.9181606769561768,1.2762582302093506,,
19,67739,0.945453405380249,1.442046880722046,,
19,67749,0.9876336455345154,1.357161521911621,,
19,67759,1.0841319561004639,1.6393253803253174,,
19,67769,0.8479993343353271,1.0177326202392578,,
19,67779,0.9112237691879272,1.3383207321166992,,
19,67789,0.9403531551361084,1.6652090549468994,,
19,67799,0.9401912689208984,1.2684370279312134,,
19,67809,0.8986333608627319,1.4694106578826904,,
19,67819,0.905534029006958,1.3129795789718628,,
19,67829,1.044274926185608,1.7466819286346436,,
19,67839,1.1425504684448242,2.5630111694335938,,
19,67849,0.8594500422477722,1.1169679164886475,,
19,67859,0.827119767665863,1.0818887948989868,,
19,67869,0.6683481931686401,0.7057735323905945,,
19,67879,0.8122518658638,1.0381872653961182,,
19,67889,0.9278557300567627,1.2560343742370605,,
19,67899,0.8640029430389404,1.2737120389938354,,
19,67909,0.9097534418106079,1.1192207336425781,,
19,67919,1.0086561441421509,1.8207275867462158,,
19,67929,0.95718914270401,1.466719150543213,,
19,67939,0.7802104949951172,1.0224355459213257,,
19,67949,1.0555649995803833,1.7503643035888672,,
19,67959,1.1259136199951172,2.023047685623169,,
19,67969,0.7629404067993164,0.9164795875549316,,
19,67979,0.9813416600227356,1.4244585037231445,,
19,67989,1.062314748764038,1.5444295406341553,,
19,67999,0.917633056640625,1.1229966878890991,,
19,68009,0.7758098244667053,0.8998357057571411,,
19,68019,0.7837900519371033,0.9149011373519897,,
19,68029,0.9046627879142761,1.3205889463424683,,
19,68039,0.7057954668998718,0.7852450013160706,,
19,68049,0.8591511249542236,1.1220351457595825,,
19,68059,1.0528923273086548,1.665130853652954,,
19,68069,0.7880951166152954,0.9109879732131958,,
19,68079,0.876458466053009,1.1465193033218384,,
19,68089,0.8427693843841553,1.0808212757110596,,
19,68099,0.8284602165222168,0.9518237113952637,,
19,68109,1.0502121448516846,1.7975444793701172,,
19,68119,1.0651726722717285,1.6797103881835938,,
19,68129,0.894949734210968,1.3824217319488525,,
19,68139,1.113053560256958,1.7214076519012451,,
19,68149,1.0037535429000854,1.3164241313934326,,
19,68159,1.0115611553192139,1.7494319677352905,,
19,68169,0.755707859992981,0.8976984024047852,,
19,68179,0.8305190801620483,1.0577472448349,,
19,68189,0.7287551164627075,0.8440229892730713,,
19,68199,0.9172425866127014,1.486210584640503,,
19,68209,0.67200767993927,0.6403635144233704,,
19,68219,0.9230338335037231,1.2561694383621216,,
19,68229,0.7818305492401123,0.9616575837135315,,
19,68239,0.8398585319519043,0.9262440204620361,,
19,68249,0.6936748623847961,0.831537127494812,,
19,68259,0.7938511371612549,0.8831285238265991,,
19,68269,0.832720160484314,1.0816973447799683,,
19,68279,0.868739902973175,1.0563210248947144,,
19,68289,0.7689692974090576,0.9230468273162842,,
19,68299,0.8264322280883789,0.907284677028656,,
19,68309,1.1576170921325684,2.039156436920166,,
19,68319,1.1622068881988525,1.9195613861083984,,
19,68329,0.8327146768569946,1.012779712677002,,
19,68339,0.9896103143692017,1.3026494979858398,,
19,68349,1.0933433771133423,1.8730247020721436,,
19,68359,0.8512976169586182,1.3271623849868774,,
19,68369,1.0912139415740967,1.832177996635437,,
19,68379,0.9026972651481628,1.0960359573364258,,
19,68389,0.8739365935325623,1.296917200088501,,
19,68399,0.8069099187850952,1.0248321294784546,,
19,68409,1.0436499118804932,1.5229463577270508,,
19,68419,0.8457366228103638,1.1902241706848145,,
19,68429,1.0938749313354492,1.7576907873153687,,
19,68439,0.9047584533691406,1.1720049381256104,,
19,68449,0.8216204643249512,1.1496846675872803,,
19,68459,0.8967301249504089,1.1561980247497559,,
19,68469,0.9795721173286438,1.4379889965057373,,
19,68479,0.9487824440002441,1.227936863899231,,
19,68489,0.8727927207946777,1.2521897554397583,,
19,68499,0.8384283781051636,1.0379332304000854,,
19,68509,1.0499919652938843,1.666991949081421,,
19,68519,0.894440770149231,1.268850564956665,,
19,68529,0.983337938785553,1.3300440311431885,,
19,68539,1.1315677165985107,2.3134987354278564,,
19,68549,1.030165672302246,1.6072757244110107,,
19,68559,0.9611055850982666,1.3736696243286133,,
19,68569,0.8670344948768616,1.2784305810928345,,
19,68579,1.0633008480072021,1.6558027267456055,,
19,68589,0.958866536617279,1.541576623916626,,
19,68599,0.8764452934265137,1.1116483211517334,,
19,68609,0.7654930353164673,0.9714914560317993,,
19,68619,0.7034714221954346,0.7342458367347717,,
19,68629,0.9914061427116394,1.5442110300064087,,
19,68639,0.9603280425071716,1.3357995748519897,,
19,68649,0.9463835954666138,1.449998378753662,,
19,68659,0.7954877018928528,1.090116024017334,,
19,68669,1.047356128692627,1.5046043395996094,,
19,68679,0.9435803294181824,1.3442010879516602,,
19,68689,0.906552255153656,1.2637200355529785,,
19,68699,1.1044154167175293,1.8418878316879272,,
19,68709,0.9581907391548157,1.7091567516326904,,
19,68719,0.7860144376754761,1.1783931255340576,,
19,68729,0.798475444316864,1.0306516885757446,,
19,68739,0.7364149689674377,0.7572388648986816,,
19,68749,0.818297266960144,1.2356610298156738,,
19,68759,1.223853349685669,2.5551698207855225,,
19,68759,,,0.9099846482276917,1.3246997594833374
20,68769,0.904309868812561,1.3761703968048096,,
20,68779,0.886819064617157,1.0924952030181885,,
20,68789,0.9064163565635681,1.3397260904312134,,
20,68799,0.9475909471511841,1.3820706605911255,,
20,68809,0.8599952459335327,1.1630991697311401,,
20,68819,0.6285642981529236,0.6917599439620972,,
20,68829,1.0371263027191162,1.7737157344818115,,
20,68839,0.8023420572280884,0.9710984230041504,,
20,68849,0.8164449334144592,1.166024088859558,,
20,68859,1.166532278060913,1.966464877128601,,
20,68869,0.7513862252235413,1.085308313369751,,
20,68879,0.7153494358062744,0.9319064617156982,,
20,68889,1.0557730197906494,1.7673814296722412,,
20,68899,1.018755555152893,1.7674429416656494,,
20,68909,1.01898193359375,1.3323110342025757,,
20,68919,0.8922039270401001,1.232448697090149,,
20,68929,0.6224514245986938,0.6794055700302124,,
20,68939,0.8169639110565186,1.037886381149292,,
20,68949,0.7384946346282959,0.9734551906585693,,
20,68959,0.9998114109039307,1.6035118103027344,,
20,68969,1.1168636083602905,2.05973219871521,,
20,68979,0.9996152520179749,1.847241997718811,,
20,68989,0.8908129334449768,0.990404486656189,,
20,68999,1.0132110118865967,1.454761028289795,,
20,69009,0.8040406703948975,0.9849159121513367,,
20,69019,0.9551805257797241,1.454999327659607,,
20,69029,0.9396342039108276,1.310786247253418,,
20,69039,0.9404219388961792,1.1802117824554443,,
20,69049,0.8582230806350708,1.5127390623092651,,
20,69059,0.9281807541847229,1.0553481578826904,,
20,69069,1.0235981941223145,1.586344599723816,,
20,69079,0.8234953284263611,0.9886977672576904,,
20,69089,0.9979569315910339,1.4964884519577026,,
20,69099,1.03769052028656,1.5055346488952637,,
20,69109,0.6490028500556946,0.7651411294937134,,
20,69119,0.8745918869972229,0.997420608997345,,
20,69129,0.6887834072113037,0.8049153685569763,,
20,69139,1.149409294128418,1.950618863105774,,
20,69149,0.9316558837890625,1.2591097354888916,,
20,69159,0.9280230402946472,1.4723602533340454,,
20,69169,0.8777639865875244,1.1274378299713135,,
20,69179,0.6972017288208008,0.8594816327095032,,
20,69189,0.9645266532897949,1.760960578918457,,
20,69199,0.7167465686798096,0.9337695837020874,,
20,69209,0.8492019176483154,1.2616331577301025,,
20,69219,0.7698997259140015,0.8937965631484985,,
20,69229,0.6939366459846497,0.7960675954818726,,
20,69239,0.7326035499572754,0.7427397966384888,,
20,69249,1.0534684658050537,1.733044147491455,,
20,69259,0.7701677680015564,0.8436622619628906,,
20,69269,0.9694914221763611,1.805257797241211,,
20,69279,0.9063133597373962,1.3142693042755127,,
20,69289,0.846718430519104,1.1098594665527344,,
20,69299,0.9240118265151978,1.13370943069458,,
20,69309,0.8052527904510498,0.9474588632583618,,
20,69319,0.7593737840652466,0.9618157744407654,,
20,69329,1.0076762437820435,1.4419194459915161,,
20,69339,0.7072954773902893,0.8401862382888794,,
20,69349,1.000276803970337,1.9799736738204956,,
20,69359,0.8710248470306396,1.3366351127624512,,
20,69369,0.8186538219451904,1.2560808658599854,,
20,69379,0.6902015209197998,0.7980533242225647,,
20,69389,1.0884424448013306,1.579082727432251,,
20,69399,0.8356385231018066,1.058556079864502,,
20,69409,1.0108637809753418,1.646437406539917,,
20,69419,0.8982275724411011,1.1515289545059204,,
20,69429,0.900936484336853,1.2242588996887207,,
20,69439,0.8768319487571716,1.2415409088134766,,
20,69449,0.8455537557601929,1.0936918258666992,,
20,69459,0.7897517681121826,0.9199727773666382,,
20,69469,0.7936455011367798,0.9039233922958374,,
20,69479,0.7522796988487244,0.9257320165634155,,
20,69489,0.8631248474121094,1.2092421054840088,,
20,69499,0.8166602849960327,1.009272575378418,,
20,69509,1.0127646923065186,1.49208664894104,,
20,69519,0.9681525826454163,1.7337920665740967,,
20,69529,0.8839749097824097,1.2667162418365479,,
20,69539,1.229526162147522,2.3365345001220703,,
20,69549,0.8162698745727539,1.1667371988296509,,
20,69559,0.9672945737838745,1.6567637920379639,,
20,69569,0.9397894144058228,1.334515929222107,,
20,69579,0.8179455995559692,1.019493818283081,,
20,69589,0.8912162184715271,1.0986735820770264,,
20,69599,0.8995698094367981,1.3660409450531006,,
20,69609,0.8166304230690002,1.003069281578064,,
20,69619,0.6857647895812988,0.6596096754074097,,
20,69629,0.8489603400230408,1.0267000198364258,,
20,69639,0.8868739604949951,1.1552997827529907,,
20,69649,0.8939329385757446,1.234279751777649,,
20,69659,1.0376384258270264,1.7340035438537598,,
20,69669,1.1274080276489258,1.9520937204360962,,
20,69679,0.9644403457641602,1.3753464221954346,,
20,69689,0.8837847709655762,1.200178623199463,,
20,69699,0.8427332639694214,1.0798907279968262,,
20,69709,0.730963945388794,0.8291037082672119,,
20,69719,1.0821514129638672,2.9718105792999268,,
20,69729,0.8614903688430786,0.9650928974151611,,
20,69739,1.0794340372085571,1.6691844463348389,,
20,69749,0.7973539233207703,1.1631107330322266,,
20,69759,0.7747613191604614,0.944510817527771,,
20,69769,0.7875539660453796,0.9442505836486816,,
20,69779,1.1882359981536865,2.3775460720062256,,
20,69789,0.8258575201034546,1.0669572353363037,,
20,69799,1.027909278869629,1.888056993484497,,
20,69809,0.8111042976379395,0.9056082963943481,,
20,69819,0.8981586694717407,1.1992015838623047,,
20,69829,1.0139241218566895,1.602423906326294,,
20,69839,0.9309800863265991,1.5718426704406738,,
20,69849,0.9622004628181458,1.5296759605407715,,
20,69859,0.7067628502845764,0.7516642808914185,,
20,69869,0.9509586691856384,1.5652885437011719,,
20,69879,0.8555499911308289,1.1552623510360718,,
20,69889,0.8328860402107239,1.299821138381958,,
20,69899,0.6792044639587402,0.939085841178894,,
20,69909,1.0164238214492798,1.5932724475860596,,
20,69919,0.6898118853569031,0.7217907905578613,,
20,69929,0.9509198665618896,1.2602587938308716,,
20,69939,1.0416836738586426,1.6782989501953125,,
20,69949,0.9882971048355103,1.613720417022705,,
20,69959,0.9562448859214783,1.169250726699829,,
20,69969,0.8159329295158386,1.0236644744873047,,
20,69979,1.1961209774017334,2.011296033859253,,
20,69989,1.0894606113433838,1.617281436920166,,
20,69999,0.8261151313781738,1.1494042873382568,,
20,70009,1.1821088790893555,1.9935437440872192,,
20,70019,0.7565555572509766,0.9120127558708191,,
20,70029,0.9534476399421692,1.3909050226211548,,
20,70039,0.9425450563430786,1.5182082653045654,,
20,70049,0.99934321641922,1.7292118072509766,,
20,70059,0.9384274482727051,1.481034755706787,,
20,70069,1.1254463195800781,1.9305018186569214,,
20,70079,0.8500995635986328,1.392944574356079,,
20,70089,0.7032266855239868,1.0181405544281006,,
20,70099,0.862729549407959,1.0554776191711426,,
20,70109,0.9411062002182007,1.528135061264038,,
20,70119,0.8227166533470154,0.8896102905273438,,
20,70129,0.9158226251602173,1.6267762184143066,,
20,70139,1.04575777053833,1.4884775876998901,,
20,70149,0.703370988368988,0.7280560731887817,,
20,70159,0.8850616216659546,1.2874529361724854,,
20,70169,0.9278305768966675,1.3682281970977783,,
20,70179,0.8375281691551208,1.0589863061904907,,
20,70189,0.8520127534866333,1.3378350734710693,,
20,70199,0.8765872716903687,1.1195160150527954,,
20,70209,0.9242202043533325,1.3867847919464111,,
20,70219,0.9802330136299133,1.4853333234786987,,
20,70229,0.8757708072662354,1.2728166580200195,,
20,70239,1.089719533920288,1.6346572637557983,,
20,70249,0.7143545746803284,0.7596230506896973,,
20,70259,0.8715523481369019,1.1127336025238037,,
20,70269,1.0077791213989258,1.481003761291504,,
20,70279,1.0994901657104492,1.814751386642456,,
20,70289,0.8085775971412659,0.9805996417999268,,
20,70299,0.799776554107666,1.131805419921875,,
20,70309,0.793095588684082,1.039292812347412,,
20,70319,0.9748996496200562,2.27372407913208,,
20,70329,0.9658799767494202,1.2548675537109375,,
20,70339,0.9908261299133301,1.5772737264633179,,
20,70349,0.983070969581604,1.4175770282745361,,
20,70359,0.8781208992004395,1.3076517581939697,,
20,70369,0.7898348569869995,0.8887470960617065,,
20,70379,0.9556165337562561,1.4351602792739868,,
20,70389,1.0289413928985596,1.6753045320510864,,
20,70399,0.9615687727928162,1.3014991283416748,,
20,70409,0.938063383102417,1.524884581565857,,
20,70419,0.8597018718719482,1.044100046157837,,
20,70429,0.6563270092010498,0.7374563813209534,,
20,70439,1.0727583169937134,1.5050017833709717,,
20,70449,0.8578424453735352,1.1546058654785156,,
20,70459,0.9371002912521362,1.2315759658813477,,
20,70469,0.6881605386734009,0.7787453532218933,,
20,70479,0.9949816465377808,1.432303547859192,,
20,70489,0.8387436866760254,1.1594449281692505,,
20,70499,0.981050431728363,1.2983675003051758,,
20,70509,0.8841464519500732,1.2011330127716064,,
20,70519,0.9588115215301514,1.4902102947235107,,
20,70529,0.8845468759536743,1.1619563102722168,,
20,70539,1.0665984153747559,1.7192960977554321,,
20,70549,0.9524585008621216,1.3503683805465698,,
20,70559,0.8564813137054443,0.9629865288734436,,
20,70569,0.992865264415741,1.838184118270874,,
20,70579,0.9792516231536865,1.4892888069152832,,
20,70589,0.9765735864639282,1.3567945957183838,,
20,70599,0.8707672357559204,1.1574727296829224,,
20,70609,0.9195511341094971,1.2946012020111084,,
20,70619,1.1252200603485107,1.8419368267059326,,
20,70629,1.0938349962234497,1.6978342533111572,,
20,70639,0.674971342086792,0.8058500289916992,,
20,70649,1.0082966089248657,1.4881861209869385,,
20,70659,1.0367844104766846,1.5893765687942505,,
20,70669,0.838450014591217,1.0152785778045654,,
20,70679,1.0652275085449219,2.0975050926208496,,
20,70689,0.9312087893486023,1.4854844808578491,,
20,70699,0.7673629522323608,0.842201292514801,,
20,70709,1.1421868801116943,1.9280157089233398,,
20,70719,1.0746269226074219,1.9059321880340576,,
20,70729,0.801892876625061,0.9827404022216797,,
20,70739,1.0058748722076416,1.617361068725586,,
20,70749,0.8888385891914368,1.274444818496704,,
20,70759,0.8271243572235107,1.230809211730957,,
20,70769,0.9032654166221619,1.463835597038269,,
20,70779,1.014520525932312,1.4711737632751465,,
20,70789,1.0574826002120972,1.5665302276611328,,
20,70799,0.7722235321998596,0.989192545413971,,
20,70809,0.9501898288726807,1.4284635782241821,,
20,70819,1.1327682733535767,2.0113463401794434,,
20,70829,0.8743188977241516,1.324800968170166,,
20,70839,0.8020204901695251,1.0505597591400146,,
20,70849,0.9661468267440796,1.3043527603149414,,
20,70859,0.9446883201599121,2.1079578399658203,,
20,70869,0.9212798476219177,1.1972637176513672,,
20,70879,0.8341839909553528,1.072431206703186,,
20,70889,0.8904061913490295,1.3496906757354736,,
20,70899,0.9039310812950134,1.3447798490524292,,
20,70909,0.8435223698616028,1.066205382347107,,
20,70919,1.1212828159332275,2.03993558883667,,
20,70929,0.8960062265396118,1.1187798976898193,,
20,70939,0.6145548820495605,0.6814404726028442,,
20,70949,0.6722286343574524,0.8696922063827515,,
20,70959,0.9262707829475403,1.2175471782684326,,
20,70969,1.176642894744873,2.160120964050293,,
20,70979,0.7335457801818848,0.9204697608947754,,
20,70989,0.7745296955108643,1.0184311866760254,,
20,70999,0.9725732803344727,1.4723353385925293,,
20,71009,0.8418224453926086,1.3469657897949219,,
20,71019,0.8236785531044006,1.1549642086029053,,
20,71029,0.9209897518157959,1.171694278717041,,
20,71039,1.0574142932891846,1.7742036581039429,,
20,71049,1.2975062131881714,2.379488468170166,,
20,71059,0.7701237797737122,0.8911906480789185,,
20,71069,0.9918876886367798,1.5029857158660889,,
20,71079,0.7925413846969604,0.9632333517074585,,
20,71089,0.9169186949729919,1.5456593036651611,,
20,71099,0.8499289751052856,1.304127812385559,,
20,71109,1.1852214336395264,1.9515520334243774,,
20,71119,0.9587358832359314,1.3841354846954346,,
20,71129,0.8037775158882141,1.065904140472412,,
20,71139,0.7400028705596924,0.8496369123458862,,
20,71149,1.0158106088638306,1.4835901260375977,,
20,71159,0.7911527156829834,1.077610969543457,,
20,71169,0.8405479192733765,1.0340046882629395,,
20,71179,0.8584842681884766,1.1050868034362793,,
20,71189,0.8031589984893799,0.9835179448127747,,
20,71199,0.9984433650970459,1.309554100036621,,
20,71209,1.0428305864334106,1.6240878105163574,,
20,71219,0.7601705193519592,0.8654037714004517,,
20,71229,0.9722062349319458,1.5280147790908813,,
20,71239,0.7271358966827393,0.9526416063308716,,
20,71249,0.8208905458450317,0.9847341775894165,,
20,71259,0.7431478500366211,0.9228368997573853,,
20,71269,0.8630122542381287,1.089017391204834,,
20,71279,0.7610064148902893,0.9736831188201904,,
20,71289,0.9088392853736877,1.3246108293533325,,
20,71299,0.8461344242095947,1.0919002294540405,,
20,71309,1.0153592824935913,1.5911591053009033,,
20,71319,1.0677906274795532,1.646191120147705,,
20,71329,0.7836035490036011,0.8758740425109863,,
20,71339,0.7400968074798584,0.9373990297317505,,
20,71349,0.9832143783569336,1.641143798828125,,
20,71359,0.7099562287330627,0.7676409482955933,,
20,71369,0.8252601027488708,1.0312596559524536,,
20,71379,0.9724535942077637,1.282942771911621,,
20,71389,0.6838825941085815,0.7095257043838501,,
20,71399,0.8661261796951294,1.1514437198638916,,
20,71409,0.7741661071777344,0.9517745971679688,,
20,71419,0.8920716047286987,1.3358078002929688,,
20,71429,0.7621743679046631,1.0281091928482056,,
20,71439,1.0627634525299072,1.7999567985534668,,
20,71449,0.9224506616592407,1.3185603618621826,,
20,71459,0.7964320182800293,1.180260181427002,,
20,71469,1.0383070707321167,1.8870644569396973,,
20,71479,0.8589592576026917,1.27021324634552,,
20,71489,0.7455637454986572,0.9483468532562256,,
20,71499,0.9585229754447937,1.30482816696167,,
20,71509,1.1141152381896973,1.8981573581695557,,
20,71519,0.802680253982544,1.2297382354736328,,
20,71529,0.7341477870941162,0.9237484931945801,,
20,71539,0.938416600227356,1.3583656549453735,,
20,71549,0.8415858149528503,1.177472710609436,,
20,71559,0.958878755569458,1.4741463661193848,,
20,71569,0.8803154230117798,1.4482882022857666,,
20,71579,0.8046100735664368,1.042708158493042,,
20,71589,0.9276512265205383,1.5152655839920044,,
20,71599,0.9098626375198364,1.388272762298584,,
20,71609,0.9290450811386108,1.3128340244293213,,
20,71619,0.9390307664871216,1.5431616306304932,,
20,71629,0.7608998417854309,1.205868124961853,,
20,71639,1.094260811805725,1.8297829627990723,,
20,71649,0.8480889201164246,1.3480287790298462,,
20,71659,0.8563143610954285,0.970008134841919,,
20,71669,0.9422388076782227,1.2566978931427002,,
20,71679,0.9911601543426514,1.4602237939834595,,
20,71689,0.8057910203933716,1.2279696464538574,,
20,71699,0.9786657691001892,1.5624781847000122,,
20,71709,1.079341173171997,1.594834566116333,,
20,71719,1.013845682144165,1.4723190069198608,,
20,71729,0.8919530510902405,1.2505452632904053,,
20,71739,0.7228513956069946,0.9002329111099243,,
20,71749,0.8605344295501709,1.0887665748596191,,
20,71759,1.0061709880828857,1.3899297714233398,,
20,71769,1.3591729402542114,2.8691420555114746,,
20,71779,0.7732009887695312,0.9064756631851196,,
20,71789,0.9827839136123657,1.3154948949813843,,
20,71799,0.8924976587295532,1.3867135047912598,,
20,71809,1.173933744430542,1.8398576974868774,,
20,71819,0.9321509599685669,1.2439541816711426,,
20,71829,0.8236558437347412,0.9952439069747925,,
20,71839,0.6655712127685547,0.6681015491485596,,
20,71849,0.7327426671981812,0.7883936762809753,,
20,71859,1.04850172996521,1.5259904861450195,,
20,71869,0.8062610626220703,1.0219476222991943,,
20,71879,0.866398811340332,1.1593692302703857,,
20,71889,0.7164852619171143,0.9565427303314209,,
20,71899,1.0354299545288086,1.4921965599060059,,
20,71909,0.8698099255561829,1.1082360744476318,,
20,71919,0.9331201910972595,1.1940327882766724,,
20,71929,1.0273966789245605,1.4259395599365234,,
20,71939,0.9209610223770142,1.3531477451324463,,
20,71949,0.9060184359550476,1.1831085681915283,,
20,71959,0.8681014776229858,1.328479290008545,,
20,71969,0.8687533736228943,1.1257277727127075,,
20,71979,0.8838462233543396,1.060054063796997,,
20,71989,0.8827145099639893,1.3942718505859375,,
20,71999,0.9181766510009766,1.1249396800994873,,
20,72009,0.9089950323104858,1.1402671337127686,,
20,72019,0.7873291373252869,0.980991542339325,,
20,72029,0.7813296914100647,1.0575461387634277,,
20,72039,0.8885617256164551,1.5061159133911133,,
20,72049,1.055049180984497,1.5853893756866455,,
20,72059,0.7000823020935059,0.7568947076797485,,
20,72069,0.8163789510726929,1.011061668395996,,
20,72079,0.8983914256095886,1.275591492652893,,
20,72089,1.0131148099899292,1.6552728414535522,,
20,72099,0.8588148355484009,1.1714293956756592,,
20,72109,0.9439762830734253,1.34372079372406,,
20,72119,0.6586857438087463,0.6549403667449951,,
20,72129,0.8386342525482178,0.9377537369728088,,
20,72139,0.7859785556793213,0.9060452580451965,,
20,72149,1.139487385749817,2.416590690612793,,
20,72159,0.7801331877708435,0.8594359159469604,,
20,72169,0.8328410387039185,1.1781489849090576,,
20,72179,0.7677695155143738,0.93239426612854,,
20,72189,0.729159414768219,0.9086493849754333,,
20,72197,,,0.9104992151260376,1.3227800130844116
21,72199,0.9020774960517883,1.1657838821411133,,
21,72209,0.8467279672622681,0.9877222180366516,,
21,72219,0.8339934945106506,1.151903510093689,,
21,72229,0.989313006401062,1.4438300132751465,,
21,72239,0.8908295035362244,1.0752182006835938,,
21,72249,0.955024003982544,1.3115862607955933,,
21,72259,1.0922002792358398,1.7219477891921997,,
21,72269,0.9804362058639526,1.423973560333252,,
21,72279,0.9313116669654846,1.5807080268859863,,
21,72289,0.95060133934021,1.4092028141021729,,
21,72299,0.8605726957321167,1.2268571853637695,,
21,72309,0.7448738813400269,0.8938096165657043,,
21,72319,1.0861414670944214,1.5414810180664062,,
21,72329,0.9019989967346191,1.3406472206115723,,
21,72339,0.7975587844848633,1.0858781337738037,,
21,72349,0.8923343420028687,1.2955334186553955,,
21,72359,0.8449282646179199,1.0774376392364502,,
21,72369,0.9908294677734375,1.6133121252059937,,
21,72379,0.9379754066467285,1.4041163921356201,,
21,72389,0.7957925200462341,0.9830154180526733,,
21,72399,0.9208188056945801,1.2132811546325684,,
21,72409,1.0738005638122559,1.6399394273757935,,
21,72419,0.808969259262085,1.0716322660446167,,
21,72429,0.9366942644119263,1.4870984554290771,,
21,72439,0.9328734874725342,1.440093755722046,,
21,72449,1.0116288661956787,1.4095426797866821,,
21,72459,0.9740955829620361,1.2150007486343384,,
21,72469,0.8777775168418884,1.2039129734039307,,
21,72479,0.8976077437400818,1.2910667657852173,,
21,72489,0.8473942875862122,1.0350983142852783,,
21,72499,0.9145475029945374,1.5827194452285767,,
21,72509,0.9502226710319519,1.4067318439483643,,
21,72519,0.9365793466567993,1.250181794166565,,
21,72529,1.0513755083084106,1.501389741897583,,
21,72539,1.2491581439971924,1.9937726259231567,,
21,72549,0.7907270789146423,1.0789129734039307,,
21,72559,0.9947971105575562,1.6853432655334473,,
21,72569,0.9774474501609802,1.6935694217681885,,
21,72579,0.7222123146057129,0.8452826738357544,,
21,72589,0.9091163277626038,1.1993775367736816,,
21,72599,0.7118915915489197,0.7577546238899231,,
21,72609,0.8467296957969666,1.10172700881958,,
21,72619,0.8882174491882324,1.1113741397857666,,
21,72629,0.9524268507957458,1.481260061264038,,
21,72639,1.0073686838150024,1.624542474746704,,
21,72649,0.6507961750030518,0.6659337282180786,,
21,72659,0.6295889616012573,0.7595196962356567,,
21,72669,0.8595537543296814,1.1401058435440063,,
21,72679,0.8046998977661133,1.0083060264587402,,
21,72689,0.6794304251670837,0.6939761638641357,,
21,72699,1.053372859954834,1.852363109588623,,
21,72709,0.86184161901474,1.0336625576019287,,
21,72719,0.7800672054290771,1.1213288307189941,,
21,72729,0.9557738304138184,1.454529047012329,,
21,72739,1.0794291496276855,1.700730323791504,,
21,72749,1.0908044576644897,1.8123018741607666,,
21,72759,1.1502325534820557,1.891153335571289,,
21,72769,0.9650871753692627,1.32467520236969,,
21,72779,0.9272747039794922,1.1113495826721191,,
21,72789,0.889702558517456,1.182370901107788,,
21,72799,0.9422764182090759,1.622581124305725,,
21,72809,1.131911039352417,2.1350417137145996,,
21,72819,0.8130462169647217,1.0735141038894653,,
21,72829,0.9943845868110657,1.4519639015197754,,
21,72839,0.8479956984519958,1.1455607414245605,,
21,72849,1.1588985919952393,1.7489666938781738,,
21,72859,0.8570076823234558,1.0151386260986328,,
21,72869,0.7038212418556213,0.8686798810958862,,
21,72879,0.8456767797470093,0.9509956240653992,,
21,72889,0.788243293762207,1.2558479309082031,,
21,72899,0.9215521216392517,1.352372407913208,,
21,72909,0.9422934055328369,1.3100600242614746,,
21,72919,0.9409251809120178,1.4745334386825562,,
21,72929,0.9810306429862976,1.5925850868225098,,
21,72939,0.93716961145401,1.2052907943725586,,
21,72949,0.9666192531585693,1.82320237159729,,
21,72959,1.0215904712677002,1.3906476497650146,,
21,72969,0.882656455039978,1.208085536956787,,
21,72979,0.8254537582397461,1.1105290651321411,,
21,72989,0.9328213930130005,1.2036614418029785,,
21,72999,0.9321416616439819,1.7507054805755615,,
21,73009,0.9454394578933716,1.3592218160629272,,
21,73019,0.9815865755081177,1.5718632936477661,,
21,73029,0.700259804725647,0.7402517795562744,,
21,73039,0.8559545874595642,1.077068567276001,,
21,73049,1.0527527332305908,1.4936180114746094,,
21,73059,0.8277186751365662,1.0659548044204712,,
21,73069,0.9380444288253784,1.246215581893921,,
21,73079,1.0556871891021729,1.7484688758850098,,
21,73089,0.9241935610771179,1.318014144897461,,
21,73099,0.8631570339202881,1.0618033409118652,,
21,73109,0.9397220611572266,1.4333406686782837,,
21,73119,1.0231534242630005,1.5969512462615967,,
21,73129,1.0635353326797485,1.5940377712249756,,
21,73139,1.0283582210540771,3.115062713623047,,
21,73149,0.8538752198219299,1.0245494842529297,,
21,73159,1.12037992477417,1.7268956899642944,,
21,73169,0.9082117080688477,1.2101216316223145,,
21,73179,0.9930857419967651,1.3937287330627441,,
21,73189,0.8794763088226318,1.2583858966827393,,
21,73199,0.75929856300354,0.851006031036377,,
21,73209,1.1580560207366943,2.022745370864868,,
21,73219,0.690759539604187,0.7662383913993835,,
21,73229,0.9433673620223999,1.471532940864563,,
21,73239,0.804985523223877,1.0165345668792725,,
21,73249,0.7775228023529053,0.8564873933792114,,
21,73259,0.8961105346679688,1.1849792003631592,,
21,73269,0.9220441579818726,1.2250200510025024,,
21,73279,0.7357296347618103,0.8075017333030701,,
21,73289,0.819595992565155,1.3473129272460938,,
21,73299,1.02066969871521,1.7377229928970337,,
21,73309,1.3033698797225952,3.508416175842285,,
21,73319,1.123047113418579,1.8178563117980957,,
21,73329,1.064835548400879,2.114696979522705,,
21,73339,1.0277903079986572,1.5343819856643677,,
21,73349,0.7935731410980225,1.1303907632827759,,
21,73359,0.752882719039917,0.8318517208099365,,
21,73369,1.0471789836883545,1.7124478816986084,,
21,73379,0.7454875707626343,0.8624838590621948,,
21,73389,1.054649829864502,1.7832177877426147,,
21,73399,0.7858700752258301,1.0398705005645752,,
21,73409,1.1947786808013916,1.918070673942566,,
21,73419,0.7403751611709595,0.8212612867355347,,
21,73429,1.1068611145019531,2.0070414543151855,,
21,73439,0.8809512853622437,1.046400785446167,,
21,73449,0.9798214435577393,1.2743198871612549,,
21,73459,1.1363941431045532,1.652498722076416,,
21,73469,0.8448680639266968,0.9914259314537048,,
21,73479,0.8701349496841431,1.1064460277557373,,
21,73489,0.9239033460617065,1.2224304676055908,,
21,73499,0.8005597591400146,1.0095828771591187,,
21,73509,1.0915806293487549,1.6855645179748535,,
21,73519,0.7655496597290039,0.8499040603637695,,
21,73529,0.8526042699813843,1.3616747856140137,,
21,73539,0.8005222082138062,0.9673171043395996,,
21,73549,0.8753157258033752,1.1123207807540894,,
21,73559,0.8693187236785889,1.1817363500595093,,
21,73569,0.7765870690345764,0.9066768884658813,,
21,73579,0.9840896725654602,1.416623830795288,,
21,73589,1.17299485206604,1.9328006505966187,,
21,73599,1.0424253940582275,1.5101854801177979,,
21,73609,0.9925129413604736,1.6495616436004639,,
21,73619,1.0971424579620361,2.5722267627716064,,
21,73629,1.0369958877563477,1.481313705444336,,
21,73639,1.0365982055664062,1.6253821849822998,,
21,73649,0.9703388214111328,1.4255127906799316,,
21,73659,0.9666106700897217,1.2993052005767822,,
21,73669,0.8284330368041992,1.1489479541778564,,
21,73679,0.7879629135131836,0.8884466886520386,,
21,73689,0.8057228326797485,0.9365921020507812,,
21,73699,0.9371389150619507,1.4564497470855713,,
21,73709,0.9822397232055664,1.4089642763137817,,
21,73719,0.88355952501297,1.6779085397720337,,
21,73729,0.6942685842514038,0.8239284157752991,,
21,73739,0.7586227655410767,0.9151116013526917,,
21,73749,1.0313026905059814,1.5185273885726929,,
21,73759,0.9169026017189026,1.4505455493927002,,
21,73769,0.827657163143158,1.1132851839065552,,
21,73779,0.9432589411735535,1.297857403755188,,
21,73789,1.0881447792053223,1.957334041595459,,
21,73799,0.6543417572975159,0.6725155115127563,,
21,73809,0.9796259999275208,1.5709567070007324,,
21,73819,1.0204646587371826,1.434800148010254,,
21,73829,0.8313717842102051,1.2006884813308716,,
21,73839,0.9902229309082031,1.467628002166748,,
21,73849,0.6840288043022156,0.8190289735794067,,
21,73859,0.9627652764320374,1.325829267501831,,
21,73869,0.9069922566413879,1.8671114444732666,,
21,73879,0.8323241472244263,1.1149827241897583,,
21,73889,0.8926409482955933,1.519360899925232,,
21,73899,0.9578635692596436,1.3152987957000732,,
21,73909,0.7301857471466064,0.8060953617095947,,
21,73919,0.7547526359558105,0.8764000535011292,,
21,73929,0.9990654587745667,1.488929271697998,,
21,73939,0.81165611743927,0.9935950040817261,,
21,73949,0.7562744617462158,0.8325215578079224,,
21,73959,1.0576953887939453,1.9576480388641357,,
21,73969,1.0463947057724,1.6283483505249023,,
21,73979,0.9963008761405945,1.5499738454818726,,
21,73989,1.038740634918213,1.5626709461212158,,
21,73999,0.9415569305419922,1.755575180053711,,
21,74009,1.1204978227615356,2.361391544342041,,
21,74019,0.8385682702064514,1.0063352584838867,,
21,74029,1.139191746711731,1.8604837656021118,,
21,74039,0.8495184183120728,1.0122289657592773,,
21,74049,1.0454339981079102,1.6628413200378418,,
21,74059,0.7368607521057129,0.8679871559143066,,
21,74069,0.8383245468139648,0.9761250019073486,,
21,74079,0.9621862173080444,1.369624137878418,,
21,74089,0.9535422325134277,1.2736001014709473,,
21,74099,0.7318140268325806,0.8358389139175415,,
21,74109,0.7331265807151794,0.8265949487686157,,
21,74119,0.8036043047904968,0.9718016386032104,,
21,74129,0.7768760323524475,0.9145582318305969,,
21,74139,0.934883177280426,1.2942042350769043,,
21,74149,1.0123441219329834,1.5246798992156982,,
21,74159,1.0899839401245117,1.7569503784179688,,
21,74169,0.9325229525566101,1.3705580234527588,,
21,74179,0.6915480494499207,0.6800578832626343,,
21,74189,0.83418869972229,1.076860785484314,,
21,74199,1.0393564701080322,1.4651603698730469,,
21,74209,0.7056137323379517,0.858119785785675,,
21,74219,0.7305179238319397,0.8409243822097778,,
21,74229,0.949277937412262,1.3498271703720093,,
21,74239,0.8259081244468689,0.9833345413208008,,
21,74249,0.921056866645813,1.3279433250427246,,
21,74259,0.8452118635177612,1.2184984683990479,,
21,74269,0.8122843503952026,1.0701484680175781,,
21,74279,0.9551021456718445,1.5677144527435303,,
21,74289,0.9085737466812134,1.260235071182251,,
21,74299,0.9180251955986023,1.3212416172027588,,
21,74309,1.0424492359161377,1.4450671672821045,,
21,74319,0.8916988372802734,1.255962610244751,,
21,74329,0.9664560556411743,1.2785496711730957,,
21,74339,0.8364167213439941,1.0658320188522339,,
21,74349,1.1192257404327393,1.8106098175048828,,
21,74359,0.7951427698135376,0.8577436208724976,,
21,74369,0.7614344954490662,0.8915255069732666,,
21,74379,0.8309075832366943,1.097455620765686,,
21,74389,0.9502788782119751,1.3086532354354858,,
21,74399,0.7449520826339722,0.9396967887878418,,
21,74409,0.9946126937866211,1.3913369178771973,,
21,74419,1.0839306116104126,2.0040831565856934,,
21,74429,0.7897528409957886,0.9396989345550537,,
21,74439,0.8020534515380859,0.8737637400627136,,
21,74449,0.9608898162841797,1.4372352361679077,,
21,74459,0.879825234413147,1.2303792238235474,,
21,74469,1.0586841106414795,1.9121736288070679,,
21,74479,1.0851774215698242,1.7291474342346191,,
21,74489,0.8483967185020447,1.1200908422470093,,
21,74499,0.8203806281089783,1.221034288406372,,
21,74509,0.9113820791244507,1.303783893585205,,
21,74519,0.7876988649368286,1.066295862197876,,
21,74529,0.8919119834899902,1.1581850051879883,,
21,74539,0.8267124891281128,1.059877634048462,,
21,74549,1.1080628633499146,1.985565185546875,,
21,74559,0.9952751994132996,1.5264089107513428,,
21,74569,1.155047059059143,2.135869026184082,,
21,74579,0.88633131980896,1.3532353639602661,,
21,74589,0.6996701955795288,0.7619678974151611,,
21,74599,0.7148442268371582,0.8302841186523438,,
21,74609,0.7735865712165833,0.8583436012268066,,
21,74619,0.7479502558708191,0.8852171301841736,,
21,74629,0.9200907945632935,1.4102261066436768,,
21,74639,0.756210207939148,0.8631098866462708,,
21,74649,1.0138319730758667,1.4790263175964355,,
21,74659,0.8516764640808105,1.2051570415496826,,
21,74669,0.8537214994430542,1.1290205717086792,,
21,74679,0.8782490491867065,1.137200951576233,,
21,74689,0.8469661474227905,1.1125986576080322,,
21,74699,0.9213073253631592,1.1809616088867188,,
21,74709,0.7769114971160889,0.857887327671051,,
21,74719,0.9169352054595947,1.1435284614562988,,
21,74729,0.8190634250640869,0.8831496238708496,,
21,74739,0.7918123006820679,1.1993072032928467,,
21,74749,1.0354787111282349,1.6672570705413818,,
21,74759,0.9012904763221741,1.2861967086791992,,
21,74769,0.8374434113502502,0.9229987859725952,,
21,74779,0.7655841708183289,0.954201340675354,,
21,74789,0.9104175567626953,1.2153127193450928,,
21,74799,1.3833163976669312,4.345532417297363,,
21,74809,1.236339807510376,2.001378059387207,,
21,74819,0.961126446723938,1.4684127569198608,,
21,74829,1.1482079029083252,2.130235433578491,,
21,74839,0.9407023191452026,1.3592957258224487,,
21,74849,0.8881086111068726,1.1203234195709229,,
21,74859,0.864309549331665,1.1610376834869385,,
21,74869,0.779785692691803,1.0290147066116333,,
21,74879,0.9032670855522156,1.2301520109176636,,
21,74889,1.13405442237854,1.8695530891418457,,
21,74899,0.7189412713050842,0.8297967910766602,,
21,74909,1.037743330001831,1.6515820026397705,,
21,74919,0.862679123878479,1.2757279872894287,,
21,74929,1.074601411819458,1.802206039428711,,
21,74939,0.7419418096542358,0.9956406950950623,,
21,74949,0.9406459331512451,1.4431548118591309,,
21,74959,0.8948794603347778,1.2541983127593994,,
21,74969,1.0296562910079956,1.8969157934188843,,
21,74979,0.8804621696472168,1.1243308782577515,,
21,74989,0.7279562950134277,0.8564783930778503,,
21,74999,0.799835205078125,0.9532718658447266,,
21,75009,1.1262859106063843,1.8665028810501099,,
21,75019,0.7953937649726868,1.2210614681243896,,
21,75029,0.975977897644043,1.3840866088867188,,
21,75039,0.941827654838562,1.3849071264266968,,
21,75049,0.9208401441574097,1.17305588722229,,
21,75059,1.0325846672058105,1.4683678150177002,,
21,75069,0.7346835732460022,0.8898109197616577,,
21,75079,0.6858505010604858,0.7234808802604675,,
21,75089,0.964677631855011,1.537041187286377,,
21,75099,0.9059606790542603,1.3113971948623657,,
21,75109,1.0762908458709717,1.6621010303497314,,
21,75119,0.8218106031417847,1.2330491542816162,,
21,75129,0.9090005159378052,1.215127944946289,,
21,75139,0.8982210159301758,1.2579163312911987,,
21,75149,0.8344502449035645,1.2322349548339844,,
21,75159,0.9261437654495239,1.2417207956314087,,
21,75169,0.8415014743804932,1.0714597702026367,,
21,75179,0.8328209519386292,1.075155258178711,,
21,75189,0.8849558234214783,1.0484890937805176,,
21,75199,0.9217149019241333,1.2913480997085571,,
21,75209,0.9493328928947449,1.2606006860733032,,
21,75219,0.7526912093162537,0.7576109170913696,,
21,75229,0.9856104850769043,1.3428579568862915,,
21,75239,0.8744439482688904,1.1468110084533691,,
21,75249,1.1158877611160278,1.7192014455795288,,
21,75259,0.8880656957626343,1.0883121490478516,,
21,75269,0.939697802066803,1.4177204370498657,,
21,75279,0.9727360010147095,1.3733139038085938,,
21,75289,0.8200154304504395,1.0993821620941162,,
21,75299,0.8852239847183228,1.7748230695724487,,
21,75309,0.9012269377708435,1.3256149291992188,,
21,75319,0.8514810800552368,1.049595832824707,,
21,75329,0.7309988737106323,0.8978935480117798,,
21,75339,0.6630281209945679,0.6613044738769531,,
21,75349,0.7342383861541748,0.8601977825164795,,
21,75359,0.9107168316841125,1.3540300130844116,,
21,75369,1.06180739402771,1.5387778282165527,,
21,75379,0.9455505013465881,1.438880443572998,,
21,75389,0.7621755003929138,0.7982914447784424,,
21,75399,0.9002108573913574,1.2944940328598022,,
21,75409,1.1916840076446533,2.021986961364746,,
21,75419,1.1588709354400635,1.9739727973937988,,
21,75429,0.9535020589828491,1.3512951135635376,,
21,75439,0.9597108364105225,1.5978834629058838,,
21,75449,0.756355881690979,0.884913444519043,,
21,75459,0.9734154343605042,1.4488821029663086,,
21,75469,0.8541420698165894,1.0371901988983154,,
21,75479,0.9869318604469299,1.5149409770965576,,
21,75489,0.9634168148040771,1.4206604957580566,,
21,75499,0.8927717804908752,1.3903965950012207,,
21,75509,1.0480843782424927,2.0600881576538086,,
21,75519,0.904883623123169,1.1563994884490967,,
21,75529,0.7524524927139282,0.852763831615448,,
21,75539,1.0664193630218506,1.7480499744415283,,
21,75549,0.6669856309890747,0.7136095762252808,,
21,75559,0.7590370178222656,0.8283611536026001,,
21,75569,0.9621880650520325,1.4215831756591797,,
21,75579,0.875410795211792,1.056586742401123,,
21,75589,0.9172618389129639,1.6047050952911377,,
21,75599,0.8179721236228943,0.9351803064346313,,
21,75609,0.8275389671325684,1.098953127861023,,
21,75619,0.9125139117240906,1.4153721332550049,,
21,75629,0.929178774356842,1.580337405204773,,
21,75635,,,0.911054790019989,1.3235554695129395
22,75639,0.7155863046646118,0.8365404605865479,,
22,75649,0.8521996736526489,1.1049705743789673,,
22,75659,0.8462135791778564,1.004555344581604,,
22,75669,0.7813425064086914,0.8941433429718018,,
22,75679,0.9638946056365967,1.3490806818008423,,
22,75689,0.9368781447410583,2.0885767936706543,,
22,75699,1.0472877025604248,1.6647436618804932,,
22,75709,0.7621290683746338,0.9804455637931824,,
22,75719,1.1112878322601318,1.7511496543884277,,
22,75729,0.8604027628898621,1.2195141315460205,,
22,75739,0.8599315881729126,1.2157328128814697,,
22,75749,0.9068207740783691,1.167113184928894,,
22,75759,0.7745711803436279,0.96027010679245,,
22,75769,1.0101313591003418,1.4621546268463135,,
22,75779,1.0082086324691772,1.4993443489074707,,
22,75789,0.8512312173843384,0.9664044380187988,,
22,75799,0.9629826545715332,1.3207108974456787,,
22,75809,0.9361423850059509,1.4768612384796143,,
22,75819,1.0081772804260254,1.639216423034668,,
22,75829,0.8010810613632202,0.8949059844017029,,
22,75839,0.9929708242416382,1.4564645290374756,,
22,75849,0.7597622275352478,0.932197093963623,,
22,75859,0.8107280135154724,1.069242238998413,,
22,75869,0.8760497570037842,1.3491896390914917,,
22,75879,1.02666175365448,1.6985529661178589,,
22,75889,0.9534129500389099,1.3608145713806152,,
22,75899,0.9890404939651489,1.3542180061340332,,
22,75909,0.9920487403869629,1.4744853973388672,,
22,75919,0.8085697293281555,0.941847026348114,,
22,75929,0.9807166457176208,1.3435763120651245,,
22,75939,0.8122338652610779,1.0664329528808594,,
22,75949,0.9419389367103577,1.168959140777588,,
22,75959,1.1222467422485352,2.127953052520752,,
22,75969,0.9595097899436951,1.397434115409851,,
22,75979,1.0060768127441406,1.6146539449691772,,
22,75989,0.7325063943862915,0.9463131427764893,,
22,75999,0.8374254703521729,0.8742324113845825,,
22,76009,1.05893874168396,1.5609676837921143,,
22,76019,1.097721815109253,1.8346030712127686,,
22,76029,0.9898208379745483,1.6711492538452148,,
22,76039,0.9269106388092041,1.2978312969207764,,
22,76049,0.7496023774147034,0.9415276050567627,,
22,76059,1.0434620380401611,1.6997880935668945,,
22,76069,0.8758608102798462,1.2191435098648071,,
22,76079,1.0892837047576904,1.8185451030731201,,
22,76089,1.0823912620544434,1.6224912405014038,,
22,76099,0.8693540096282959,1.1491508483886719,,
22,76109,0.8936652541160583,1.069441795349121,,
22,76119,0.80679851770401,1.0017943382263184,,
22,76129,0.8075426816940308,1.067795991897583,,
22,76139,0.8920164704322815,1.3870818614959717,,
22,76149,0.7776360511779785,0.8617127537727356,,
22,76159,0.7777680158615112,1.0841354131698608,,
22,76169,0.7817591428756714,1.0633076429367065,,
22,76179,0.8257459402084351,1.2261886596679688,,
22,76189,0.8241362571716309,0.9590110778808594,,
22,76199,0.9716359972953796,1.539434552192688,,
22,76209,0.8642070293426514,1.1546167135238647,,
22,76219,0.6180217266082764,0.6248091459274292,,
22,76229,0.8353820443153381,0.972135603427887,,
22,76239,0.7796652317047119,0.8757204413414001,,
22,76249,0.7522923350334167,0.8633396029472351,,
22,76259,0.8572500348091125,1.3673009872436523,,
22,76269,0.969825804233551,1.2913535833358765,,
22,76279,1.1081953048706055,1.7527042627334595,,
22,76289,1.1200315952301025,2.612670421600342,,
22,76299,0.8918838500976562,1.14884352684021,,
22,76309,0.7909262180328369,1.1344168186187744,,
22,76319,1.124152660369873,2.1569771766662598,,
22,76329,1.0596590042114258,1.7651797533035278,,
22,76339,0.8390272855758667,1.1005525588989258,,
22,76349,0.8325864672660828,1.0947209596633911,,
22,76359,0.9733906984329224,1.4204800128936768,,
22,76369,0.8991947770118713,1.3184363842010498,,
22,76379,0.8333374857902527,0.9302465915679932,,
22,76389,0.8849339485168457,1.410395622253418,,
22,76399,0.7821827530860901,1.0154887437820435,,
22,76409,1.1839762926101685,2.0594735145568848,,
22,76419,0.8683838248252869,1.144946813583374,,
22,76429,0.9370014667510986,1.5154139995574951,,
22,76439,0.926413357257843,1.3608934879302979,,
22,76449,0.957400918006897,1.4397251605987549,,
22,76459,0.9220408201217651,1.2177510261535645,,
22,76469,0.9383165836334229,1.2654141187667847,,
22,76479,0.938149094581604,1.5519518852233887,,
22,76489,0.7476463913917542,0.8460655212402344,,
22,76499,0.7638107538223267,0.8330181837081909,,
22,76509,0.9137105941772461,1.393211841583252,,
22,76519,1.010883092880249,1.5759180784225464,,
22,76529,1.0205070972442627,1.434217095375061,,
22,76539,0.6974921226501465,0.7713944911956787,,
22,76549,1.1134488582611084,1.934088945388794,,
22,76559,0.773992121219635,1.0006015300750732,,
22,76569,0.9143113493919373,1.408917784690857,,
22,76579,0.7401314973831177,0.9378584623336792,,
22,76589,0.8399264216423035,1.1137081384658813,,
22,76599,0.9600660800933838,1.4012830257415771,,
22,76609,0.9753469228744507,1.4040110111236572,,
22,76619,0.8828554153442383,1.1765356063842773,,
22,76629,0.9449880123138428,1.350003957748413,,
22,76639,0.9418432116508484,1.4518115520477295,,
22,76649,0.8241574764251709,1.0224804878234863,,
22,76659,0.9845868349075317,1.47252357006073,,
22,76669,0.8490707278251648,1.0547407865524292,,
22,76679,0.9429453611373901,1.3317878246307373,,
22,76689,0.7523500323295593,0.920756995677948,,
22,76699,0.8035916090011597,0.9622642993927002,,
22,76709,0.9696919918060303,1.526450753211975,,
22,76719,0.7792421579360962,0.8880788087844849,,
22,76729,1.065786361694336,2.021669864654541,,
22,76739,0.8638197183609009,1.0925626754760742,,
22,76749,0.945467472076416,1.20310378074646,,
22,76759,0.955897331237793,1.5146912336349487,,
22,76769,0.7763177156448364,0.9958803653717041,,
22,76779,0.852685809135437,1.0026321411132812,,
22,76789,0.9275779724121094,1.2612950801849365,,
22,76799,0.7711058259010315,0.9654796123504639,,
22,76809,0.9273667931556702,1.4748289585113525,,
22,76819,0.9928712248802185,1.4236818552017212,,
22,76829,0.7407611608505249,0.7806843519210815,,
22,76839,0.8219188451766968,1.1615009307861328,,
22,76849,0.7617669105529785,0.8363555669784546,,
22,76859,0.7855231761932373,1.0137078762054443,,
22,76869,0.8726664781570435,1.1007314920425415,,
22,76879,0.8816990852355957,2.571924924850464,,
22,76889,0.8689795732498169,1.428347110748291,,
22,76899,0.8119654059410095,1.0603532791137695,,
22,76909,1.0986584424972534,1.814148187637329,,
22,76919,0.8795229196548462,1.1941531896591187,,
22,76929,0.7627127170562744,0.894057035446167,,
22,76939,0.9978022575378418,1.420991063117981,,
22,76949,0.9542714953422546,1.3642008304595947,,
22,76959,0.8510935306549072,1.0597730875015259,,
22,76969,0.7181764841079712,0.7875345945358276,,
22,76979,0.9902685284614563,1.4327620267868042,,
22,76989,0.8718470335006714,1.1536301374435425,,
22,76999,0.7225223779678345,0.8226224184036255,,
22,77009,0.716493546962738,0.8494960069656372,,
22,77019,0.8870652914047241,1.2122642993927002,,
22,77029,0.9432612657546997,1.4764220714569092,,
22,77039,0.9372621178627014,1.224332332611084,,
22,77049,0.818789541721344,0.9505596160888672,,
22,77059,0.7242121696472168,0.8005704879760742,,
22,77069,1.069244623184204,1.8219380378723145,,
22,77079,0.9007724523544312,1.3254938125610352,,
22,77089,0.8847103118896484,1.2599750757217407,,
22,77099,0.9625222086906433,1.4496707916259766,,
22,77109,0.9022864699363708,1.3191826343536377,,
22,77119,0.9598902463912964,1.2615963220596313,,
22,77129,0.7653392553329468,1.080540657043457,,
22,77139,1.0754691362380981,1.7848083972930908,,
22,77149,1.0170392990112305,1.4856460094451904,,
22,77159,1.0168952941894531,1.498957872390747,,
22,77169,0.7947951555252075,0.8844502568244934,,
22,77179,1.1336543560028076,2.4192116260528564,,
22,77189,0.8495602607727051,1.023728370666504,,
22,77199,0.9078699946403503,1.4291179180145264,,
22,77209,1.0396106243133545,1.6003185510635376,,
22,77219,1.0589947700500488,2.0208702087402344,,
22,77229,0.875555157661438,1.0725399255752563,,
22,77239,0.843460202217102,1.0623739957809448,,
22,77249,0.9972165822982788,1.5941011905670166,,
22,77259,1.0052661895751953,1.3636815547943115,,
22,77269,0.8216800689697266,1.53468918800354,,
22,77279,0.8689583539962769,1.1118470430374146,,
22,77289,0.9772170782089233,1.4597699642181396,,
22,77299,0.8671637177467346,1.3299064636230469,,
22,77309,0.9380556344985962,1.2422865629196167,,
22,77319,0.7437918186187744,0.9787273406982422,,
22,77329,0.6340717077255249,0.6502194404602051,,
22,77339,0.8446418046951294,1.0662363767623901,,
22,77349,0.8860683441162109,1.3375837802886963,,
22,77359,0.9808241724967957,1.3573670387268066,,
22,77369,0.8569663763046265,1.0407803058624268,,
22,77379,0.9037821292877197,1.0529954433441162,,
22,77389,0.8098435401916504,0.9742618203163147,,
22,77399,0.9666215181350708,1.265181541442871,,
22,77409,1.0273025035858154,1.5925791263580322,,
22,77419,0.7294224500656128,0.8285244703292847,,
22,77429,0.9780396223068237,1.3542304039001465,,
22,77439,1.0171682834625244,1.5746928453445435,,
22,77449,1.0749480724334717,1.7460888624191284,,
22,77459,0.9917001724243164,1.5140022039413452,,
22,77469,1.145730972290039,1.8911218643188477,,
22,77479,0.8521727919578552,1.132126808166504,,
22,77489,0.8092719316482544,1.0513380765914917,,
22,77499,0.8202147483825684,1.328084111213684,,
22,77509,0.9216530919075012,1.3606559038162231,,
22,77519,0.7465285658836365,1.0395169258117676,,
22,77529,0.8853587508201599,1.2662320137023926,,
22,77539,1.0303423404693604,2.788942813873291,,
22,77549,1.2666540145874023,2.142082691192627,,
22,77559,0.702917754650116,0.7681142091751099,,
22,77569,0.8880672454833984,1.188143253326416,,
22,77579,0.758798360824585,0.8092043995857239,,
22,77589,1.0351476669311523,1.512830376625061,,
22,77599,1.0810279846191406,1.7085607051849365,,
22,77609,0.6778578758239746,0.6597509384155273,,
22,77619,0.907290518283844,1.3111549615859985,,
22,77629,0.9404962062835693,1.3488808870315552,,
22,77639,1.0081095695495605,1.5025161504745483,,
22,77649,0.8326239585876465,0.9722833633422852,,
22,77659,0.9945058822631836,1.4478158950805664,,
22,77669,0.7941443920135498,0.8627221584320068,,
22,77679,0.771557092666626,0.9569716453552246,,
22,77689,1.0565927028656006,2.1017889976501465,,
22,77699,0.9653097987174988,1.2746468782424927,,
22,77709,0.9546363353729248,1.3746659755706787,,
22,77719,0.8505842685699463,1.0599596500396729,,
22,77729,0.956827700138092,1.3302628993988037,,
22,77739,0.9022213220596313,1.5276005268096924,,
22,77749,0.9372277855873108,1.2503221035003662,,
22,77759,0.6817660927772522,0.8294496536254883,,
22,77769,1.1286672353744507,1.7300503253936768,,
22,77779,1.0583356618881226,1.7060174942016602,,
22,77789,0.9956892728805542,1.6509846448898315,,
22,77799,0.6893617510795593,0.7724321484565735,,
22,77809,0.9050325155258179,1.3461236953735352,,
22,77819,0.9622368812561035,1.3996696472167969,,
22,77829,0.9194562435150146,1.5261253118515015,,
22,77839,0.8072044849395752,1.130943775177002,,
22,77849,0.9705801010131836,1.4009718894958496,,
22,77859,0.9904677867889404,1.924710750579834,,
22,77869,1.0339925289154053,1.497342824935913,,
22,77879,0.865502119064331,1.1675689220428467,,
22,77889,0.6671009659767151,0.841731607913971,,
22,77899,0.8927078247070312,1.1670663356781006,,
22,77909,0.7487726211547852,0.917621374130249,,
22,77919,0.7063267230987549,0.7182517051696777,,
22,77929,0.8726208209991455,1.235752820968628,,
22,77939,1.1119227409362793,2.1832923889160156,,
22,77949,0.8702247738838196,1.2028701305389404,,
22,77959,0.8781394958496094,1.2199097871780396,,
22,77969,0.8890711069107056,1.2218480110168457,,
22,77979,0.8860090970993042,1.4278085231781006,,
22,77989,1.1164560317993164,2.4080567359924316,,
22,77999,0.836523175239563,1.0464074611663818,,
22,78009,0.9951997995376587,1.576955795288086,,
22,78019,0.9739425182342529,1.2552281618118286,,
22,78029,0.6543518304824829,0.6212983131408691,,
22,78039,0.9816416501998901,1.359776496887207,,
22,78049,0.9098721742630005,1.384631633758545,,
22,78059,0.8575022220611572,1.150871992111206,,
22,78069,0.8846679329872131,1.5070230960845947,,
22,78079,0.9921153783798218,1.794971227645874,,
22,78089,1.021695852279663,1.5818586349487305,,
22,78099,1.061413049697876,1.742727518081665,,
22,78109,0.7409051060676575,0.965022087097168,,
22,78119,1.0420526266098022,1.6399052143096924,,
22,78129,0.9304094314575195,1.69533109664917,,
22,78139,0.9042418003082275,1.264232873916626,,
22,78149,0.8497333526611328,1.1579831838607788,,
22,78159,0.8575660586357117,1.177051305770874,,
22,78169,0.9013029336929321,1.1968443393707275,,
22,78179,0.7928799390792847,0.9824965000152588,,
22,78189,1.004796028137207,1.604644536972046,,
22,78199,0.9537619948387146,1.309399962425232,,
22,78209,0.824120044708252,1.1780166625976562,,
22,78219,0.743529200553894,0.8486613631248474,,
22,78229,1.048067569732666,1.4869202375411987,,
22,78239,0.9240715503692627,1.3554235696792603,,
22,78249,0.7857502102851868,0.9189680814743042,,
22,78259,0.5774809718132019,0.5629082918167114,,
22,78269,0.8910475969314575,1.2620614767074585,,
22,78279,1.1221415996551514,1.827027678489685,,
22,78289,0.9161170125007629,1.5885000228881836,,
22,78299,0.7753555774688721,0.8986549377441406,,
22,78309,0.8084988594055176,0.841253399848938,,
22,78319,0.8534142971038818,1.0606104135513306,,
22,78329,0.8804174661636353,1.3757257461547852,,
22,78339,0.9176691770553589,1.4652321338653564,,
22,78349,0.7335184216499329,0.8906694054603577,,
22,78359,0.9553356170654297,1.2431466579437256,,
22,78369,0.8201268911361694,1.0659372806549072,,
22,78379,1.0184732675552368,1.512028694152832,,
22,78389,0.9815561771392822,1.4731569290161133,,
22,78399,0.8741700649261475,1.1917226314544678,,
22,78409,1.0032247304916382,1.3968002796173096,,
22,78419,1.0152169466018677,1.5952848196029663,,
22,78429,1.0341274738311768,1.5530304908752441,,
22,78439,0.9000446200370789,1.3580354452133179,,
22,78449,0.8626622557640076,1.308523178100586,,
22,78459,0.8044285178184509,1.1118743419647217,,
22,78469,0.9340400695800781,1.3222336769104004,,
22,78479,0.9447119832038879,1.2896249294281006,,
22,78489,0.860044538974762,1.0694104433059692,,
22,78499,0.8476402759552002,1.048537254333496,,
22,78509,0.9752950072288513,1.348975658416748,,
22,78519,1.0681328773498535,1.7622387409210205,,
22,78529,1.018003225326538,1.6861250400543213,,
22,78539,1.0113009214401245,1.4113233089447021,,
22,78549,0.8043326139450073,1.017817497253418,,
22,78559,0.8290853500366211,1.0842105150222778,,
22,78569,0.8223934173583984,1.0868955850601196,,
22,78579,0.9561283588409424,1.229286789894104,,
22,78589,0.9711683988571167,1.3412888050079346,,
22,78599,0.9877973794937134,1.487746000289917,,
22,78609,0.947611391544342,1.4469044208526611,,
22,78619,0.9066886901855469,1.0516467094421387,,
22,78629,0.8229819536209106,1.0103044509887695,,
22,78639,0.8811975121498108,1.176534652709961,,
22,78649,0.7946730852127075,1.0529274940490723,,
22,78659,0.9573405981063843,1.631761074066162,,
22,78669,1.1410762071609497,2.270885467529297,,
22,78679,0.7239176034927368,0.7867982387542725,,
22,78689,0.8768402338027954,1.0604383945465088,,
22,78699,0.895689845085144,1.1802513599395752,,
22,78709,0.7700795531272888,0.9512642025947571,,
22,78719,0.9912517070770264,1.4844727516174316,,
22,78729,0.9785506725311279,1.3867532014846802,,
22,78739,0.6760868430137634,0.9178221225738525,,
22,78749,0.8715957403182983,1.5945916175842285,,
22,78759,0.8608672618865967,1.2833938598632812,,
22,78769,1.0816929340362549,1.550945520401001,,
22,78779,1.0400292873382568,1.6777315139770508,,
22,78789,0.7113508582115173,0.8530793786048889,,
22,78799,1.0797169208526611,1.988537073135376,,
22,78809,1.0674973726272583,1.7213987112045288,,
22,78819,0.9333155155181885,1.426087498664856,,
22,78829,0.6870239973068237,0.7434991002082825,,
22,78839,0.6912652254104614,0.6949138045310974,,
22,78849,1.038771152496338,1.3853132724761963,,
22,78859,0.8201042413711548,1.0823395252227783,,
22,78869,0.976801335811615,1.503964900970459,,
22,78879,0.916588544845581,1.5994555950164795,,
22,78889,0.7709512114524841,0.9092509746551514,,
22,78899,0.9798852801322937,1.4616039991378784,,
22,78909,0.9766329526901245,1.395089030265808,,
22,78919,0.631022572517395,0.6349882483482361,,
22,78929,0.8022007346153259,1.0233083963394165,,
22,78939,0.8561729192733765,1.3394453525543213,,
22,78949,0.8786509037017822,1.196373701095581,,
22,78959,0.9107915163040161,1.2287911176681519,,
22,78969,0.5680480599403381,0.53021240234375,,
22,78979,0.9667608141899109,1.34328293800354,,
22,78989,0.9015344381332397,1.2362308502197266,,
22,78999,0.7364183068275452,0.8405928611755371,,
22,79009,1.0704517364501953,1.5319645404815674,,
22,79019,0.7635174989700317,0.8526548147201538,,
22,79029,0.9254051446914673,1.4645761251449585,,
22,79039,0.996208667755127,1.5686516761779785,,
22,79049,0.8973482251167297,1.176215410232544,,
22,79059,0.8246313333511353,1.2910654544830322,,
22,79069,0.8807967305183411,1.3083566427230835,,
22,79073,,,0.9098713994026184,1.3236702680587769
23,79079,0.8559685349464417,1.1085721254348755,,
23,79089,0.9784976243972778,1.5825629234313965,,
23,79099,0.9310120344161987,1.376901626586914,,
23,79109,0.9474326968193054,1.5951564311981201,,
23,79119,0.6978957056999207,0.7342122197151184,,
23,79129,1.0487358570098877,1.59089994430542,,
23,79139,0.8264051675796509,1.065896987915039,,
23,79149,0.9003952741622925,1.1467316150665283,,
23,79159,0.8214925527572632,1.018337607383728,,
23,79169,0.6945077776908875,0.79072105884552,,
23,79179,0.9620755910873413,1.5861892700195312,,
23,79189,0.7607946395874023,1.0635859966278076,,
23,79199,0.6511017084121704,0.8157386779785156,,
23,79209,0.925173819065094,1.3293524980545044,,
23,79219,0.9141895771026611,1.101132869720459,,
23,79229,0.9790547490119934,1.4515151977539062,,
23,79239,0.9680253267288208,1.2637126445770264,,
23,79249,0.8008767366409302,0.9796807765960693,,
23,79259,0.9200645685195923,1.298661231994629,,
23,79269,0.7720906734466553,0.8381796479225159,,
23,79279,1.0244247913360596,1.4348385334014893,,
23,79289,0.9376919865608215,1.3349541425704956,,
23,79299,1.2512116432189941,3.3325319290161133,,
23,79309,1.080003261566162,1.8071496486663818,,
23,79319,0.880439043045044,1.105053186416626,,
23,79329,0.9389663934707642,1.1727039813995361,,
23,79339,0.915421724319458,1.2937345504760742,,
23,79349,0.8677477836608887,1.229731798171997,,
23,79359,0.9725792407989502,1.5926228761672974,,
23,79369,0.9075348377227783,1.1605143547058105,,
23,79379,0.8834893107414246,1.160703420639038,,
23,79389,0.8811216354370117,1.2286796569824219,,
23,79399,1.0586802959442139,1.6466419696807861,,
23,79409,0.9981906414031982,1.8147945404052734,,
23,79419,1.0390186309814453,2.2283010482788086,,
23,79429,0.8575115203857422,1.2746869325637817,,
23,79439,0.9343045949935913,1.4743341207504272,,
23,79449,0.8159198760986328,1.1167393922805786,,
23,79459,0.8466436862945557,1.1276555061340332,,
23,79469,1.0244698524475098,1.6819802522659302,,
23,79479,0.9143880009651184,1.3526594638824463,,
23,79489,0.9733178615570068,1.434870958328247,,
23,79499,1.0386680364608765,1.844927191734314,,
23,79509,0.6807403564453125,0.9685224294662476,,
23,79519,0.9938949346542358,1.3554296493530273,,
23,79529,0.9944413900375366,1.3870139122009277,,
23,79539,0.7540863752365112,0.8298932909965515,,
23,79549,1.114677906036377,1.927927851676941,,
23,79559,1.0195419788360596,1.3707530498504639,,
23,79569,0.8745437264442444,1.0652098655700684,,
23,79579,0.653725802898407,0.7896283864974976,,
23,79589,0.6579049825668335,0.6937013864517212,,
23,79599,0.8765975832939148,1.1932368278503418,,
23,79609,1.0648351907730103,1.744124174118042,,
23,79619,1.1937825679779053,2.1515896320343018,,
23,79629,0.9269600510597229,1.293224573135376,,
23,79639,1.1584328413009644,1.9778437614440918,,
23,79649,0.8045527935028076,1.234679102897644,,
23,79659,0.9695819616317749,1.4141666889190674,,
23,79669,0.8495594263076782,1.2039265632629395,,
23,79679,0.8602399826049805,1.2029229402542114,,
23,79689,0.726034939289093,0.7889262437820435,,
23,79699,0.917657196521759,1.5765187740325928,,
23,79709,0.7983264923095703,1.0510523319244385,,
23,79719,0.9331482648849487,1.2877137660980225,,
23,79729,0.9862896203994751,1.469224214553833,,
23,79739,0.9689683318138123,1.459841251373291,,
23,79749,1.079072117805481,1.5713982582092285,,
23,79759,0.9393988847732544,1.4002325534820557,,
23,79769,0.7605042457580566,0.8623311519622803,,
23,79779,0.9870083332061768,1.4444633722305298,,
23,79789,1.0445297956466675,1.5260883569717407,,
23,79799,1.0605145692825317,1.8333709239959717,,
23,79809,1.0123140811920166,1.5598599910736084,,
23,79819,0.9822660088539124,1.5214916467666626,,
23,79829,1.0447447299957275,1.6583218574523926,,
23,79839,0.8602943420410156,0.9689244031906128,,
23,79849,0.9510901570320129,1.4379078149795532,,
23,79859,0.6893971562385559,0.9654897451400757,,
23,79869,0.917314887046814,1.1634365320205688,,
23,79879,0.5578492879867554,0.41645896434783936,,
23,79889,0.6710582375526428,0.6615233421325684,,
23,79899,0.8667998313903809,1.083859920501709,,
23,79909,1.0332095623016357,1.6118087768554688,,
23,79919,0.9167542457580566,1.286880612373352,,
23,79929,0.8698017597198486,1.473905086517334,,
23,79939,0.762586772441864,0.8751624822616577,,
23,79949,0.760412871837616,1.003197431564331,,
23,79959,0.8894200921058655,1.2367351055145264,,
23,79969,0.7240564823150635,0.9269227385520935,,
23,79979,0.838288426399231,1.0230432748794556,,
23,79989,0.7190185785293579,0.7791444063186646,,
23,79999,0.754984974861145,0.9859969615936279,,
23,80009,1.0771763324737549,1.729741096496582,,
23,80019,0.8634995222091675,1.0673736333847046,,
23,80029,0.7274452447891235,0.9243160486221313,,
23,80039,0.810415506362915,0.9910216927528381,,
23,80049,0.8382158875465393,1.0916500091552734,,
23,80059,0.6771098375320435,0.845465898513794,,
23,80069,1.0378954410552979,1.4186735153198242,,
23,80079,0.9629902839660645,1.3059718608856201,,
23,80089,0.6723670959472656,0.747660756111145,,
23,80099,0.9665442109107971,2.238022565841675,,
23,80109,0.879090428352356,1.2347404956817627,,
23,80119,1.0148448944091797,1.7242817878723145,,
23,80129,1.1029469966888428,1.9896029233932495,,
23,80139,0.6573760509490967,0.6569395065307617,,
23,80149,0.9591231346130371,1.2991304397583008,,
23,80159,1.055053949356079,1.7786935567855835,,
23,80169,1.1614222526550293,2.208723306655884,,
23,80179,1.1122899055480957,1.7907414436340332,,
23,80189,0.7647398710250854,0.9720526933670044,,
23,80199,0.9980494379997253,1.6092896461486816,,
23,80209,0.6977316737174988,0.8094760179519653,,
23,80219,0.8394428491592407,1.1326634883880615,,
23,80229,0.809904158115387,0.9884322881698608,,
23,80239,0.8292593955993652,1.197655200958252,,
23,80249,0.9437949657440186,1.5161352157592773,,
23,80259,0.8976471424102783,1.385408878326416,,
23,80269,0.7819842100143433,1.118577003479004,,
23,80279,1.0269734859466553,1.6078652143478394,,
23,80289,0.8312166929244995,1.0351786613464355,,
23,80299,1.1383142471313477,2.3638923168182373,,
23,80309,0.972535252571106,1.4733901023864746,,
23,80319,1.0184545516967773,1.57286536693573,,
23,80329,0.8924627304077148,1.294276237487793,,
23,80339,0.9334277510643005,1.1903269290924072,,
23,80349,0.7704377770423889,1.019303560256958,,
23,80359,0.9748709201812744,1.2713959217071533,,
23,80369,1.0311987400054932,1.9033336639404297,,
23,80379,0.8133094310760498,0.8758509159088135,,
23,80389,0.7388395071029663,1.0312931537628174,,
23,80399,1.012178897857666,1.696476936340332,,
23,80409,0.8881739974021912,1.1502039432525635,,
23,80419,1.0700992345809937,1.6644601821899414,,
23,80429,0.7634305953979492,1.0277321338653564,,
23,80439,1.0242233276367188,1.4845069646835327,,
23,80449,0.9025144577026367,1.1640803813934326,,
23,80459,1.2273240089416504,2.5996904373168945,,
23,80469,0.8464547395706177,0.9996994137763977,,
23,80479,0.6595930457115173,0.5679920315742493,,
23,80489,0.9342713356018066,1.2050857543945312,,
23,80499,0.6971253156661987,0.7796652317047119,,
23,80509,0.9370094537734985,1.3122012615203857,,
23,80519,0.8605044484138489,1.087199091911316,,
23,80529,0.6887651681900024,0.700728178024292,,
23,80539,0.9263895750045776,1.3003547191619873,,
23,80549,1.0018115043640137,1.5397214889526367,,
23,80559,0.7575746178627014,0.966910183429718,,
23,80569,0.8652548789978027,1.3075671195983887,,
23,80579,0.9958139061927795,1.435356855392456,,
23,80589,0.8399181365966797,1.0894010066986084,,
23,80599,0.7708736658096313,0.8644139766693115,,
23,80609,1.1529171466827393,1.991329312324524,,
23,80619,0.717659592628479,0.777542769908905,,
23,80629,0.8858487606048584,1.1966849565505981,,
23,80639,1.1965007781982422,1.9380028247833252,,
23,80649,0.7637332677841187,1.0391554832458496,,
23,80659,0.8934988379478455,1.1584868431091309,,
23,80669,0.7672843933105469,0.88089919090271,,
23,80679,0.8450146317481995,1.1178759336471558,,
23,80689,0.7706162929534912,0.9237147569656372,,
23,80699,0.7433803081512451,0.9483826756477356,,
23,80709,0.9531412124633789,1.3274195194244385,,
23,80719,0.7416961193084717,0.8056886196136475,,
23,80729,0.8802927732467651,1.273457407951355,,
23,80739,1.0416170358657837,1.5383920669555664,,
23,80749,1.0072166919708252,1.6400045156478882,,
23,80759,0.8302326202392578,1.1256228685379028,,
23,80769,1.2067242860794067,1.986886978149414,,
23,80779,1.0316838026046753,1.701882243156433,,
23,80789,0.9204694032669067,1.287092685699463,,
23,80799,0.7935377359390259,1.006089687347412,,
23,80809,1.1729755401611328,3.3042662143707275,,
23,80819,0.888262152671814,1.2129490375518799,,
23,80829,0.8304164409637451,1.202285885810852,,
23,80839,0.8302984237670898,1.0178172588348389,,
23,80849,1.0439624786376953,1.5610976219177246,,
23,80859,0.7332911491394043,0.8964422345161438,,
23,80869,0.7032451629638672,0.7500455379486084,,
23,80879,0.9484538435935974,1.295332908630371,,
23,80889,0.8368426561355591,1.0192890167236328,,
23,80899,1.0377135276794434,1.479670763015747,,
23,80909,1.0612664222717285,1.5591273307800293,,
23,80919,0.8658455610275269,0.9998148679733276,,
23,80929,0.7938255071640015,0.9628671407699585,,
23,80939,0.8868693709373474,1.1450817584991455,,
23,80949,0.8159091472625732,1.1950716972351074,,
23,80959,0.6417033076286316,0.661112904548645,,
23,80969,0.8978550434112549,1.2245476245880127,,
23,80979,0.9920480251312256,1.5393764972686768,,
23,80989,0.815352737903595,1.0247794389724731,,
23,80999,0.8796207904815674,1.1751517057418823,,
23,81009,0.8970485925674438,1.2348504066467285,,
23,81019,0.8790980577468872,1.6465582847595215,,
23,81029,1.031518816947937,1.8423231840133667,,
23,81039,0.9223144054412842,1.1957216262817383,,
23,81049,0.7321898937225342,0.8907699584960938,,
23,81059,0.9116028547286987,1.2051903009414673,,
23,81069,0.7115732431411743,1.2161145210266113,,
23,81079,1.0320649147033691,1.5729433298110962,,
23,81089,0.949668288230896,1.1614727973937988,,
23,81099,0.8552911877632141,1.140183687210083,,
23,81109,0.7850540280342102,1.2233672142028809,,
23,81119,0.7345660924911499,0.9621411561965942,,
23,81129,0.9458999633789062,1.8622320890426636,,
23,81139,0.7912448644638062,1.0158367156982422,,
23,81149,1.120212197303772,3.1123719215393066,,
23,81159,0.6598688960075378,0.7314478158950806,,
23,81169,0.8840000629425049,1.1750969886779785,,
23,81179,0.9214588403701782,1.3487944602966309,,
23,81189,0.8345788717269897,1.3018724918365479,,
23,81199,0.8773066997528076,1.2498064041137695,,
23,81209,0.8622593879699707,1.4789254665374756,,
23,81219,1.0219740867614746,1.5670534372329712,,
23,81229,1.3028309345245361,2.344520092010498,,
23,81239,0.8772475123405457,1.14466392993927,,
23,81249,1.0602316856384277,1.6740447282791138,,
23,81259,0.8937615156173706,1.0852365493774414,,
23,81269,0.6849960684776306,0.7079824209213257,,
23,81279,0.8822149634361267,1.2091960906982422,,
23,81289,0.996892511844635,1.4783122539520264,,
23,81299,0.8536421656608582,1.1492455005645752,,
23,81309,0.9696590304374695,1.2791492938995361,,
23,81319,1.1886593103408813,2.1153724193573,,
23,81329,1.0418555736541748,1.6322656869888306,,
23,81339,1.0141197443008423,1.569005012512207,,
23,81349,0.679309606552124,0.670017421245575,,
23,81359,0.739546537399292,0.8468791842460632,,
23,81369,0.7494875192642212,0.9114896655082703,,
23,81379,0.7844558954238892,0.9769273400306702,,
23,81389,0.941690981388092,1.3784165382385254,,
23,81399,0.8341932892799377,1.0039033889770508,,
23,81409,0.8652600049972534,1.136732816696167,,
23,81419,0.7894667387008667,0.9964771270751953,,
23,81429,0.7524892687797546,1.0044269561767578,,
23,81439,0.8705772161483765,1.0648571252822876,,
23,81449,1.0601811408996582,1.543776273727417,,
23,81459,0.8874095678329468,1.197278618812561,,
23,81469,1.0832685232162476,1.6224429607391357,,
23,81479,0.9438129663467407,1.3837378025054932,,
23,81489,1.0162951946258545,1.6693165302276611,,
23,81499,0.773516058921814,1.0013223886489868,,
23,81509,0.9422081708908081,1.331206202507019,,
23,81519,1.0427606105804443,1.5270988941192627,,
23,81529,0.9741966128349304,1.3976269960403442,,
23,81539,1.0858078002929688,1.5621633529663086,,
23,81549,1.0852577686309814,1.7589671611785889,,
23,81559,0.8669969439506531,1.3159359693527222,,
23,81569,0.8864262104034424,1.0005061626434326,,
23,81579,0.7968126535415649,0.9407029151916504,,
23,81589,0.9868344068527222,1.4224421977996826,,
23,81599,1.0106674432754517,1.797010064125061,,
23,81609,0.8289017081260681,1.1611194610595703,,
23,81619,1.022392749786377,1.6553263664245605,,
23,81629,1.0879229307174683,1.8133641481399536,,
23,81639,0.7937897443771362,0.9584813117980957,,
23,81649,1.0496506690979004,1.543860673904419,,
23,81659,0.6534609794616699,0.8496462106704712,,
23,81669,0.8705986738204956,1.1800994873046875,,
23,81679,0.7904118299484253,0.8878949880599976,,
23,81689,0.8026422262191772,0.8891162872314453,,
23,81699,0.7252299189567566,0.8503690958023071,,
23,81709,0.785965085029602,0.9008707404136658,,
23,81719,0.8140577077865601,1.0232328176498413,,
23,81729,0.9242069721221924,1.462148666381836,,
23,81739,1.0818473100662231,1.582574486732483,,
23,81749,0.8323182463645935,1.4143414497375488,,
23,81759,0.7838824987411499,1.0309383869171143,,
23,81769,0.8849776983261108,1.276305079460144,,
23,81779,0.9934617280960083,1.2416527271270752,,
23,81789,0.7911472916603088,0.881428599357605,,
23,81799,0.8649918437004089,1.1358311176300049,,
23,81809,0.8705610632896423,1.0902177095413208,,
23,81819,0.8972501754760742,1.3771836757659912,,
23,81829,1.3242404460906982,2.6087493896484375,,
23,81839,0.711833119392395,0.8828122615814209,,
23,81849,0.789059579372406,1.0294384956359863,,
23,81859,0.8588671684265137,1.2262067794799805,,
23,81869,0.9392755031585693,1.3443596363067627,,
23,81879,0.9756394028663635,1.5702900886535645,,
23,81889,1.1143238544464111,2.1857681274414062,,
23,81899,1.0546283721923828,1.682510256767273,,
23,81909,0.8495551347732544,1.0023667812347412,,
23,81919,0.9315729141235352,1.367568850517273,,
23,81929,0.9146146774291992,1.2983195781707764,,
23,81939,1.1386401653289795,1.908423900604248,,
23,81949,0.9460892677307129,1.4148387908935547,,
23,81959,1.0038862228393555,1.5959668159484863,,
23,81969,1.0352098941802979,1.457836627960205,,
23,81979,1.0011723041534424,1.3515535593032837,,
23,81989,0.7413623332977295,1.023293375968933,,
23,81999,0.9617802500724792,1.3966028690338135,,
23,82009,1.0684573650360107,1.558603286743164,,
23,82019,1.015583872795105,1.5982115268707275,,
23,82029,0.7299833297729492,0.8982577323913574,,
23,82039,0.7264395952224731,0.841669499874115,,
23,82049,0.784267783164978,0.8399831056594849,,
23,82059,1.0460797548294067,2.0953941345214844,,
23,82069,0.7715154886245728,0.9057533740997314,,
23,82079,0.9349051117897034,1.4603227376937866,,
23,82089,0.6649779081344604,0.6977245807647705,,
23,82099,0.7488759756088257,0.8587359189987183,,
23,82109,0.7956266403198242,0.8862205147743225,,
23,82119,0.9070291519165039,1.1315274238586426,,
23,82129,0.8626028299331665,1.5643362998962402,,
23,82139,0.892957329750061,1.1037445068359375,,
23,82149,0.7267706990242004,0.8939754962921143,,
23,82159,0.7851302623748779,1.0130858421325684,,
23,82169,0.8786139488220215,1.3244373798370361,,
23,82179,0.9500703811645508,1.4106831550598145,,
23,82189,1.0471372604370117,1.5903828144073486,,
23,82199,1.074815034866333,1.9791208505630493,,
23,82209,0.9762305021286011,1.4896851778030396,,
23,82219,0.7985330820083618,1.0244020223617554,,
23,82229,1.2601416110992432,2.344305992126465,,
23,82239,0.9240909218788147,1.2489473819732666,,
23,82249,0.9271460771560669,1.3666777610778809,,
23,82259,0.9404987692832947,1.148698091506958,,
23,82269,1.2291698455810547,2.0068464279174805,,
23,82279,0.8119193315505981,0.9321074485778809,,
23,82289,0.900792121887207,1.2771387100219727,,
23,82299,1.0910563468933105,2.137639045715332,,
23,82309,0.795867383480072,0.9081840515136719,,
23,82319,0.9827521443367004,1.394564151763916,,
23,82329,1.010528564453125,1.5530438423156738,,
23,82339,0.9549382925033569,1.4368488788604736,,
23,82349,0.904207170009613,1.3441052436828613,,
23,82359,0.781237006187439,1.1198252439498901,,
23,82369,1.0248093605041504,1.5303921699523926,,
23,82379,0.7510159611701965,0.7790936827659607,,
23,82389,0.8159302473068237,0.9822664260864258,,
23,82399,0.9497427344322205,1.6339685916900635,,
23,82409,0.898452877998352,1.25533127784729,,
23,82419,0.8173054456710815,1.0010403394699097,,
23,82429,0.8489070534706116,1.2251291275024414,,
23,82439,0.6640541553497314,0.7312504053115845,,
23,82449,0.7910268902778625,1.0544190406799316,,
23,82459,0.9466932415962219,1.3627514839172363,,
23,82469,1.0422922372817993,1.7898259162902832,,
23,82479,0.8671378493309021,1.111048936843872,,
23,82489,0.8756532669067383,1.1072715520858765,,
23,82499,1.0634440183639526,1.813302993774414,,
23,82509,0.7652968168258667,0.9470766186714172,,
23,82511,,,0.9098953008651733,1.3228429555892944
24,82519,1.1195464134216309,2.5403456687927246,,
24,82529,0.9647868871688843,1.596897006034851,,
24,82539,1.0853042602539062,1.6449079513549805,,
24,82549,0.8533657789230347,1.0553829669952393,,
24,82559,0.8200368881225586,1.1116867065429688,,
24,82569,0.9369535446166992,1.4514400959014893,,
24,82579,0.8273391723632812,1.081283688545227,,
24,82589,0.7770493626594543,0.9787576794624329,,
24,82599,1.0776934623718262,2.0436463356018066,,
24,82609,0.8608242869377136,1.1400477886199951,,
24,82619,0.9933149814605713,1.554973840713501,,
24,82629,0.8441489338874817,0.9680488109588623,,
24,82639,0.9495289325714111,1.3744606971740723,,
24,82649,0.8200514912605286,1.0594491958618164,,
24,82659,0.8347243666648865,1.1088156700134277,,
24,82669,0.7376928329467773,0.7849255204200745,,
24,82679,0.849741518497467,1.1120436191558838,,
24,82689,0.936540961265564,1.37493896484375,,
24,82699,0.9100546836853027,1.2134158611297607,,
24,82709,0.9453104734420776,1.2597301006317139,,
24,82719,1.2265584468841553,2.3437352180480957,,
24,82729,0.8980250358581543,1.3123081922531128,,
24,82739,0.9570212960243225,1.332029104232788,,
24,82749,0.81525719165802,0.9242907762527466,,
24,82759,0.9299271702766418,1.3112750053405762,,
24,82769,0.9926170706748962,1.594599962234497,,
24,82779,1.018256664276123,1.5782976150512695,,
24,82789,1.0084123611450195,1.9364047050476074,,
24,82799,0.9605243802070618,1.4214560985565186,,
24,82809,0.7072694301605225,0.8218013644218445,,
24,82819,0.5669838190078735,0.5680740475654602,,
24,82829,0.8300977945327759,1.1992405652999878,,
24,82839,0.8727574944496155,1.2744868993759155,,
24,82849,0.8628789186477661,1.072340488433838,,
24,82859,0.8786022663116455,0.990203320980072,,
24,82869,0.8889051079750061,1.261834740638733,,
24,82879,0.7421916723251343,1.0839738845825195,,
24,82889,1.1853480339050293,1.8920772075653076,,
24,82899,1.2103849649429321,1.804924488067627,,
24,82909,0.9049748182296753,1.3167057037353516,,
24,82919,0.8729596138000488,1.1554174423217773,,
24,82929,1.0152033567428589,1.9202665090560913,,
24,82939,0.9505606889724731,1.5042946338653564,,
24,82949,0.827793300151825,1.0708062648773193,,
24,82959,0.972027063369751,1.3719992637634277,,
24,82969,1.214332103729248,1.985286831855774,,
24,82979,0.9464582204818726,1.3929507732391357,,
24,82989,1.015506386756897,1.3914294242858887,,
24,82999,0.8074424266815186,1.0537619590759277,,
24,83009,0.9024816751480103,1.1269062757492065,,
24,83019,0.8644335269927979,1.1060760021209717,,
24,83029,0.8696109056472778,1.015956163406372,,
24,83039,0.8862781524658203,1.150505781173706,,
24,83049,0.914189338684082,1.2034504413604736,,
24,83059,0.8609806299209595,1.0725023746490479,,
24,83069,0.8129370808601379,1.0805132389068604,,
24,83079,0.823387086391449,0.9316900372505188,,
24,83089,0.8273971080780029,1.107340931892395,,
24,83099,0.8950528502464294,1.0587215423583984,,
24,83109,0.993145227432251,1.7857110500335693,,
24,83119,0.9552490711212158,1.258936882019043,,
24,83129,0.9976582527160645,1.4468798637390137,,
24,83139,0.869109570980072,1.3753511905670166,,
24,83149,0.8208810091018677,1.0687867403030396,,
24,83159,0.891160786151886,1.168890118598938,,
24,83169,0.7250752449035645,0.937045156955719,,
24,83179,0.8727290034294128,1.1747691631317139,,
24,83189,0.9920529127120972,1.7368615865707397,,
24,83199,1.0332436561584473,1.5365922451019287,,
24,83209,0.8531815409660339,1.0789597034454346,,
24,83219,0.7853655219078064,0.8897286653518677,,
24,83229,0.7078948020935059,0.7999959588050842,,
24,83239,0.8095901608467102,0.9552528262138367,,
24,83249,1.0156687498092651,1.4586188793182373,,
24,83259,0.8989945650100708,1.4275697469711304,,
24,83269,0.8896346092224121,1.241647481918335,,
24,83279,1.0023833513259888,1.328627586364746,,
24,83289,0.9912347793579102,1.507188320159912,,
24,83299,1.000462532043457,1.4737359285354614,,
24,83309,0.9410598874092102,1.3779826164245605,,
24,83319,0.6941400170326233,0.6797637939453125,,
24,83329,0.885502815246582,1.1677205562591553,,
24,83339,1.1124837398529053,1.8040646314620972,,
24,83349,0.8282346725463867,1.0243666172027588,,
24,83359,0.7390965819358826,0.905463695526123,,
24,83369,1.0318222045898438,1.9011050462722778,,
24,83379,0.8057556748390198,1.3011056184768677,,
24,83389,0.7654606699943542,0.9817932844161987,,
24,83399,0.6084355115890503,0.5222071409225464,,
24,83409,0.9381020069122314,1.5722423791885376,,
24,83419,0.7953161001205444,0.9588380455970764,,
24,83429,0.8086215257644653,0.9880015254020691,,
24,83439,0.8105071783065796,1.0963134765625,,
24,83449,1.0720317363739014,1.585355281829834,,
24,83459,0.7516206502914429,0.8175754547119141,,
24,83469,0.8509154319763184,1.1525851488113403,,
24,83479,0.9789894819259644,1.3098469972610474,,
24,83489,0.8093532919883728,1.075161337852478,,
24,83499,1.0113105773925781,1.4459127187728882,,
24,83509,0.8807005882263184,1.2248235940933228,,
24,83519,0.9454157948493958,1.2643823623657227,,
24,83529,0.8310425281524658,1.0336833000183105,,
24,83539,0.9094870686531067,1.414612054824829,,
24,83549,0.9136254787445068,1.2472400665283203,,
24,83559,0.9195036292076111,1.1055514812469482,,
24,83569,1.0112831592559814,1.6866681575775146,,
24,83579,0.7186644673347473,0.8171565532684326,,
24,83589,0.9368263483047485,1.595475196838379,,
24,83599,1.026201844215393,1.4864330291748047,,
24,83609,0.9522507786750793,1.3987858295440674,,
24,83619,0.8464360237121582,0.9848038554191589,,
24,83629,0.803510844707489,0.9358959794044495,,
24,83639,0.8401578068733215,1.0530376434326172,,
24,83649,0.9124380350112915,1.147891640663147,,
24,83659,0.7823183536529541,1.1657657623291016,,
24,83669,1.0267937183380127,1.5938220024108887,,
24,83679,0.893474280834198,1.2002722024917603,,
24,83689,0.9378998875617981,1.2540168762207031,,
24,83699,0.8176360130310059,1.0113153457641602,,
24,83709,0.756827712059021,0.8746364116668701,,
24,83719,0.6952804327011108,0.7372995615005493,,
24,83729,1.0175209045410156,1.768111228942871,,
24,83739,0.7932775020599365,1.2799839973449707,,
24,83749,0.8934231996536255,1.2581100463867188,,
24,83759,1.0069313049316406,1.8675490617752075,,
24,83769,0.848495364189148,1.1939008235931396,,
24,83779,0.8742033243179321,1.1982080936431885,,
24,83789,0.765885055065155,0.9189578294754028,,
24,83799,1.0304934978485107,1.490324854850769,,
24,83809,1.1937438249588013,2.077421188354492,,
24,83819,1.0823609828948975,1.6112709045410156,,
24,83829,0.7815574407577515,1.0407335758209229,,
24,83839,0.9779254198074341,1.5326662063598633,,
24,83849,0.8089813590049744,0.992007851600647,,
24,83859,0.8868011832237244,1.2210036516189575,,
24,83869,0.8522425889968872,1.2880537509918213,,
24,83879,0.7571077942848206,1.0183278322219849,,
24,83889,1.0711140632629395,1.779520034790039,,
24,83899,0.9979088306427002,1.4333434104919434,,
24,83909,0.8887380957603455,1.5454790592193604,,
24,83919,1.177731990814209,1.8492066860198975,,
24,83929,1.0294324159622192,1.6028056144714355,,
24,83939,1.306886911392212,2.840610980987549,,
24,83949,0.8168551921844482,1.00590181350708,,
24,83959,1.1277964115142822,1.7318085432052612,,
24,83969,0.8376437425613403,1.1680270433425903,,
24,83979,1.014784574508667,1.6886740922927856,,
24,83989,0.9263636469841003,1.234419345855713,,
24,83999,0.9073129892349243,1.195436716079712,,
24,84009,0.8447771668434143,1.1137343645095825,,
24,84019,0.8761630654335022,1.1491947174072266,,
24,84029,0.9522076845169067,1.3503351211547852,,
24,84039,1.040123462677002,1.834973931312561,,
24,84049,1.1292721033096313,1.7920362949371338,,
24,84059,0.8534300923347473,1.2706232070922852,,
24,84069,0.83234703540802,1.1074141263961792,,
24,84079,0.9013433456420898,1.303404450416565,,
24,84089,0.6336472034454346,0.8011651635169983,,
24,84099,1.0005804300308228,1.2813606262207031,,
24,84109,0.9203487634658813,1.4611353874206543,,
24,84119,0.7820097208023071,1.042180061340332,,
24,84129,0.8268312215805054,0.9936932921409607,,
24,84139,1.0747830867767334,1.7549662590026855,,
24,84149,0.964724600315094,1.6142754554748535,,
24,84159,0.9812138080596924,1.4706449508666992,,
24,84169,1.017120599746704,1.4469972848892212,,
24,84179,0.9510142803192139,1.4684609174728394,,
24,84189,0.9205990433692932,1.379361867904663,,
24,84199,1.0875263214111328,1.704171895980835,,
24,84209,0.8958715200424194,1.1354206800460815,,
24,84219,0.9050626754760742,1.4409098625183105,,
24,84229,1.0391631126403809,1.571753740310669,,
24,84239,0.8884468674659729,1.3216477632522583,,
24,84249,1.0513556003570557,1.707411766052246,,
24,84259,1.0893676280975342,1.7132691144943237,,
24,84269,1.0085984468460083,1.4294652938842773,,
24,84279,0.7635231018066406,0.8567914962768555,,
24,84289,0.8606846332550049,1.2421011924743652,,
24,84299,0.7328112125396729,0.8621718883514404,,
24,84309,0.8995261192321777,1.3365733623504639,,
24,84319,0.8989799618721008,1.203362226486206,,
24,84329,0.8878331780433655,1.6676597595214844,,
24,84339,0.8372764587402344,0.9685509204864502,,
24,84349,1.0381293296813965,1.5449888706207275,,
24,84359,1.015697717666626,1.8874468803405762,,
24,84369,0.7927834987640381,1.175849437713623,,
24,84379,0.8470810055732727,1.1995315551757812,,
24,84389,1.1617176532745361,1.7075979709625244,,
24,84399,1.0151586532592773,1.4463645219802856,,
24,84409,1.1260377168655396,2.2124457359313965,,
24,84419,0.8402115106582642,0.9229658842086792,,
24,84429,0.8031929731369019,1.0233614444732666,,
24,84439,0.8454404473304749,0.9401376843452454,,
24,84449,0.8889666795730591,1.238948106765747,,
24,84459,0.9094700813293457,1.298926830291748,,
24,84469,1.0482650995254517,2.177175521850586,,
24,84479,0.7765041589736938,0.8715705871582031,,
24,84489,0.8306524753570557,1.1851316690444946,,
24,84499,0.8620163202285767,1.1253979206085205,,
24,84509,0.927557647228241,1.4715758562088013,,
24,84519,0.8537156581878662,1.1040468215942383,,
24,84529,0.7214003205299377,0.9626794457435608,,
24,84539,0.9817851781845093,1.4501131772994995,,
24,84549,1.086104154586792,1.665809154510498,,
24,84559,0.7982673645019531,0.9643875956535339,,
24,84569,0.8617367744445801,1.0649691820144653,,
24,84579,0.8496600389480591,1.2276825904846191,,
24,84589,0.9749566912651062,1.3256525993347168,,
24,84599,0.8694517016410828,1.0829567909240723,,
24,84609,0.7742252349853516,0.9089549779891968,,
24,84619,0.899307906627655,1.0295653343200684,,
24,84629,1.0768518447875977,1.6040061712265015,,
24,84639,0.8976794481277466,1.2202363014221191,,
24,84649,0.9683386087417603,1.649506688117981,,
24,84659,0.9874493479728699,1.5906089544296265,,
24,84669,0.7894926071166992,0.9908970594406128,,
24,84679,0.8880229592323303,1.0944292545318604,,
24,84689,0.8811966776847839,1.1380943059921265,,
24,84699,0.9023706912994385,1.194873571395874,,
24,84709,0.6808952689170837,0.7955113649368286,,
24,84719,0.8745844960212708,1.2656011581420898,,
24,84729,0.9289298057556152,1.2721093893051147,,
24,84739,1.0735394954681396,1.902289867401123,,
24,84749,0.9085184931755066,1.2322742938995361,,
24,84759,0.6970769166946411,0.9993865489959717,,
24,84769,1.0438048839569092,1.6812965869903564,,
24,84779,0.7060736417770386,0.922036349773407,,
24,84789,0.7363011240959167,0.7672674059867859,,
24,84799,0.9086830615997314,1.1324305534362793,,
24,84809,0.7754209041595459,0.9639527797698975,,
24,84819,0.9216674566268921,1.255410075187683,,
24,84829,0.9104176759719849,1.1610653400421143,,
24,84839,1.0603753328323364,1.8030704259872437,,
24,84849,0.8630820512771606,1.0275568962097168,,
24,84859,0.9409886598587036,1.8243563175201416,,
24,84869,0.9603173732757568,1.623467206954956,,
24,84879,0.9402484893798828,1.5182437896728516,,
24,84889,1.0643993616104126,1.7893831729888916,,
24,84899,0.9704276323318481,1.4211089611053467,,
24,84909,1.2558786869049072,2.3526501655578613,,
24,84919,1.052024483680725,1.840102195739746,,
24,84929,0.9609763026237488,1.692128300666809,,
24,84939,0.7380488514900208,0.9052730798721313,,
24,84949,0.9391350150108337,1.548471450805664,,
24,84959,0.9008183479309082,1.2092095613479614,,
24,84969,0.7972360849380493,1.0151077508926392,,
24,84979,0.8106933832168579,1.0082037448883057,,
24,84989,0.9030992388725281,1.2146341800689697,,
24,84999,0.7837384939193726,0.8217018842697144,,
24,85009,1.0328481197357178,1.5444082021713257,,
24,85019,1.0772112607955933,1.6172821521759033,,
24,85029,0.8786295652389526,1.1819206476211548,,
24,85039,0.948733925819397,1.1646093130111694,,
24,85049,1.188347339630127,1.9206832647323608,,
24,85059,0.946781575679779,1.2980577945709229,,
24,85069,0.9538512825965881,1.3203864097595215,,
24,85079,0.9588783979415894,1.4169409275054932,,
24,85089,0.8479620814323425,1.0706424713134766,,
24,85099,0.9752269387245178,1.4641659259796143,,
24,85109,0.7537378072738647,0.904979944229126,,
24,85119,1.009033203125,1.5677640438079834,,
24,85129,0.7911863327026367,1.1318570375442505,,
24,85139,0.9889350533485413,1.5747655630111694,,
24,85149,0.7964934706687927,1.085367202758789,,
24,85159,0.7559958696365356,0.758875846862793,,
24,85169,1.0532443523406982,2.0098724365234375,,
24,85179,0.9227338433265686,1.268325924873352,,
24,85189,0.8707559108734131,1.1317768096923828,,
24,85199,0.8037230968475342,1.1134231090545654,,
24,85209,1.2929987907409668,2.917698860168457,,
24,85219,0.6013011336326599,0.6118489503860474,,
24,85229,1.1596367359161377,2.374898910522461,,
24,85239,0.8789039254188538,1.0725016593933105,,
24,85249,0.943141520023346,1.5917421579360962,,
24,85259,0.7584007978439331,0.8862369656562805,,
24,85269,0.9171878099441528,1.3400648832321167,,
24,85279,0.8173498511314392,1.0266166925430298,,
24,85289,0.8276201486587524,1.0030437707901,,
24,85299,0.9414877891540527,1.3135440349578857,,
24,85309,0.8900483846664429,1.2951281070709229,,
24,85319,1.0171955823898315,1.5806326866149902,,
24,85329,0.8073992729187012,0.8726365566253662,,
24,85339,0.918425977230072,1.2991509437561035,,
24,85349,0.9667272567749023,1.4403882026672363,,
24,85359,0.8620902299880981,1.094075083732605,,
24,85369,0.9931592345237732,1.3521687984466553,,
24,85379,0.8338108658790588,1.2408504486083984,,
24,85389,0.6463322639465332,0.7387964725494385,,
24,85399,0.9080120921134949,1.9289755821228027,,
24,85409,0.6953573226928711,0.8129336833953857,,
24,85419,0.9035749435424805,1.4861254692077637,,
24,85429,0.7999920845031738,0.9032319784164429,,
24,85439,1.110518455505371,1.5532997846603394,,
24,85449,0.9789203405380249,1.4214692115783691,,
24,85459,0.92411869764328,1.4624072313308716,,
24,85469,0.8000537157058716,1.2068769931793213,,
24,85479,0.7929894924163818,0.9051820039749146,,
24,85489,0.7522561550140381,0.8265573978424072,,
24,85499,0.7850755453109741,1.0242849588394165,,
24,85509,0.9937286376953125,1.3686270713806152,,
24,85519,0.8490700125694275,1.23087739944458,,
24,85529,1.0475709438323975,1.6124963760375977,,
24,85539,1.0685503482818604,1.824004888534546,,
24,85549,1.027022361755371,1.501079797744751,,
24,85559,1.07108473777771,1.7729673385620117,,
24,85569,1.186295509338379,2.3666763305664062,,
24,85579,0.8543490171432495,1.0871903896331787,,
24,85589,0.8680418729782104,1.1273239850997925,,
24,85599,0.86333829164505,1.1363964080810547,,
24,85609,0.9188076853752136,1.4009631872177124,,
24,85619,0.8428367376327515,0.9986470937728882,,
24,85629,0.8539060354232788,1.091994285583496,,
24,85639,0.9341112375259399,1.3711977005004883,,
24,85649,0.7564316391944885,0.8107110261917114,,
24,85659,0.6490225791931152,0.748257040977478,,
24,85669,0.7169457077980042,0.8129415512084961,,
24,85679,0.8593723177909851,1.2168865203857422,,
24,85689,0.8669156432151794,1.2849271297454834,,
24,85699,0.8887389898300171,1.1579649448394775,,
24,85709,1.0084692239761353,1.5772614479064941,,
24,85719,0.8418357968330383,1.1923069953918457,,
24,85729,0.931987464427948,1.220603346824646,,
24,85739,0.9326680302619934,1.323781967163086,,
24,85749,0.842122495174408,1.0752516984939575,,
24,85759,0.8564332723617554,1.1298065185546875,,
24,85769,0.9402337074279785,1.37618088722229,,
24,85779,0.8801524639129639,1.1145678758621216,,
24,85789,0.7575271129608154,1.0735924243927002,,
24,85799,0.9002405405044556,1.2477641105651855,,
24,85809,0.7934046387672424,1.103934407234192,,
24,85819,0.8447650671005249,1.1506377458572388,,
24,85829,1.0714154243469238,1.8654049634933472,,
24,85839,0.7199662923812866,0.7573891282081604,,
24,85849,1.0251721143722534,1.5762461423873901,,
24,85859,0.6851726770401001,0.7234198451042175,,
24,85869,1.0015923976898193,1.4704585075378418,,
24,85879,0.824061393737793,1.1654324531555176,,
24,85889,0.8751068115234375,1.3451950550079346,,
24,85899,0.9206249117851257,1.648561954498291,,
24,85909,0.9235117435455322,1.2753770351409912,,
24,85919,1.0425853729248047,2.049797296524048,,
24,85929,0.7799248695373535,1.2064317464828491,,
24,85939,0.9405267834663391,1.6203219890594482,,
24,85949,0.8419044613838196,0.9549027681350708,,
24,85949,,,0.9098755121231079,1.3229589462280273
25,85959,0.7621477842330933,0.8577790856361389,,
25,85969,0.9910289645195007,1.5312225818634033,,
25,85979,0.7867481708526611,0.8510712385177612,,
25,85989,0.9289445877075195,1.2065892219543457,,
25,85999,0.6204834580421448,0.6665105819702148,,
25,86009,0.9711978435516357,1.246058464050293,,
25,86019,0.9127972722053528,1.4509117603302002,,
25,86029,0.8991760015487671,1.2608623504638672,,
25,86039,0.9645184278488159,1.4137800931930542,,
25,86049,0.9327062964439392,1.4935100078582764,,
25,86059,0.7683271169662476,0.9099064469337463,,
25,86069,0.9599620699882507,1.596349835395813,,
25,86079,0.7188102602958679,0.9767903685569763,,
25,86089,0.9660778045654297,1.3383673429489136,,
25,86099,0.7716120481491089,0.7891772389411926,,
25,86109,0.7162925004959106,0.962093710899353,,
25,86119,0.7248794436454773,0.9831238389015198,,
25,86129,0.9462864398956299,1.2361810207366943,,
25,86139,0.9578649997711182,1.2850373983383179,,
25,86149,0.9087096452713013,1.2219603061676025,,
25,86159,1.0083972215652466,1.6151585578918457,,
25,86169,0.7345075607299805,0.8302668929100037,,
25,86179,0.8484656810760498,1.0624479055404663,,
25,86189,1.004551649093628,1.4684031009674072,,
25,86199,0.8235054016113281,1.073901653289795,,
25,86209,0.9051007032394409,1.1720170974731445,,
25,86219,0.9348981976509094,1.5330250263214111,,
25,86229,0.8809561729431152,1.5103423595428467,,
25,86239,1.0323119163513184,1.617632269859314,,
25,86249,0.7390954494476318,0.822962760925293,,
25,86259,0.8204353451728821,1.0620523691177368,,
25,86269,0.7957947850227356,1.0283219814300537,,
25,86279,0.8120025992393494,1.151297688484192,,
25,86289,0.8982776999473572,1.1644880771636963,,
25,86299,0.8180000185966492,0.957740068435669,,
25,86309,1.0035048723220825,1.489802598953247,,
25,86319,1.0077896118164062,1.7672041654586792,,
25,86329,0.7617887258529663,0.9597925543785095,,
25,86339,0.9622509479522705,1.6109981536865234,,
25,86349,0.8414715528488159,1.2044260501861572,,
25,86359,0.7331793904304504,0.7898873090744019,,
25,86369,0.9786896109580994,1.47433340549469,,
25,86379,0.9078612923622131,1.2347478866577148,,
25,86389,0.7685920000076294,0.8542383909225464,,
25,86399,1.0510622262954712,1.9393097162246704,,
25,86409,0.8633161783218384,1.2996985912322998,,
25,86419,0.8202361464500427,1.203437089920044,,
25,86429,0.913764238357544,1.4303967952728271,,
25,86439,0.8354047536849976,1.1311531066894531,,
25,86449,1.060722827911377,1.6985368728637695,,
25,86459,1.1142032146453857,1.7434160709381104,,
25,86469,0.8634166121482849,1.2058590650558472,,
25,86479,0.8750849962234497,1.2232931852340698,,
25,86489,0.7813061475753784,0.8686003088951111,,
25,86499,1.0839803218841553,1.5817630290985107,,
25,86509,0.7776494026184082,0.9449507594108582,,
25,86519,0.7123739123344421,0.8557822704315186,,
25,86529,0.8164845705032349,1.0035237073898315,,
25,86539,0.8318758010864258,1.1084821224212646,,
25,86549,0.9142664074897766,1.2188955545425415,,
25,86559,1.0020904541015625,1.3433678150177002,,
25,86569,0.7354199290275574,0.8372492790222168,,
25,86579,0.8962653875350952,1.1741557121276855,,
25,86589,0.9928460121154785,1.5388661623001099,,
25,86599,0.9127150177955627,1.1325936317443848,,
25,86609,1.1034855842590332,1.613135814666748,,
25,86619,0.8413768410682678,1.080439805984497,,
25,86629,0.8778349161148071,1.1406985521316528,,
25,86639,0.8671436905860901,1.1915221214294434,,
25,86649,0.8786900043487549,1.059131145477295,,
25,86659,0.8881652355194092,1.1471551656723022,,
25,86669,1.043668270111084,1.5939183235168457,,
25,86679,0.8121979236602783,1.1457839012145996,,
25,86689,1.1382193565368652,1.857987880706787,,
25,86699,0.9737651944160461,1.6454612016677856,,
25,86709,0.9202978014945984,1.2335495948791504,,
25,86719,0.8577793836593628,1.3489294052124023,,
25,86729,1.048340082168579,1.3490054607391357,,
25,86739,0.8539072275161743,1.178454875946045,,
25,86749,0.8638167977333069,1.3169504404067993,,
25,86759,0.8856962323188782,1.314829707145691,,
25,86769,0.836112380027771,1.0463476181030273,,
25,86779,0.7537294626235962,1.1619166135787964,,
25,86789,1.042540192604065,1.4475460052490234,,
25,86799,0.9884088039398193,1.4612287282943726,,
25,86809,1.0600461959838867,1.670473575592041,,
25,86819,0.8133460283279419,0.9117156267166138,,
25,86829,0.8825418949127197,1.262943148612976,,
25,86839,0.7949315905570984,0.9090863466262817,,
25,86849,0.8648486733436584,1.3140864372253418,,
25,86859,1.0916574001312256,1.5774532556533813,,
25,86869,0.9553776979446411,1.3298437595367432,,
25,86879,0.873262882232666,1.1635088920593262,,
25,86889,0.912537157535553,1.3261644840240479,,
25,86899,0.9889934062957764,1.7145177125930786,,
25,86909,0.9602401256561279,1.516547679901123,,
25,86919,0.7313405275344849,0.8009653091430664,,
25,86929,0.9508992433547974,1.3996303081512451,,
25,86939,0.889324426651001,1.3330879211425781,,
25,86949,0.8691236972808838,1.077648639678955,,
25,86959,1.1322369575500488,1.8261144161224365,,
25,86969,0.8256259560585022,0.9908938407897949,,
25,86979,0.9712162017822266,1.3409168720245361,,
25,86989,0.9599531292915344,1.4646397829055786,,
25,86999,0.6306921243667603,0.6639876961708069,,
25,87009,0.8859916925430298,1.2057011127471924,,
25,87019,0.8687387108802795,0.9797978401184082,,
25,87029,0.9697670936584473,1.4242812395095825,,
25,87039,1.0772600173950195,1.6141228675842285,,
25,87049,0.919708788394928,1.370424509048462,,
25,87059,0.8345275521278381,1.027492642402649,,
25,87069,0.8498170971870422,1.1320364475250244,,
25,87079,0.9052778482437134,1.6287355422973633,,
25,87089,1.0169014930725098,1.6627275943756104,,
25,87099,1.0801479816436768,2.0669186115264893,,
25,87109,0.7815205454826355,0.8855133652687073,,
25,87119,0.7242723107337952,0.8769679069519043,,
25,87129,0.805584728717804,0.9439226388931274,,
25,87139,0.8933069705963135,1.3181116580963135,,
25,87149,0.845075249671936,1.2339746952056885,,
25,87159,0.8731153607368469,1.0912060737609863,,
25,87169,0.7927553057670593,1.1347917318344116,,
25,87179,0.8598988056182861,1.2398432493209839,,
25,87189,0.8624005317687988,0.9890040159225464,,
25,87199,0.970475971698761,1.3657106161117554,,
25,87209,0.9988067150115967,1.4713537693023682,,
25,87219,0.8690890669822693,1.3541393280029297,,
25,87229,1.0162501335144043,1.4311394691467285,,
25,87239,1.0139775276184082,1.6082074642181396,,
25,87249,0.7154492139816284,0.7623426914215088,,
25,87259,0.9889042973518372,1.6523295640945435,,
25,87269,0.9020318984985352,1.367870807647705,,
25,87279,0.9928342700004578,1.7990365028381348,,
25,87289,0.8009424209594727,0.8944944143295288,,
25,87299,0.9130610823631287,1.3241899013519287,,
25,87309,1.2963614463806152,2.602524757385254,,
25,87319,0.744545042514801,0.7982134222984314,,
25,87329,0.7756810188293457,1.0083582401275635,,
25,87339,0.8091858625411987,0.9272201061248779,,
25,87349,0.6936556696891785,0.7685444355010986,,
25,87359,0.9629191160202026,1.4963710308074951,,
25,87369,0.9177839159965515,1.3104288578033447,,
25,87379,1.1091556549072266,1.8570700883865356,,
25,87389,0.9130045175552368,1.4746592044830322,,
25,87399,1.278982162475586,2.678863286972046,,
25,87409,0.80558180809021,0.9076226949691772,,
25,87419,1.0066747665405273,1.4073359966278076,,
25,87429,0.9085033535957336,1.4525928497314453,,
25,87439,0.8058848977088928,1.0544236898422241,,
25,87449,0.9102969169616699,1.323732614517212,,
25,87459,0.7604444026947021,0.8010016083717346,,
25,87469,1.0012519359588623,1.4528223276138306,,
25,87479,0.9103693962097168,1.3360028266906738,,
25,87489,0.6307771801948547,0.7069481611251831,,
25,87499,0.694496750831604,0.7483795285224915,,
25,87509,1.1178698539733887,1.8443331718444824,,
25,87519,0.9457316994667053,1.5879912376403809,,
25,87529,0.9513572454452515,1.5956835746765137,,
25,87539,0.8070569038391113,1.0653901100158691,,
25,87549,1.0577610731124878,1.6844819784164429,,
25,87559,0.918590784072876,1.2214713096618652,,
25,87569,0.9224289655685425,1.3254119157791138,,
25,87579,0.9542231559753418,1.321218729019165,,
25,87589,1.0618085861206055,1.5854119062423706,,
25,87599,0.8358721733093262,1.1718425750732422,,
25,87609,0.9280498027801514,1.491544246673584,,
25,87619,1.035982370376587,1.679891586303711,,
25,87629,0.9236928224563599,1.1254620552062988,,
25,87639,1.146291732788086,2.0586743354797363,,
25,87649,1.2197890281677246,2.2530441284179688,,
25,87659,0.9502137899398804,1.5914757251739502,,
25,87669,0.9830394983291626,1.5391969680786133,,
25,87679,0.8895909786224365,1.2023184299468994,,
25,87689,0.8642290234565735,1.0715399980545044,,
25,87699,1.1164307594299316,1.5682207345962524,,
25,87709,1.0992050170898438,1.7924190759658813,,
25,87719,1.0296123027801514,1.7656787633895874,,
25,87729,0.8746623992919922,1.1353282928466797,,
25,87739,0.8161088228225708,1.0265216827392578,,
25,87749,0.9201254844665527,1.1509034633636475,,
25,87759,1.0491814613342285,1.4469256401062012,,
25,87769,0.8994659185409546,1.6424715518951416,,
25,87779,1.027674674987793,1.621428370475769,,
25,87789,0.87004554271698,1.2165918350219727,,
25,87799,0.9955798387527466,1.4499351978302002,,
25,87809,1.2520430088043213,2.448094606399536,,
25,87819,0.9837406277656555,1.6039320230484009,,
25,87829,0.9191303849220276,1.4512567520141602,,
25,87839,1.0739326477050781,1.5396580696105957,,
25,87849,0.9694864749908447,1.4264147281646729,,
25,87859,0.7976245284080505,0.9911768436431885,,
25,87869,0.8274770975112915,1.0451089143753052,,
25,87879,0.7593328952789307,0.8358730673789978,,
25,87889,0.8590212464332581,1.3759937286376953,,
25,87899,0.8616467714309692,1.1387910842895508,,
25,87909,0.8761807680130005,1.2438348531723022,,
25,87919,0.8209437727928162,1.0896365642547607,,
25,87929,0.7970415353775024,1.0162967443466187,,
25,87939,0.882677435874939,1.3133214712142944,,
25,87949,0.8567365407943726,1.1423804759979248,,
25,87959,0.6902540922164917,0.8614165186882019,,
25,87969,0.868110179901123,1.4288990497589111,,
25,87979,0.7308871746063232,1.107925534248352,,
25,87989,0.7056818008422852,0.7720685601234436,,
25,87999,0.9460333585739136,1.5470771789550781,,
25,88009,1.0305635929107666,1.6817811727523804,,
25,88019,0.919365406036377,1.0901758670806885,,
25,88029,0.7776609659194946,0.9508151412010193,,
25,88039,1.0137922763824463,1.9155900478363037,,
25,88049,0.8505240678787231,1.0886659622192383,,
25,88059,0.9620950818061829,1.317083716392517,,
25,88069,0.9096681475639343,1.1830228567123413,,
25,88079,0.9170764088630676,1.4455270767211914,,
25,88089,0.9080919027328491,1.2093170881271362,,
25,88099,1.1032416820526123,1.634324073791504,,
25,88109,0.9566127061843872,1.516542911529541,,
25,88119,1.0959606170654297,2.5031754970550537,,
25,88129,0.9063317775726318,1.8617589473724365,,
25,88139,0.8204789161682129,1.0789607763290405,,
25,88149,0.7920884490013123,1.1208524703979492,,
25,88159,0.7969387769699097,1.0466430187225342,,
25,88169,0.7286152839660645,0.7701336145401001,,
25,88179,0.912487268447876,1.1368238925933838,,
25,88189,0.8444707989692688,1.1299281120300293,,
25,88199,1.0372650623321533,2.084693193435669,,
25,88209,0.9032636284828186,1.2945961952209473,,
25,88219,1.038339376449585,1.786180853843689,,
25,88229,0.7789761424064636,1.0418106317520142,,
25,88239,0.7602890133857727,0.8613839745521545,,
25,88249,1.0764575004577637,2.1211905479431152,,
25,88259,0.9319313168525696,1.264650583267212,,
25,88269,0.9369360208511353,1.2939366102218628,,
25,88279,0.970997154712677,1.3441468477249146,,
25,88289,0.7903716564178467,0.9855732321739197,,
25,88299,0.9373804330825806,1.5326776504516602,,
25,88309,0.8217921853065491,1.123701810836792,,
25,88319,0.9058835506439209,1.173028826713562,,
25,88329,0.8605945110321045,1.0414083003997803,,
25,88339,1.12056303024292,2.425175666809082,,
25,88349,0.7396232485771179,0.9752676486968994,,
25,88359,1.0156643390655518,1.7335567474365234,,
25,88369,0.8422998189926147,1.2607393264770508,,
25,88379,0.9881485104560852,1.5053048133850098,,
25,88389,0.90129554271698,1.2782871723175049,,
25,88399,0.901280403137207,1.1561927795410156,,
25,88409,1.0567957162857056,1.7911376953125,,
25,88419,0.9290611743927002,1.2177276611328125,,
25,88429,0.8977588415145874,1.4851415157318115,,
25,88439,0.9822838306427002,1.4911690950393677,,
25,88449,0.9060088396072388,1.2757790088653564,,
25,88459,1.0938451290130615,1.916132926940918,,
25,88469,0.8765844106674194,1.9045108556747437,,
25,88479,0.7193251252174377,0.765952467918396,,
25,88489,0.969433069229126,1.3906179666519165,,
25,88499,1.0079289674758911,1.6676061153411865,,
25,88509,0.8393101692199707,0.9552624225616455,,
25,88519,0.8430647850036621,1.0151567459106445,,
25,88529,0.8468474745750427,1.1820740699768066,,
25,88539,0.9844363927841187,1.3390461206436157,,
25,88549,0.8036707639694214,1.2154359817504883,,
25,88559,0.7191917896270752,0.7211109399795532,,
25,88569,0.9995251893997192,1.4515442848205566,,
25,88579,0.8727768659591675,1.3670320510864258,,
25,88589,1.0340628623962402,1.5891646146774292,,
25,88599,1.1380435228347778,1.7430262565612793,,
25,88609,0.9040489792823792,1.117951512336731,,
25,88619,1.0458214282989502,1.640988826751709,,
25,88629,0.8509752154350281,1.1234145164489746,,
25,88639,1.2650249004364014,2.1954071521759033,,
25,88649,0.7262706160545349,0.8103424906730652,,
25,88659,0.9759863615036011,1.6399943828582764,,
25,88669,0.8410818576812744,1.040761113166809,,
25,88679,0.9949780106544495,1.3622034788131714,,
25,88689,0.9785534739494324,1.5505213737487793,,
25,88699,0.9788809418678284,1.6087207794189453,,
25,88709,0.7437011003494263,1.0525591373443604,,
25,88719,1.2626616954803467,3.54282808303833,,
25,88729,0.9542981386184692,1.361126184463501,,
25,88739,0.9065725803375244,1.3052903413772583,,
25,88749,1.0038163661956787,1.5647945404052734,,
25,88759,0.8195286989212036,1.2354190349578857,,
25,88769,0.8824141025543213,1.133596420288086,,
25,88779,0.9938399791717529,1.431058406829834,,
25,88789,0.9120215773582458,1.2726411819458008,,
25,88799,0.6172494888305664,0.5965999364852905,,
25,88809,1.1176196336746216,1.8953315019607544,,
25,88819,1.2504746913909912,2.4213004112243652,,
25,88829,0.6451403498649597,0.6206642389297485,,
25,88839,0.7878838181495667,1.0166645050048828,,
25,88849,0.7122386693954468,0.8369466066360474,,
25,88859,0.8626661896705627,1.1415398120880127,,
25,88869,0.7062718868255615,0.7869095802307129,,
25,88879,1.0509806871414185,1.9018113613128662,,
25,88889,0.8242307305335999,1.1723227500915527,,
25,88899,0.7427251935005188,0.9023380875587463,,
25,88909,1.0262278318405151,1.6562970876693726,,
25,88919,1.0092339515686035,1.6387271881103516,,
25,88929,0.746745765209198,0.7941698431968689,,
25,88939,0.7803045511245728,0.8535844087600708,,
25,88949,0.9861743450164795,1.3199598789215088,,
25,88959,1.014117956161499,1.551711082458496,,
25,88969,0.836767315864563,0.9859973788261414,,
25,88979,0.9221238493919373,1.514689564704895,,
25,88989,1.0058221817016602,1.4491044282913208,,
25,88999,0.9692972898483276,1.3405849933624268,,
25,89009,0.9065643548965454,1.3587923049926758,,
25,89019,0.8675675392150879,1.0640403032302856,,
25,89029,0.8116658926010132,0.9030489921569824,,
25,89039,0.8033543825149536,1.0177080631256104,,
25,89049,0.9517117738723755,1.592320203781128,,
25,89059,1.0351758003234863,1.3998353481292725,,
25,89069,1.024423599243164,1.5939165353775024,,
25,89079,0.8543833494186401,1.0309147834777832,,
25,89089,0.7792309522628784,0.8988491296768188,,
25,89099,0.8719987273216248,1.1307456493377686,,
25,89109,0.8011345863342285,1.0635321140289307,,
25,89119,0.7558753490447998,0.9617135524749756,,
25,89129,0.9636185169219971,1.2905664443969727,,
25,89139,1.0882245302200317,1.6280474662780762,,
25,89149,0.9007922410964966,1.3160737752914429,,
25,89159,0.9402288794517517,1.417316198348999,,
25,89169,0.8641443252563477,1.2618579864501953,,
25,89179,1.0097451210021973,1.3284895420074463,,
25,89189,0.7946557998657227,0.9795215129852295,,
25,89199,0.6698206663131714,0.7962167263031006,,
25,89209,0.8431142568588257,1.0120882987976074,,
25,89219,0.9894570112228394,1.624191403388977,,
25,89229,0.8428324460983276,1.079723834991455,,
25,89239,0.9563936591148376,1.3840000629425049,,
25,89249,0.8605090379714966,0.9947001338005066,,
25,89259,0.8326380848884583,0.9607231616973877,,
25,89269,0.9140605926513672,1.3055415153503418,,
25,89279,0.7159339785575867,0.8160518407821655,,
25,89289,1.0763771533966064,1.6819363832473755,,
25,89299,0.8730744123458862,1.1338967084884644,,
25,89309,1.0091402530670166,1.8330926895141602,,
25,89319,0.8830981254577637,1.3996795415878296,,
25,89329,1.1834003925323486,1.935502290725708,,
25,89339,0.9154046773910522,1.1629469394683838,,
25,89349,0.9259507060050964,1.3712226152420044,,
25,89359,1.0800981521606445,1.7226474285125732,,
25,89369,1.1768944263458252,1.884675145149231,,
25,89379,1.0076502561569214,1.5043268203735352,,
25,89387,,,0.9105762839317322,1.3228672742843628
26,89389,1.0985842943191528,1.8595645427703857,,
26,89399,0.8408359885215759,1.015176773071289,,
26,89409,0.829991340637207,1.0130208730697632,,
26,89419,0.6598208546638489,0.6542221307754517,,
26,89429,0.9237979054450989,1.243443250656128,,
26,89439,1.146186113357544,2.9505972862243652,,
26,89449,0.8279567956924438,0.9423893690109253,,
26,89459,0.7744572162628174,0.9091582298278809,,
26,89469,0.8910670280456543,1.815094232559204,,
26,89479,0.9643338322639465,1.4876954555511475,,
26,89489,0.9811917543411255,1.3808648586273193,,
26,89499,0.6341556310653687,0.6261201500892639,,
26,89509,0.9475003480911255,1.3379993438720703,,
26,89519,1.2620798349380493,5.829391956329346,,
26,89529,0.5882449150085449,0.7064806222915649,,
26,89539,1.0456883907318115,1.9101053476333618,,
26,89549,0.8259415626525879,1.1403660774230957,,
26,89559,0.8823874592781067,1.1252245903015137,,
26,89569,0.7534692287445068,0.8599103689193726,,
26,89579,0.7417837381362915,0.8614791631698608,,
26,89589,0.9382405281066895,1.3072584867477417,,
26,89599,0.9536944031715393,1.3114311695098877,,
26,89609,0.870776891708374,1.152170181274414,,
26,89619,0.7814205288887024,0.9674152731895447,,
26,89629,0.7834987640380859,1.0103874206542969,,
26,89639,0.8250793814659119,1.2177891731262207,,
26,89649,1.0680501461029053,1.7573575973510742,,
26,89659,1.0699033737182617,1.782310962677002,,
26,89669,0.9111685156822205,1.197485327720642,,
26,89679,0.7337380647659302,0.8803180456161499,,
26,89689,0.7925961017608643,0.9909224510192871,,
26,89699,0.9200479984283447,1.1656118631362915,,
26,89709,1.1023579835891724,1.9837327003479004,,
26,89719,0.7386555671691895,0.816664457321167,,
26,89729,0.8492709398269653,1.3787914514541626,,
26,89739,1.0381033420562744,1.4977024793624878,,
26,89749,0.9107064604759216,1.128906488418579,,
26,89759,1.011783242225647,1.4521126747131348,,
26,89769,0.9311702251434326,1.4937522411346436,,
26,89779,0.7296984791755676,0.8418840169906616,,
26,89789,0.9924426674842834,1.5057623386383057,,
26,89799,0.9276895523071289,1.4684697389602661,,
26,89809,0.7352802753448486,0.9309205412864685,,
26,89819,0.887673020362854,1.3231351375579834,,
26,89829,0.8573974967002869,1.1234378814697266,,
26,89839,1.116680383682251,1.7162331342697144,,
26,89849,0.7792587876319885,1.265978217124939,,
26,89859,0.9431542754173279,1.1274745464324951,,
26,89869,0.9515777230262756,1.3918416500091553,,
26,89879,0.9952478408813477,1.2735340595245361,,
26,89889,0.934746265411377,1.262486219406128,,
26,89899,0.9045915007591248,1.2204418182373047,,
26,89909,1.1087274551391602,1.7557706832885742,,
26,89919,0.8215993642807007,1.2589795589447021,,
26,89929,0.9313387870788574,1.210625410079956,,
26,89939,0.9044511318206787,1.3453233242034912,,
26,89949,0.9283815026283264,1.1695894002914429,,
26,89959,0.7535797357559204,0.7931185960769653,,
26,89969,0.7764946818351746,0.885189950466156,,
26,89979,1.0944328308105469,2.535954475402832,,
26,89989,0.8011224269866943,1.0697424411773682,,
26,89999,1.076714038848877,1.5892457962036133,,
26,90009,1.0090022087097168,1.4613502025604248,,
26,90019,0.8241800665855408,0.8778905868530273,,
26,90029,0.8767148852348328,1.221348524093628,,
26,90039,1.074286937713623,2.2503600120544434,,
26,90049,0.9191854000091553,1.4409868717193604,,
26,90059,0.9470411539077759,1.4172275066375732,,
26,90069,1.006751537322998,1.5203654766082764,,
26,90079,0.8286354541778564,1.1877200603485107,,
26,90089,0.8462488651275635,1.0447677373886108,,
26,90099,0.8852894902229309,1.216356873512268,,
26,90109,0.6896785497665405,0.8680131435394287,,
26,90119,1.0507726669311523,1.788236379623413,,
26,90129,0.9572644233703613,1.3995441198349,,
26,90139,0.8128129243850708,1.0550484657287598,,
26,90149,1.0717453956604004,2.001378059387207,,
26,90159,0.9347519278526306,1.2449833154678345,,
26,90169,0.8977352380752563,1.2123777866363525,,
26,90179,0.934984028339386,1.2745277881622314,,
26,90189,0.8012255430221558,0.9607177972793579,,
26,90199,1.0095752477645874,1.4608420133590698,,
26,90209,0.9117536544799805,1.253941535949707,,
26,90219,0.670169472694397,0.6600760817527771,,
26,90229,0.9195538759231567,1.2663980722427368,,
26,90239,0.7757142782211304,0.9315455555915833,,
26,90249,0.8444584012031555,1.0074025392532349,,
26,90259,0.7580723762512207,0.7776163816452026,,
26,90269,0.9090973734855652,1.3787078857421875,,
26,90279,0.99721759557724,1.4478003978729248,,
26,90289,0.9180735349655151,1.373242974281311,,
26,90299,0.8146506547927856,0.9280611276626587,,
26,90309,1.2576006650924683,2.214078664779663,,
26,90319,0.8096727132797241,1.1224846839904785,,
26,90329,0.7211916446685791,0.830642580986023,,
26,90339,0.9068957567214966,1.1990208625793457,,
26,90349,0.7710245847702026,0.8662803769111633,,
26,90359,1.09756600856781,1.920688271522522,,
26,90369,1.0282304286956787,1.5513468980789185,,
26,90379,0.9916390180587769,1.5851396322250366,,
26,90389,1.2183561325073242,2.5239474773406982,,
26,90399,1.1203926801681519,1.9060049057006836,,
26,90409,0.8773699998855591,1.0942585468292236,,
26,90419,0.7680506706237793,0.9141062498092651,,
26,90429,1.0165176391601562,1.4333124160766602,,
26,90439,0.7764191031455994,1.0668370723724365,,
26,90449,0.8956089615821838,1.3950772285461426,,
26,90459,0.895176351070404,1.3354790210723877,,
26,90469,0.9611682891845703,1.3803668022155762,,
26,90479,1.1874911785125732,2.078500747680664,,
26,90489,1.0774848461151123,2.0479631423950195,,
26,90499,0.8112365007400513,0.9315113425254822,,
26,90509,1.0763826370239258,1.7795575857162476,,
26,90519,0.6748128533363342,0.719667911529541,,
26,90529,1.1137422323226929,1.7873585224151611,,
26,90539,1.0833837985992432,1.9604350328445435,,
26,90549,1.0702095031738281,1.493603229522705,,
26,90559,0.8275680541992188,1.2265141010284424,,
26,90569,0.8640538454055786,1.307854175567627,,
26,90579,0.8942646980285645,1.3092454671859741,,
26,90589,0.7994064688682556,1.0593218803405762,,
26,90599,0.9949085712432861,1.5080363750457764,,
26,90609,1.0956535339355469,1.8843474388122559,,
26,90619,1.0749199390411377,1.7105462551116943,,
26,90629,1.0484719276428223,1.5638010501861572,,
26,90639,0.6878581047058105,0.8413107395172119,,
26,90649,0.7689898014068604,0.8956253528594971,,
26,90659,0.867469072341919,1.1967620849609375,,
26,90669,0.787592887878418,0.992392361164093,,
26,90679,0.9116369485855103,1.270182490348816,,
26,90689,0.983863353729248,1.7992351055145264,,
26,90699,1.1619446277618408,1.9697136878967285,,
26,90709,0.860995888710022,1.1850789785385132,,
26,90719,1.078071117401123,1.740419864654541,,
26,90729,0.8957118988037109,1.469118595123291,,
26,90739,1.052501916885376,2.169800281524658,,
26,90749,0.847144365310669,1.0311757326126099,,
26,90759,0.7578352689743042,0.7763948440551758,,
26,90769,0.9239718914031982,1.3653335571289062,,
26,90779,1.1132009029388428,1.8929600715637207,,
26,90789,0.9110764265060425,1.3050882816314697,,
26,90799,0.9161719083786011,1.3155443668365479,,
26,90809,0.9367067813873291,1.3782840967178345,,
26,90819,0.9608401656150818,1.5071649551391602,,
26,90829,0.8619621396064758,1.1097259521484375,,
26,90839,0.9987148642539978,1.8628065586090088,,
26,90849,0.8402612209320068,1.0484514236450195,,
26,90859,0.7650690078735352,0.8332220315933228,,
26,90869,0.9490616321563721,1.441215991973877,,
26,90879,0.8251145482063293,1.0466973781585693,,
26,90889,1.0590574741363525,1.4073729515075684,,
26,90899,0.880215585231781,1.0747029781341553,,
26,90909,0.8076736927032471,1.037315845489502,,
26,90919,0.9085977077484131,1.2365357875823975,,
26,90929,1.0352749824523926,1.5620390176773071,,
26,90939,0.9357520341873169,1.2513906955718994,,
26,90949,1.1202009916305542,1.9067964553833008,,
26,90959,0.857101559638977,1.2054307460784912,,
26,90969,1.0830663442611694,1.9628299474716187,,
26,90979,1.0098788738250732,1.4569159746170044,,
26,90989,0.77655029296875,0.9469722509384155,,
26,90999,0.7329285144805908,0.759846568107605,,
26,91009,0.8502705097198486,1.032222032546997,,
26,91019,0.995567262172699,1.3116302490234375,,
26,91029,0.9532952904701233,1.4203450679779053,,
26,91039,0.8629575371742249,1.0940065383911133,,
26,91049,0.7738833427429199,0.8789804577827454,,
26,91059,0.8407365679740906,1.1328940391540527,,
26,91069,0.8774375915527344,1.719428300857544,,
26,91079,0.9660770297050476,1.4608001708984375,,
26,91089,1.0394854545593262,1.7658448219299316,,
26,91099,0.72226881980896,0.8000679016113281,,
26,91109,0.8123743534088135,1.0816895961761475,,
26,91119,1.0295088291168213,1.7515223026275635,,
26,91129,0.9598133563995361,1.3154807090759277,,
26,91139,0.935592770576477,1.3270578384399414,,
26,91149,0.8694350123405457,1.136709451675415,,
26,91159,0.8474940061569214,1.2911709547042847,,
26,91169,0.9496074318885803,1.4600223302841187,,
26,91179,0.8604309558868408,1.1352535486221313,,
26,91189,1.1248764991760254,2.028319835662842,,
26,91199,0.9667724967002869,1.692502498626709,,
26,91209,0.7967656850814819,0.9242199659347534,,
26,91219,0.7989015579223633,1.1608487367630005,,
26,91229,0.7583941221237183,0.968706488609314,,
26,91239,1.0216983556747437,1.618171215057373,,
26,91249,0.7957550287246704,0.9876779317855835,,
26,91259,1.053094744682312,1.6247122287750244,,
26,91269,1.0478219985961914,1.7028555870056152,,
26,91279,0.7645244002342224,0.844373881816864,,
26,91289,0.8840048313140869,1.0538612604141235,,
26,91299,0.8255060315132141,1.0970720052719116,,
26,91309,0.8550602793693542,1.1196174621582031,,
26,91319,1.2139630317687988,2.3561997413635254,,
26,91329,0.9357610940933228,1.1835782527923584,,
26,91339,0.7565768957138062,0.9567386507987976,,
26,91349,1.0587489604949951,1.9553977251052856,,
26,91359,0.9017970561981201,1.5235114097595215,,
26,91369,0.8866589069366455,1.2278656959533691,,
26,91379,0.9046512246131897,1.3333380222320557,,
26,91389,0.7552058100700378,0.922868013381958,,
26,91399,0.8737873435020447,1.202194094657898,,
26,91409,0.8682498931884766,1.353571891784668,,
26,91419,1.0123374462127686,1.4690983295440674,,
26,91429,0.9551829099655151,1.4938511848449707,,
26,91439,0.7772121429443359,0.8900564312934875,,
26,91449,0.9422647356987,1.341614007949829,,
26,91459,0.8513994216918945,1.0839158296585083,,
26,91469,1.017706274986267,1.552757740020752,,
26,91479,0.7970650792121887,0.8745062947273254,,
26,91489,0.7594215869903564,0.9140514135360718,,
26,91499,1.0630360841751099,1.6712840795516968,,
26,91509,0.8426035642623901,0.9545310139656067,,
26,91519,0.8887781500816345,1.5773426294326782,,
26,91529,1.0035181045532227,1.8298959732055664,,
26,91539,0.8867989778518677,1.2601834535598755,,
26,91549,0.9188238382339478,1.2145538330078125,,
26,91559,0.96412193775177,1.498666524887085,,
26,91569,0.9976198077201843,1.6390159130096436,,
26,91579,0.9445301294326782,1.2522834539413452,,
26,91589,0.8797345161437988,1.1910284757614136,,
26,91599,0.8647352457046509,1.1345717906951904,,
26,91609,0.9598908424377441,1.2726004123687744,,
26,91619,0.8535932302474976,1.0796992778778076,,
26,91629,0.8860490322113037,1.2886966466903687,,
26,91639,0.9858299493789673,1.4330180883407593,,
26,91649,1.0649375915527344,1.749175786972046,,
26,91659,0.8931447267532349,1.0300148725509644,,
26,91669,0.9244582653045654,1.1958026885986328,,
26,91679,0.7386549711227417,0.883298397064209,,
26,91689,0.9158647060394287,1.5396543741226196,,
26,91699,0.9250401258468628,1.487605333328247,,
26,91709,0.8624686598777771,1.0654743909835815,,
26,91719,0.773701012134552,0.784032940864563,,
26,91729,0.7754671573638916,1.0217490196228027,,
26,91739,0.7956603169441223,0.959890604019165,,
26,91749,1.1277236938476562,1.9029436111450195,,
26,91759,0.878216028213501,1.1908304691314697,,
26,91769,1.0323539972305298,1.5804102420806885,,
26,91779,0.8312362432479858,0.9801825881004333,,
26,91789,0.8584004640579224,1.0743162631988525,,
26,91799,0.9066677093505859,1.2823987007141113,,
26,91809,0.9131704568862915,1.5375330448150635,,
26,91819,0.9363265037536621,1.4345502853393555,,
26,91829,0.8750340342521667,1.1687679290771484,,
26,91839,1.0283567905426025,1.6740204095840454,,
26,91849,1.0133826732635498,1.4106645584106445,,
26,91859,0.8323955535888672,0.9918659925460815,,
26,91869,0.8166666030883789,1.0985782146453857,,
26,91879,0.7565571069717407,0.8577625751495361,,
26,91889,0.9942324757575989,1.4469985961914062,,
26,91899,0.9912159442901611,1.4735548496246338,,
26,91909,0.9780393242835999,1.4219516515731812,,
26,91919,0.862594723701477,1.0554097890853882,,
26,91929,0.8740139603614807,1.190918207168579,,
26,91939,0.7093862295150757,0.7466557621955872,,
26,91949,0.9727652072906494,1.5255900621414185,,
26,91959,0.9938637614250183,1.402890682220459,,
26,91969,1.0556796789169312,1.508005142211914,,
26,91979,0.8142805099487305,1.0398017168045044,,
26,91989,0.9038509130477905,1.4873929023742676,,
26,91999,0.9562947154045105,1.3061184883117676,,
26,92009,0.8924638032913208,1.2510509490966797,,
26,92019,0.9138067960739136,1.3111839294433594,,
26,92029,0.9729894995689392,1.458796739578247,,
26,92039,0.8615131378173828,1.2571210861206055,,
26,92049,1.1163767576217651,1.9336926937103271,,
26,92059,0.7591361999511719,0.9078112840652466,,
26,92069,1.0739421844482422,1.6475756168365479,,
26,92079,0.9098526239395142,1.250777244567871,,
26,92089,0.741823673248291,0.8713287115097046,,
26,92099,0.953368067741394,1.4074444770812988,,
26,92109,0.8868470191955566,1.1489131450653076,,
26,92119,0.9899410009384155,1.857741117477417,,
26,92129,0.9288485050201416,1.3978129625320435,,
26,92139,0.7834838032722473,0.9965305924415588,,
26,92149,0.907593846321106,1.100746750831604,,
26,92159,0.9571515321731567,1.394540548324585,,
26,92169,0.8373273611068726,1.0086901187896729,,
26,92179,0.8952898979187012,1.2217286825180054,,
26,92189,0.7957823276519775,1.049699068069458,,
26,92199,0.9162963032722473,1.2518588304519653,,
26,92209,0.8121922612190247,0.9987190961837769,,
26,92219,1.0160293579101562,1.457312822341919,,
26,92229,0.814072847366333,1.0476272106170654,,
26,92239,0.8470073342323303,1.1330125331878662,,
26,92249,1.0534162521362305,1.699764370918274,,
26,92259,0.8664681911468506,1.1257597208023071,,
26,92269,0.822792649269104,0.9406141042709351,,
26,92279,1.0217207670211792,2.0340359210968018,,
26,92289,0.9167762994766235,1.3578500747680664,,
26,92299,0.8492183089256287,1.0058696269989014,,
26,92309,0.9753673672676086,1.3049170970916748,,
26,92319,1.0719654560089111,1.878209114074707,,
26,92329,1.1303504705429077,1.9626471996307373,,
26,92339,0.9517899751663208,1.5256783962249756,,
26,92349,0.8683457970619202,1.1855697631835938,,
26,92359,0.6344972848892212,0.6364648342132568,,
26,92369,0.8423215746879578,1.086340308189392,,
26,92379,0.7496822476387024,0.9325584173202515,,
26,92389,0.8042783737182617,0.9823004007339478,,
26,92399,0.9761092066764832,1.3620901107788086,,
26,92409,0.6971622705459595,0.8951479196548462,,
26,92419,0.9031453728675842,1.5003174543380737,,
26,92429,1.0133981704711914,1.5410767793655396,,
26,92439,0.8690438270568848,1.289370059967041,,
26,92449,0.9156831502914429,1.548548698425293,,
26,92459,0.9781622290611267,1.53526771068573,,
26,92469,0.8342936038970947,1.2074120044708252,,
26,92479,1.0241669416427612,1.672470211982727,,
26,92489,0.8789024949073792,1.3306281566619873,,
26,92499,0.8537405729293823,1.0893495082855225,,
26,92509,1.0095760822296143,1.5144963264465332,,
26,92519,0.9302346706390381,1.2018859386444092,,
26,92529,0.9790356159210205,1.4119951725006104,,
26,92539,0.8870804309844971,1.6746801137924194,,
26,92549,0.868126392364502,1.1493101119995117,,
26,92559,0.9360378384590149,1.5186541080474854,,
26,92569,0.9019109010696411,1.2534523010253906,,
26,92579,0.7134295701980591,0.7844232320785522,,
26,92589,1.0108510255813599,1.4547910690307617,,
26,92599,0.5409330129623413,0.49007803201675415,,
26,92609,0.7820897698402405,0.9351791739463806,,
26,92619,0.8839331269264221,1.1644561290740967,,
26,92629,0.742672324180603,0.838177502155304,,
26,92639,1.1483535766601562,2.414104461669922,,
26,92649,1.1601123809814453,1.7867822647094727,,
26,92659,0.7670353055000305,1.155540943145752,,
26,92669,0.9579893946647644,1.177729606628418,,
26,92679,0.8905754089355469,1.0855700969696045,,
26,92689,0.8455818295478821,0.927107572555542,,
26,92699,0.8487097024917603,0.919572114944458,,
26,92709,1.1645817756652832,1.9459879398345947,,
26,92719,1.1873457431793213,2.4772586822509766,,
26,92729,0.9111931920051575,1.3722496032714844,,
26,92739,0.736207127571106,0.829352855682373,,
26,92749,0.7652673125267029,0.8192781209945679,,
26,92759,0.8148211240768433,1.0404483079910278,,
26,92769,0.9714603424072266,1.428419589996338,,
26,92779,0.7796935439109802,1.1657110452651978,,
26,92789,0.8948650360107422,1.4046239852905273,,
26,92799,0.8296961784362793,0.9822617769241333,,
26,92809,0.9752374887466431,1.4347869157791138,,
26,92819,0.6567996740341187,0.646655261516571,,
26,92825,,,0.910896897315979,1.3233070373535156
27,92829,0.8862165808677673,1.225907802581787,,
27,92839,0.8687717318534851,1.3436594009399414,,
27,92849,0.7954509854316711,0.9379409551620483,,
27,92859,0.8881061673164368,1.34536612033844,,
27,92869,1.025022029876709,1.5346853733062744,,
27,92879,0.7148079872131348,0.9632493257522583,,
27,92889,0.7814161777496338,1.0612421035766602,,
27,92899,0.7327243685722351,0.9842784404754639,,
27,92909,0.8282591104507446,1.2751801013946533,,
27,92919,0.9983466863632202,1.5689325332641602,,
27,92929,0.8558355569839478,1.0779807567596436,,
27,92939,0.9221934080123901,1.152268409729004,,
27,92949,0.9627369046211243,1.2968549728393555,,
27,92959,0.7938498258590698,1.0152597427368164,,
27,92969,0.7693696022033691,0.925670325756073,,
27,92979,0.9505593776702881,1.1853666305541992,,
27,92989,0.7435063123703003,0.8852308392524719,,
27,92999,1.1407524347305298,2.2292351722717285,,
27,93009,0.7577236890792847,0.8866701126098633,,
27,93019,0.7487331628799438,0.889939546585083,,
27,93029,0.9584704041481018,1.3560608625411987,,
27,93039,0.9363082647323608,1.3398449420928955,,
27,93049,0.9988418817520142,1.4703766107559204,,
27,93059,1.0600624084472656,1.7563037872314453,,
27,93069,0.965583860874176,1.6342251300811768,,
27,93079,0.7391030192375183,0.7997367978096008,,
27,93089,0.9225435256958008,1.2445412874221802,,
27,93099,0.9842235445976257,1.3408048152923584,,
27,93109,0.9177035093307495,1.4179646968841553,,
27,93119,1.007204532623291,1.3887264728546143,,
27,93129,0.8821389079093933,1.3973608016967773,,
27,93139,0.801110565662384,1.0415599346160889,,
27,93149,0.8553709387779236,1.160515308380127,,
27,93159,1.0598313808441162,1.7029495239257812,,
27,93169,0.9079467058181763,1.2654409408569336,,
27,93179,0.7055995464324951,0.9299578666687012,,
27,93189,0.9328047037124634,1.2342928647994995,,
27,93199,1.0525355339050293,2.0023319721221924,,
27,93209,0.8392187356948853,1.2812485694885254,,
27,93219,0.8172308206558228,1.004197120666504,,
27,93229,0.7770851254463196,0.9591033458709717,,
27,93239,0.8384889364242554,1.0971722602844238,,
27,93249,0.8511792421340942,1.0453828573226929,,
27,93259,0.8644651174545288,1.2422192096710205,,
27,93269,1.033578634262085,1.4440479278564453,,
27,93279,0.6031104922294617,0.5889209508895874,,
27,93289,0.9386841058731079,1.4267133474349976,,
27,93299,0.8508490324020386,1.1610398292541504,,
27,93309,1.1238294839859009,1.6796284914016724,,
27,93319,0.854694664478302,0.9101216793060303,,
27,93329,0.8723744750022888,1.0646209716796875,,
27,93339,0.9524293541908264,1.5574593544006348,,
27,93349,1.1345269680023193,1.7065528631210327,,
27,93359,1.0566914081573486,1.5175087451934814,,
27,93369,1.0106254816055298,1.5982009172439575,,
27,93379,0.9658141732215881,1.4175515174865723,,
27,93389,0.8673132658004761,1.136897325515747,,
27,93399,0.8641808032989502,1.4332866668701172,,
27,93409,1.0029038190841675,1.2860453128814697,,
27,93419,0.7674186825752258,0.9057576656341553,,
27,93429,0.9368895888328552,1.179076075553894,,
27,93439,0.7963727712631226,0.920735239982605,,
27,93449,0.9266148805618286,1.3895200490951538,,
27,93459,0.6187468767166138,0.7131536602973938,,
27,93469,0.8886408805847168,1.1260392665863037,,
27,93479,1.3309643268585205,2.4810597896575928,,
27,93489,0.7259019613265991,0.8337346911430359,,
27,93499,0.9566830992698669,1.2288585901260376,,
27,93509,0.8064247369766235,1.0761184692382812,,
27,93519,1.0421950817108154,1.586942195892334,,
27,93529,1.1472795009613037,2.019498348236084,,
27,93539,0.6462221145629883,0.8758728504180908,,
27,93549,0.8525922894477844,1.242303490638733,,
27,93559,0.7434157133102417,0.7617584466934204,,
27,93569,0.9349992275238037,1.521421194076538,,
27,93579,0.7916150093078613,0.9369884729385376,,
27,93589,1.3250826597213745,2.63569974899292,,
27,93599,0.8870285749435425,1.0365476608276367,,
27,93609,0.8609929084777832,1.153717041015625,,
27,93619,0.7896753549575806,1.011521339416504,,
27,93629,0.925614595413208,1.2586671113967896,,
27,93639,1.0310975313186646,1.5294764041900635,,
27,93649,1.0828526020050049,1.5409343242645264,,
27,93659,0.8061158061027527,0.9821584820747375,,
27,93669,0.7534033060073853,0.8570414781570435,,
27,93679,0.9702507257461548,1.4168531894683838,,
27,93689,0.8009629249572754,0.8960367441177368,,
27,93699,0.9258164763450623,1.3852311372756958,,
27,93709,1.0474522113800049,1.592157244682312,,
27,93719,0.9274794459342957,1.2167086601257324,,
27,93729,0.8308455944061279,1.085265874862671,,
27,93739,0.679103672504425,0.8842931985855103,,
27,93749,0.8454477190971375,1.465289831161499,,
27,93759,0.8513274192810059,1.276263952255249,,
27,93769,0.947935938835144,1.2374696731567383,,
27,93779,0.7661278247833252,0.904870867729187,,
27,93789,1.0035736560821533,1.3588316440582275,,
27,93799,0.726945698261261,0.8612786531448364,,
27,93809,1.0397205352783203,1.6392054557800293,,
27,93819,1.0978182554244995,1.8519383668899536,,
27,93829,1.1487300395965576,2.555797815322876,,
27,93839,0.9073493480682373,1.3218276500701904,,
27,93849,0.9398821592330933,1.406604290008545,,
27,93859,0.8496419787406921,1.4596421718597412,,
27,93869,1.0097236633300781,1.481172800064087,,
27,93879,0.7626690864562988,0.8131458759307861,,
27,93889,0.989675760269165,1.4804835319519043,,
27,93899,0.8492176532745361,1.1067010164260864,,
27,93909,0.9969909191131592,1.5456366539001465,,
27,93919,0.8363067507743835,1.2577416896820068,,
27,93929,0.7790260314941406,0.9313491582870483,,
27,93939,0.7778024673461914,1.0298997163772583,,
27,93949,1.1052680015563965,1.7512730360031128,,
27,93959,0.9915866255760193,1.4810097217559814,,
27,93969,1.074769377708435,1.7882652282714844,,
27,93979,0.8723812103271484,1.096436858177185,,
27,93989,0.8458178043365479,1.0546479225158691,,
27,93999,1.0966517925262451,1.8329411745071411,,
27,94009,1.0677303075790405,1.7015100717544556,,
27,94019,1.0206269025802612,1.4665842056274414,,
27,94029,0.8915672898292542,1.2871737480163574,,
27,94039,1.084502100944519,1.674736499786377,,
27,94049,0.8434860110282898,2.325242519378662,,
27,94059,0.9686992168426514,1.5884604454040527,,
27,94069,0.8739461898803711,1.3249504566192627,,
27,94079,1.0441837310791016,1.9653398990631104,,
27,94089,0.8260525465011597,1.1943771839141846,,
27,94099,0.8744896650314331,1.0915436744689941,,
27,94109,1.0646032094955444,1.9181251525878906,,
27,94119,0.8591920137405396,1.2900183200836182,,
27,94129,0.7701466679573059,0.9484239220619202,,
27,94139,0.8638283610343933,1.0532755851745605,,
27,94149,0.9993366003036499,1.4749833345413208,,
27,94159,0.7981439828872681,1.1251376867294312,,
27,94169,1.0076690912246704,1.6235719919204712,,
27,94179,0.9823420643806458,1.6053500175476074,,
27,94189,0.8899043798446655,1.16547429561615,,
27,94199,0.8633138537406921,1.0830386877059937,,
27,94209,0.9437201023101807,1.2708311080932617,,
27,94219,0.6163886785507202,0.6060741543769836,,
27,94229,0.8911964893341064,1.1714823246002197,,
27,94239,0.8661511540412903,1.063119649887085,,
27,94249,0.9236229658126831,1.191917896270752,,
27,94259,0.9700696468353271,1.7491605281829834,,
27,94269,0.9025710821151733,1.2423646450042725,,
27,94279,0.9756934642791748,1.4239842891693115,,
27,94289,0.8204822540283203,1.0512011051177979,,
27,94299,1.0689709186553955,1.6846792697906494,,
27,94309,0.7809392213821411,0.9068629741668701,,
27,94319,0.8102176785469055,0.8851790428161621,,
27,94329,0.9304842948913574,1.1552951335906982,,
27,94339,1.016798734664917,1.529831886291504,,
27,94349,0.8688741326332092,1.1551628112792969,,
27,94359,0.9097056984901428,1.2467621564865112,,
27,94369,0.8618232011795044,1.114488124847412,,
27,94379,0.9394521713256836,1.2130539417266846,,
27,94389,0.9273943901062012,1.4254646301269531,,
27,94399,0.936258852481842,1.256160020828247,,
27,94409,0.8324449062347412,1.0170950889587402,,
27,94419,0.9896681904792786,1.4385206699371338,,
27,94429,0.8116426467895508,1.1958403587341309,,
27,94439,0.6007415056228638,0.734815239906311,,
27,94449,0.9602461457252502,1.4715681076049805,,
27,94459,0.7087228298187256,0.8121945261955261,,
27,94469,0.8941298723220825,1.3519096374511719,,
27,94479,0.8272649049758911,1.162302851676941,,
27,94489,0.9303500652313232,1.3442296981811523,,
27,94499,0.7471586465835571,0.7459664344787598,,
27,94509,0.988815426826477,1.3050041198730469,,
27,94519,0.8446380496025085,1.0857484340667725,,
27,94529,0.9238595366477966,1.2637993097305298,,
27,94539,0.859498143196106,1.0701943635940552,,
27,94549,0.9292454719543457,1.339597463607788,,
27,94559,0.9402275681495667,1.4364230632781982,,
27,94569,0.7181477546691895,0.9755882620811462,,
27,94579,1.022470235824585,1.3641443252563477,,
27,94589,0.8486899137496948,0.9810589551925659,,
27,94599,0.7415200471878052,0.9071632623672485,,
27,94609,1.078527808189392,1.6091761589050293,,
27,94619,0.933640718460083,1.3321921825408936,,
27,94629,0.8073498606681824,0.9309252500534058,,
27,94639,1.1201798915863037,1.8526420593261719,,
27,94649,1.0268369913101196,1.4827886819839478,,
27,94659,0.6305765509605408,0.6195048093795776,,
27,94669,1.1033573150634766,1.909335732460022,,
27,94679,0.9598637819290161,1.5367618799209595,,
27,94689,1.0163073539733887,1.420668601989746,,
27,94699,1.0358699560165405,1.493238091468811,,
27,94709,0.9165792465209961,1.421734094619751,,
27,94719,0.888908326625824,1.2354531288146973,,
27,94729,0.9263550043106079,1.2990803718566895,,
27,94739,0.9159520268440247,1.0589390993118286,,
27,94749,0.8244253993034363,1.1436309814453125,,
27,94759,0.7817906737327576,1.05759596824646,,
27,94769,0.9104308485984802,1.379729986190796,,
27,94779,0.7826958298683167,0.9241554141044617,,
27,94789,1.1937397718429565,2.428715229034424,,
27,94799,1.0533366203308105,2.686734199523926,,
27,94809,0.6559529304504395,0.9222392439842224,,
27,94819,0.9848292469978333,1.516875982284546,,
27,94829,0.9029510021209717,1.3125742673873901,,
27,94839,0.9635769128799438,1.4004610776901245,,
27,94849,0.8109675645828247,1.1066009998321533,,
27,94859,0.9899378418922424,1.5786495208740234,,
27,94869,0.9599422216415405,1.4749038219451904,,
27,94879,0.8404029607772827,1.1462633609771729,,
27,94889,0.9705866575241089,1.6020410060882568,,
27,94899,1.082280158996582,1.5764031410217285,,
27,94909,1.2724578380584717,2.938650608062744,,
27,94919,1.0554513931274414,1.6239304542541504,,
27,94929,0.7483073472976685,0.8895995020866394,,
27,94939,0.8592292070388794,1.1751662492752075,,
27,94949,0.9103259444236755,1.4603567123413086,,
27,94959,1.2051820755004883,1.8086700439453125,,
27,94969,0.9811428189277649,1.5443708896636963,,
27,94979,0.846741795539856,1.232905387878418,,
27,94989,1.0136926174163818,1.592665672302246,,
27,94999,0.8212752342224121,1.254756212234497,,
27,95009,0.8515951037406921,1.355114221572876,,
27,95019,0.81382155418396,1.1757347583770752,,
27,95029,0.9471307992935181,1.5198127031326294,,
27,95039,0.7901234030723572,0.988879919052124,,
27,95049,0.9783831238746643,1.4835889339447021,,
27,95059,0.9605839252471924,1.2387347221374512,,
27,95069,0.9150829911231995,1.4171035289764404,,
27,95079,0.6872247457504272,0.8737531900405884,,
27,95089,0.7829619646072388,0.8747765421867371,,
27,95099,1.0267399549484253,1.8046396970748901,,
27,95109,0.7856000661849976,0.8994830846786499,,
27,95119,0.7587873339653015,0.9321917295455933,,
27,95129,0.9220774173736572,1.3152070045471191,,
27,95139,0.7071332931518555,0.8826273083686829,,
27,95149,0.852306604385376,1.055293321609497,,
27,95159,1.0140098333358765,1.5944373607635498,,
27,95169,0.6464858055114746,0.6136915683746338,,
27,95179,0.7758851051330566,0.8792600631713867,,
27,95189,0.9735559821128845,1.6180884838104248,,
27,95199,0.8475182056427002,1.1642823219299316,,
27,95209,1.09096097946167,1.6653096675872803,,
27,95219,0.6282709836959839,0.6513990163803101,,
27,95229,0.8606787919998169,1.3643598556518555,,
27,95239,0.9017401933670044,1.2102465629577637,,
27,95249,1.1802935600280762,2.338752269744873,,
27,95259,0.9285117387771606,1.2871102094650269,,
27,95269,0.8467115759849548,1.0495811700820923,,
27,95279,0.8371754288673401,1.0982598066329956,,
27,95289,0.971409261226654,1.2388508319854736,,
27,95299,0.7985948324203491,1.0884511470794678,,
27,95309,0.813095211982727,0.9761145114898682,,
27,95319,1.106170415878296,1.9097630977630615,,
27,95329,1.061638355255127,1.590837001800537,,
27,95339,1.0555394887924194,1.5687201023101807,,
27,95349,0.8014614582061768,1.09140944480896,,
27,95359,1.0109437704086304,1.4479954242706299,,
27,95369,0.9219070672988892,1.4901759624481201,,
27,95379,1.067915678024292,1.8690052032470703,,
27,95389,0.9939523935317993,1.6718883514404297,,
27,95399,0.9747845530509949,1.304415225982666,,
27,95409,1.113159418106079,2.1014223098754883,,
27,95419,0.7430686354637146,0.8638975024223328,,
27,95429,0.9101513624191284,1.2421621084213257,,
27,95439,0.8057778477668762,1.0472195148468018,,
27,95449,0.8165614008903503,1.0354557037353516,,
27,95459,0.7245185971260071,0.8192962408065796,,
27,95469,0.9678336381912231,1.6350736618041992,,
27,95479,0.8040659427642822,0.9343505501747131,,
27,95489,0.8928577303886414,1.2461228370666504,,
27,95499,0.9562018513679504,1.3445494174957275,,
27,95509,0.7565222978591919,0.8549704551696777,,
27,95519,1.0573582649230957,2.2397279739379883,,
27,95529,0.8730196952819824,1.2106341123580933,,
27,95539,0.7161492109298706,0.9862170219421387,,
27,95549,1.0014413595199585,1.5016878843307495,,
27,95559,0.829231321811676,1.21388840675354,,
27,95569,0.833164393901825,0.9831757545471191,,
27,95579,0.7905446290969849,1.0159889459609985,,
27,95589,0.841131865978241,1.116824746131897,,
27,95599,1.114058017730713,1.8133752346038818,,
27,95609,1.0432932376861572,1.5615615844726562,,
27,95619,0.8804996609687805,1.1627719402313232,,
27,95629,1.0178251266479492,1.7207506895065308,,
27,95639,0.974907636642456,1.5140678882598877,,
27,95649,0.7636317014694214,0.8937265872955322,,
27,95659,0.5997372269630432,0.5558485984802246,,
27,95669,0.8320109248161316,1.0826430320739746,,
27,95679,1.0043559074401855,1.5204805135726929,,
27,95689,0.6866956949234009,0.6603718996047974,,
27,95699,0.7982674241065979,0.9595207571983337,,
27,95709,0.7360662817955017,0.7730838060379028,,
27,95719,1.0865964889526367,1.7423707246780396,,
27,95729,1.0342518091201782,1.7130746841430664,,
27,95739,0.9995297193527222,1.477178931236267,,
27,95749,0.8880397081375122,1.184807300567627,,
27,95759,0.8316202759742737,1.0638569593429565,,
27,95769,0.9772939085960388,1.428223729133606,,
27,95779,0.7436734437942505,0.9542911052703857,,
27,95789,0.8243046998977661,1.0163846015930176,,
27,95799,0.8840413093566895,1.2406456470489502,,
27,95809,0.9485775232315063,1.5317797660827637,,
27,95819,1.0594549179077148,1.5151640176773071,,
27,95829,0.7026914358139038,1.0475294589996338,,
27,95839,0.865872323513031,1.4872853755950928,,
27,95849,0.7956836819648743,0.9703101515769958,,
27,95859,0.9090070128440857,1.3333513736724854,,
27,95869,0.8806191682815552,1.193864345550537,,
27,95879,0.9269849061965942,1.2371176481246948,,
27,95889,1.1606624126434326,1.853868007659912,,
27,95899,0.8805635571479797,1.1428940296173096,,
27,95909,0.9349340796470642,1.1325334310531616,,
27,95919,0.9582284688949585,1.4251058101654053,,
27,95929,0.7184737324714661,0.8336398601531982,,
27,95939,0.6864038705825806,0.8693811297416687,,
27,95949,0.9445757865905762,1.388037085533142,,
27,95959,0.7093844413757324,0.8163845539093018,,
27,95969,0.9403573870658875,1.34259033203125,,
27,95979,0.8832144141197205,1.3500354290008545,,
27,95989,1.0813944339752197,1.566550850868225,,
27,95999,0.8035656213760376,1.089438796043396,,
27,96009,0.985073447227478,1.7921223640441895,,
27,96019,0.9662826061248779,1.4997237920761108,,
27,96029,1.2613797187805176,2.639192581176758,,
27,96039,1.0871864557266235,1.6348780393600464,,
27,96049,0.7570396661758423,0.8897532224655151,,
27,96059,1.05325448513031,1.570965051651001,,
27,96069,0.779468297958374,0.9900566339492798,,
27,96079,0.8371986746788025,1.154374599456787,,
27,96089,0.9510908126831055,1.8516786098480225,,
27,96099,0.8128167390823364,1.1124669313430786,,
27,96109,0.7667263746261597,1.0415767431259155,,
27,96119,0.8561254739761353,1.0702028274536133,,
27,96129,0.580482542514801,0.5386447906494141,,
27,96139,1.0690926313400269,1.7837815284729004,,
27,96149,0.8404664397239685,0.9951801300048828,,
27,96159,0.9534453749656677,1.3006541728973389,,
27,96169,0.7936743497848511,0.8975052237510681,,
27,96179,1.1551826000213623,1.6880168914794922,,
27,96189,0.9741184711456299,1.314294695854187,,
27,96199,0.9800495505332947,1.5736628770828247,,
27,96209,0.974102795124054,1.405074119567871,,
27,96219,0.8676073551177979,1.126261591911316,,
27,96229,1.285336971282959,2.2373085021972656,,
27,96239,0.9659190773963928,1.250058650970459,,
27,96249,0.9192066192626953,1.1424119472503662,,
27,96259,0.741558313369751,0.8690981268882751,,
27,96263,,,0.9099134802818298,1.324121356010437
28,96269,0.8824039697647095,1.244316577911377,,
28,96279,0.9690141081809998,1.452130913734436,,
28,96289,1.0682615041732788,1.5863087177276611,,
28,96299,1.0717061758041382,1.884242296218872,,
28,96309,0.9700687527656555,1.3772220611572266,,
28,96319,0.9582072496414185,1.4703465700149536,,
28,96329,0.9407241344451904,1.395777940750122,,
28,96339,0.7113868594169617,0.7728652954101562,,
28,96349,1.1151244640350342,2.195054531097412,,
28,96359,1.0988057851791382,1.725440502166748,,
28,96369,1.1655267477035522,1.7357479333877563,,
28,96379,0.9645036458969116,1.3005306720733643,,
28,96389,1.1063690185546875,1.960306167602539,,
28,96399,0.8563016653060913,1.0710653066635132,,
28,96409,0.8622642755508423,1.1722335815429688,,
28,96419,0.8531438708305359,1.1206398010253906,,
28,96429,0.9446616768836975,1.2742860317230225,,
28,96439,0.8309875726699829,1.2049503326416016,,
28,96449,0.8348293304443359,1.016347885131836,,
28,96459,0.941975474357605,1.2281038761138916,,
28,96469,0.900058388710022,1.2987637519836426,,
28,96479,0.9327123165130615,1.2458785772323608,,
28,96489,1.1415619850158691,1.784596562385559,,
28,96499,0.9375841021537781,1.1299939155578613,,
28,96509,0.9477716684341431,1.4333117008209229,,
28,96519,1.1227648258209229,1.8371597528457642,,
28,96529,1.113082766532898,1.866584300994873,,
28,96539,0.9231914281845093,1.6143144369125366,,
28,96549,0.8825408816337585,1.430708885192871,,
28,96559,0.8448777198791504,1.4629887342453003,,
28,96569,0.8324599266052246,0.9718176126480103,,
28,96579,0.9573605060577393,1.3961142301559448,,
28,96589,0.961043119430542,1.521632194519043,,
28,96599,0.8355728387832642,1.168060541152954,,
28,96609,0.9518047571182251,1.5143948793411255,,
28,96619,0.9870991706848145,1.8022509813308716,,
28,96629,0.7755747437477112,0.8794044852256775,,
28,96639,1.1311830282211304,1.944742202758789,,
28,96649,0.9484884738922119,1.4710980653762817,,
28,96659,0.8102589845657349,0.9450223445892334,,
28,96669,1.0391452312469482,2.3867130279541016,,
28,96679,0.8010371327400208,1.1549022197723389,,
28,96689,0.933459997177124,1.3439078330993652,,
28,96699,0.9663863182067871,1.5841305255889893,,
28,96709,0.9039466977119446,1.2614524364471436,,
28,96719,0.8827093839645386,1.1358215808868408,,
28,96729,0.663163423538208,0.7015525102615356,,
28,96739,1.0879079103469849,1.9317736625671387,,
28,96749,0.8032728433609009,1.039760708808899,,
28,96759,0.9658951759338379,1.1824973821640015,,
28,96769,0.8684790134429932,1.3226953744888306,,
28,96779,0.9765831828117371,1.7051187753677368,,
28,96789,1.0289688110351562,1.5446466207504272,,
28,96799,0.9256457686424255,1.3517242670059204,,
28,96809,1.0077416896820068,1.5183613300323486,,
28,96819,0.9683627486228943,1.384399652481079,,
28,96829,0.8397682905197144,1.1156734228134155,,
28,96839,0.9357455968856812,1.3225141763687134,,
28,96849,0.7937642335891724,1.0434176921844482,,
28,96859,0.9382239580154419,1.3452374935150146,,
28,96869,1.058314561843872,1.7011492252349854,,
28,96879,1.2022294998168945,2.1402573585510254,,
28,96889,0.9698006510734558,1.3574917316436768,,
28,96899,0.8953698873519897,1.1687458753585815,,
28,96909,0.9143869876861572,1.6364880800247192,,
28,96919,0.9181466698646545,1.2389180660247803,,
28,96929,0.8646349906921387,1.3360271453857422,,
28,96939,0.7120867371559143,0.8881943225860596,,
28,96949,0.8717032670974731,1.3040134906768799,,
28,96959,0.8638907670974731,1.1807315349578857,,
28,96969,0.8033543825149536,1.0398459434509277,,
28,96979,0.7870698571205139,1.059125304222107,,
28,96989,1.0935441255569458,1.6371703147888184,,
28,96999,0.7171369791030884,0.8009710907936096,,
28,97009,1.0098899602890015,1.3710687160491943,,
28,97019,0.774007260799408,0.9221079349517822,,
28,97029,0.915633499622345,1.3283876180648804,,
28,97039,0.9745436906814575,1.4358298778533936,,
28,97049,0.7875881791114807,0.8484386801719666,,
28,97059,1.262481927871704,3.1137964725494385,,
28,97069,0.7818268537521362,0.9293016195297241,,
28,97079,0.8350095748901367,1.1465840339660645,,
28,97089,0.8461239337921143,1.184363842010498,,
28,97099,0.9075866937637329,1.2247169017791748,,
28,97109,0.857610821723938,1.047589659690857,,
28,97119,0.7093051075935364,0.7692533135414124,,
28,97129,0.7198258638381958,0.831333339214325,,
28,97139,1.0899906158447266,1.8778507709503174,,
28,97149,1.0879545211791992,1.6447398662567139,,
28,97159,0.6211146116256714,0.5672470331192017,,
28,97169,0.8435787558555603,1.0544161796569824,,
28,97179,0.8403915166854858,1.14300537109375,,
28,97189,1.0416755676269531,1.7513465881347656,,
28,97199,0.9727615714073181,1.6262567043304443,,
28,97209,1.0588197708129883,1.955942153930664,,
28,97219,1.0036762952804565,1.4564462900161743,,
28,97229,0.8651351928710938,1.1264946460723877,,
28,97239,0.9998193383216858,1.7124249935150146,,
28,97249,0.9859062433242798,1.5628471374511719,,
28,97259,0.6741210222244263,0.991756796836853,,
28,97269,0.7213241457939148,0.8447005748748779,,
28,97279,1.0944727659225464,3.5205368995666504,,
28,97289,0.8179051280021667,0.8908447027206421,,
28,97299,0.9146692156791687,1.4939271211624146,,
28,97309,1.0102964639663696,1.7505106925964355,,
28,97319,0.9265173077583313,1.2232840061187744,,
28,97329,0.835099458694458,1.8151816129684448,,
28,97339,0.8761013746261597,1.0335816144943237,,
28,97349,0.9134383201599121,1.192992925643921,,
28,97359,1.0633882284164429,1.6400728225708008,,
28,97369,1.0242164134979248,1.8125581741333008,,
28,97379,0.780821681022644,0.9951669573783875,,
28,97389,0.9098109006881714,1.1624191999435425,,
28,97399,0.9611312747001648,1.3001549243927002,,
28,97409,0.732163667678833,0.8555148839950562,,
28,97419,0.9436739683151245,2.0915780067443848,,
28,97429,0.7810367345809937,0.9091845750808716,,
28,97439,0.9511577486991882,1.5303256511688232,,
28,97449,0.9588071703910828,1.2927193641662598,,
28,97459,1.0296355485916138,1.4565497636795044,,
28,97469,0.7625473141670227,1.0275189876556396,,
28,97479,0.8135219812393188,1.0124576091766357,,
28,97489,0.8710740208625793,1.4066486358642578,,
28,97499,0.9256030321121216,1.2134582996368408,,
28,97509,0.8235876560211182,0.9652975797653198,,
28,97519,0.8449885845184326,1.3339731693267822,,
28,97529,0.9222066402435303,1.2827081680297852,,
28,97539,1.0373573303222656,1.6194988489151,,
28,97549,1.0071510076522827,1.8205922842025757,,
28,97559,0.7442221641540527,0.8198565244674683,,
28,97569,0.9423118233680725,1.4748377799987793,,
28,97579,0.8645064830780029,1.1800683736801147,,
28,97589,1.0892809629440308,2.157278060913086,,
28,97599,0.7545846700668335,0.8849470615386963,,
28,97609,0.811930775642395,1.1872888803482056,,
28,97619,0.9319090247154236,1.2723729610443115,,
28,97629,0.8266147375106812,1.0275431871414185,,
28,97639,1.0064160823822021,1.3776644468307495,,
28,97649,1.0108797550201416,1.5884872674942017,,
28,97659,0.7101154327392578,0.8108857870101929,,
28,97669,1.1577672958374023,2.140674114227295,,
28,97679,0.7585222721099854,0.8974305391311646,,
28,97689,0.9962939023971558,1.4532721042633057,,
28,97699,1.1565849781036377,1.8472810983657837,,
28,97709,0.9766619205474854,1.252192497253418,,
28,97719,0.6852591633796692,0.8162975311279297,,
28,97729,0.8614554405212402,1.0394481420516968,,
28,97739,0.8962010741233826,1.2402031421661377,,
28,97749,0.8808317184448242,1.094724416732788,,
28,97759,0.9458780288696289,1.2763521671295166,,
28,97769,0.854651153087616,1.3025803565979004,,
28,97779,1.0806522369384766,1.7904458045959473,,
28,97789,1.0796235799789429,1.8090612888336182,,
28,97799,1.086862325668335,1.8550466299057007,,
28,97809,1.2075974941253662,2.2208709716796875,,
28,97819,0.7210971117019653,0.8757412433624268,,
28,97829,0.8318274021148682,1.1427912712097168,,
28,97839,0.944078803062439,1.2577965259552002,,
28,97849,0.8817442655563354,1.1676170825958252,,
28,97859,1.026442050933838,1.754317283630371,,
28,97869,0.9337480068206787,1.355972409248352,,
28,97879,0.9735813140869141,1.5509766340255737,,
28,97889,0.9238488674163818,1.2965162992477417,,
28,97899,0.911858081817627,1.3993672132492065,,
28,97909,0.9624567031860352,1.3503384590148926,,
28,97919,1.014890193939209,1.7422817945480347,,
28,97929,0.9597736597061157,1.298516035079956,,
28,97939,0.8903993964195251,1.264822006225586,,
28,97949,0.963420569896698,1.468637228012085,,
28,97959,0.6541576981544495,0.6443620920181274,,
28,97969,1.0687437057495117,1.8879659175872803,,
28,97979,0.9988749623298645,1.5101110935211182,,
28,97989,0.9068771600723267,1.3066253662109375,,
28,97999,0.834369421005249,1.1391639709472656,,
28,98009,0.9477834701538086,1.3180861473083496,,
28,98019,0.9762893915176392,1.4576585292816162,,
28,98029,0.8963217735290527,1.1740001440048218,,
28,98039,0.8641477823257446,1.2812919616699219,,
28,98049,0.9075779914855957,1.2485166788101196,,
28,98059,1.067658543586731,1.9276705980300903,,
28,98069,1.080899715423584,1.5819685459136963,,
28,98079,0.9270578622817993,1.3971500396728516,,
28,98089,0.7238385677337646,0.8446664810180664,,
28,98099,1.1345946788787842,1.856684923171997,,
28,98109,0.7333191633224487,0.9703308343887329,,
28,98119,0.8481075763702393,1.4913249015808105,,
28,98129,0.9680391550064087,1.3074865341186523,,
28,98139,0.7686862349510193,0.8702425956726074,,
28,98149,0.83929443359375,1.040790319442749,,
28,98159,0.7532711029052734,0.8786821365356445,,
28,98169,0.9947693943977356,1.4084869623184204,,
28,98179,0.7327342629432678,0.9855519533157349,,
28,98189,0.8747192025184631,1.2771334648132324,,
28,98199,0.8260710835456848,0.9634374380111694,,
28,98209,0.9224183559417725,1.3102436065673828,,
28,98219,0.6977318525314331,0.7350767850875854,,
28,98229,1.0655345916748047,1.9618339538574219,,
28,98239,0.897872269153595,1.1626183986663818,,
28,98249,1.1722419261932373,1.7581806182861328,,
28,98259,0.8831244111061096,1.1892178058624268,,
28,98269,0.9434650540351868,1.4118843078613281,,
28,98279,0.8038204908370972,1.1545612812042236,,
28,98289,0.8232302665710449,1.1585781574249268,,
28,98299,0.8912994861602783,1.0553010702133179,,
28,98309,0.6291583180427551,0.5803458094596863,,
28,98319,0.7908627390861511,1.0137287378311157,,
28,98329,0.9104720950126648,1.237499713897705,,
28,98339,0.937116801738739,1.3271160125732422,,
28,98349,1.3639897108078003,3.1789307594299316,,
28,98359,0.6506943702697754,0.7137735486030579,,
28,98369,0.68890380859375,0.7594175338745117,,
28,98379,0.7448922991752625,0.9195500612258911,,
28,98389,0.9009751677513123,1.1196551322937012,,
28,98399,0.9100213646888733,1.2966866493225098,,
28,98409,0.918685257434845,1.1393293142318726,,
28,98419,0.9144313931465149,1.2545009851455688,,
28,98429,1.0532305240631104,1.650731086730957,,
28,98439,0.9244436621665955,1.1241283416748047,,
28,98449,0.7886915802955627,0.859113335609436,,
28,98459,0.8091360330581665,0.9915953874588013,,
28,98469,0.780699610710144,1.1276267766952515,,
28,98479,1.0770673751831055,1.6858091354370117,,
28,98489,0.8168002367019653,1.013445258140564,,
28,98499,1.046541452407837,1.6673498153686523,,
28,98509,1.0210117101669312,1.6003310680389404,,
28,98519,0.8546040654182434,1.3656079769134521,,
28,98529,0.7887890934944153,1.0637166500091553,,
28,98539,0.762973427772522,0.8461640477180481,,
28,98549,1.0202499628067017,1.61582350730896,,
28,98559,0.8789052367210388,1.35726797580719,,
28,98569,0.8690135478973389,1.3206887245178223,,
28,98579,1.1130847930908203,1.9106236696243286,,
28,98589,0.8978734612464905,1.0754317045211792,,
28,98599,0.9768034219741821,1.5264227390289307,,
28,98609,0.9557814002037048,1.439211130142212,,
28,98619,0.935735821723938,1.8785260915756226,,
28,98629,1.0261282920837402,1.4840245246887207,,
28,98639,0.9797044992446899,1.3969368934631348,,
28,98649,0.9874471426010132,1.6113479137420654,,
28,98659,0.769729495048523,0.9240830540657043,,
28,98669,1.1008648872375488,2.1078405380249023,,
28,98679,0.7879395484924316,0.9529832601547241,,
28,98689,0.8511982560157776,1.0185781717300415,,
28,98699,1.0488083362579346,1.7825348377227783,,
28,98709,0.9426363110542297,1.7371387481689453,,
28,98719,0.8505436182022095,0.9699563980102539,,
28,98729,1.0725040435791016,1.7116650342941284,,
28,98739,0.797315239906311,0.8890120983123779,,
28,98749,0.9009223580360413,1.1111345291137695,,
28,98759,0.8018462657928467,1.10648512840271,,
28,98769,0.8168638944625854,0.9063423871994019,,
28,98779,0.7869299650192261,1.1291567087173462,,
28,98789,0.7362614870071411,0.8510075807571411,,
28,98799,1.1628905534744263,2.089399814605713,,
28,98809,0.7822552919387817,1.1298388242721558,,
28,98819,0.9180006980895996,1.1810332536697388,,
28,98829,0.921909511089325,1.384523868560791,,
28,98839,0.6874201893806458,0.8331225514411926,,
28,98849,0.9586139917373657,1.2970943450927734,,
28,98859,0.7281404733657837,0.7705237865447998,,
28,98869,0.7688168883323669,0.8952879905700684,,
28,98879,0.9202248454093933,1.1462905406951904,,
28,98889,0.8608635067939758,1.0332107543945312,,
28,98899,0.9141900539398193,1.1119074821472168,,
28,98909,0.9367603063583374,1.2827754020690918,,
28,98919,0.7496601939201355,0.8418062329292297,,
28,98929,0.7517422437667847,0.8895178437232971,,
28,98939,1.0655972957611084,1.7023615837097168,,
28,98949,0.6950304508209229,0.8877272605895996,,
28,98959,1.1267147064208984,2.1636109352111816,,
28,98969,0.8226970434188843,1.0889019966125488,,
28,98979,0.8710986971855164,1.2473968267440796,,
28,98989,0.7423199415206909,0.8824583292007446,,
28,98999,0.9471408128738403,1.489234209060669,,
28,99009,1.0214698314666748,1.4240446090698242,,
28,99019,0.8214008808135986,0.8844459056854248,,
28,99029,0.777466893196106,0.9276779890060425,,
28,99039,0.9521642327308655,1.319096565246582,,
28,99049,0.9154224395751953,1.1882277727127075,,
28,99059,1.062558650970459,2.202843189239502,,
28,99069,1.0402668714523315,1.7103830575942993,,
28,99079,0.9298208355903625,1.9312753677368164,,
28,99089,0.7665678858757019,0.9078102111816406,,
28,99099,0.8836595416069031,1.175908088684082,,
28,99109,1.0021123886108398,1.3754297494888306,,
28,99119,0.9303449988365173,1.3023651838302612,,
28,99129,0.9925902485847473,1.4153144359588623,,
28,99139,1.0742205381393433,2.127472400665283,,
28,99149,1.0097706317901611,1.7811338901519775,,
28,99159,0.9556627869606018,1.3935825824737549,,
28,99169,1.0454590320587158,2.2595858573913574,,
28,99179,0.7902247309684753,0.9366295337677002,,
28,99189,0.9160343408584595,1.3999313116073608,,
28,99199,0.8759515285491943,1.182832956314087,,
28,99209,0.7823512554168701,0.8812457323074341,,
28,99219,0.840021550655365,1.049778699874878,,
28,99229,0.8799073100090027,1.1839745044708252,,
28,99239,0.9515659809112549,1.3240272998809814,,
28,99249,0.9152687788009644,1.3725873231887817,,
28,99259,0.9213637113571167,1.104742169380188,,
28,99269,0.9495433568954468,1.4371931552886963,,
28,99279,0.7785133123397827,0.8890236020088196,,
28,99289,0.775026798248291,0.8655590415000916,,
28,99299,0.8259875178337097,1.1426594257354736,,
28,99309,0.882574200630188,1.0788339376449585,,
28,99319,0.7541813254356384,0.799898624420166,,
28,99329,0.8562948703765869,1.2520406246185303,,
28,99339,0.8276183605194092,0.9775362610816956,,
28,99349,0.8973802328109741,1.440972089767456,,
28,99359,0.6254263520240784,0.5473536252975464,,
28,99369,0.6174197196960449,0.6973024606704712,,
28,99379,0.9217733144760132,1.1877353191375732,,
28,99389,0.88921058177948,1.1537683010101318,,
28,99399,0.9384433031082153,1.180166482925415,,
28,99409,0.9589188098907471,1.544015645980835,,
28,99419,0.6808040142059326,0.8052247762680054,,
28,99429,1.0768449306488037,1.6608761548995972,,
28,99439,0.6641387939453125,0.6375086307525635,,
28,99449,0.8821531534194946,1.0379934310913086,,
28,99459,0.7482743263244629,0.9429094791412354,,
28,99469,0.8935458064079285,1.1139923334121704,,
28,99479,0.873261570930481,1.0949616432189941,,
28,99489,0.9732500910758972,1.3140897750854492,,
28,99499,0.9973493814468384,1.4234278202056885,,
28,99509,0.7996459007263184,1.0885053873062134,,
28,99519,0.7999274134635925,1.1083998680114746,,
28,99529,0.7512012720108032,1.0031476020812988,,
28,99539,0.9371329545974731,1.2772403955459595,,
28,99549,1.272855281829834,2.457961320877075,,
28,99559,1.0258337259292603,1.5264394283294678,,
28,99569,0.7679402232170105,1.0001647472381592,,
28,99579,0.7968063950538635,1.065432071685791,,
28,99589,0.8711115717887878,1.2587406635284424,,
28,99599,0.8356159925460815,1.251474142074585,,
28,99609,0.9630609750747681,1.506054401397705,,
28,99619,0.9938409328460693,1.319338083267212,,
28,99629,0.8636307716369629,1.1903283596038818,,
28,99639,0.9129492044448853,1.0326417684555054,,
28,99649,0.8409327268600464,1.0358521938323975,,
28,99659,1.0249223709106445,1.4852607250213623,,
28,99669,0.95491623878479,1.3173108100891113,,
28,99679,0.7994788885116577,1.0555392503738403,,
28,99689,1.2521839141845703,2.269667387008667,,
28,99699,0.7172919511795044,0.8959901332855225,,
28,99701,,,0.9101054668426514,1.322519302368164
29,99709,0.9812648296356201,1.6245856285095215,,
29,99719,1.0010513067245483,1.34867262840271,,
29,99729,0.803678035736084,1.0098260641098022,,
29,99739,0.6560609340667725,0.6699674129486084,,
29,99749,0.7885546684265137,0.8114781975746155,,
29,99759,0.7793524265289307,0.8455777764320374,,
29,99769,0.8837845325469971,1.2532124519348145,,
29,99779,0.7327699661254883,0.7442867755889893,,
29,99789,0.7003765106201172,0.8034513592720032,,
29,99799,1.0361549854278564,2.0864553451538086,,
29,99809,0.9732843041419983,1.5975353717803955,,
29,99819,0.9227218627929688,1.2428514957427979,,
29,99829,1.1944289207458496,1.9456124305725098,,
29,99839,0.8071478605270386,1.2179665565490723,,
29,99849,0.8454899191856384,1.130264401435852,,
29,99859,0.8350108861923218,0.947546660900116,,
29,99869,0.8911771178245544,1.1249300241470337,,
29,99879,0.8289848566055298,1.0663275718688965,,
29,99889,0.9939476251602173,1.7612485885620117,,
29,99899,0.7739779949188232,0.9108254909515381,,
29,99909,0.8132387399673462,1.1672499179840088,,
29,99919,1.0041980743408203,1.5167267322540283,,
29,99929,1.016700029373169,1.9369193315505981,,
29,99939,0.9699021577835083,1.4497883319854736,,
29,99949,0.9970226883888245,1.5965723991394043,,
29,99959,0.7485319972038269,1.0261189937591553,,
29,99969,1.010453701019287,1.5304393768310547,,
29,99979,0.9705663919448853,1.3230122327804565,,
29,99989,0.8564953804016113,1.149446964263916,,
29,99999,0.8315385580062866,0.9161478281021118,,
29,100009,0.9688246250152588,1.502079725265503,,
29,100019,0.7358149886131287,0.7583127021789551,,
29,100029,0.8972537517547607,1.6234362125396729,,
29,100039,0.8229885101318359,1.0727452039718628,,
29,100049,0.9350232481956482,1.321918249130249,,
29,100059,0.9235883951187134,1.577312707901001,,
29,100069,0.8228360414505005,1.0376644134521484,,
29,100079,0.9698183536529541,1.4455878734588623,,
29,100089,0.7990251779556274,1.0702468156814575,,
29,100099,0.9106301665306091,1.3410780429840088,,
29,100109,1.182490348815918,2.1063976287841797,,
29,100119,0.7216185331344604,1.0297588109970093,,
29,100129,0.8567963242530823,1.2019625902175903,,
29,100139,0.8952565789222717,1.197303295135498,,
29,100149,0.9528072476387024,1.198512315750122,,
29,100159,1.0101724863052368,1.9373579025268555,,
29,100169,0.7844474911689758,0.9870039224624634,,
29,100179,0.8401674628257751,0.9373596906661987,,
29,100189,0.9130179286003113,1.2988688945770264,,
29,100199,1.0698989629745483,1.9572869539260864,,
29,100209,0.7929219007492065,0.9933754205703735,,
29,100219,0.77909255027771,0.9114686250686646,,
29,100229,1.018547773361206,1.701604962348938,,
29,100239,0.9376617074012756,1.2615996599197388,,
29,100249,0.8430465459823608,1.1523618698120117,,
29,100259,0.7244738340377808,0.7350121736526489,,
29,100269,1.1466460227966309,1.9421882629394531,,
29,100279,0.9220840334892273,1.2526333332061768,,
29,100289,1.071761131286621,1.7800860404968262,,
29,100299,0.8237956762313843,1.0047332048416138,,
29,100309,1.005287528038025,1.4767143726348877,,
29,100319,1.1448109149932861,2.046905040740967,,
29,100329,0.750578761100769,0.8383159637451172,,
29,100339,0.7558098435401917,0.8603580594062805,,
29,100349,0.9003239870071411,1.1879314184188843,,
29,100359,0.8346552848815918,1.1734366416931152,,
29,100369,0.6980674266815186,0.7866882085800171,,
29,100379,0.9083588123321533,1.2880960702896118,,
29,100389,0.8127343654632568,1.0811991691589355,,
29,100399,1.0278575420379639,1.75541353225708,,
29,100409,1.0099200010299683,1.866803526878357,,
29,100419,0.8697599172592163,1.1634457111358643,,
29,100429,0.9336338043212891,1.4012874364852905,,
29,100439,0.9575695991516113,1.326658010482788,,
29,100449,0.7720146179199219,0.8580245971679688,,
29,100459,0.809795618057251,0.9726512432098389,,
29,100469,1.128230094909668,2.5266575813293457,,
29,100479,0.7010922431945801,0.8212581872940063,,
29,100489,0.8383524417877197,1.0909920930862427,,
29,100499,0.7886509895324707,0.8587383031845093,,
29,100509,0.7398244142532349,0.9042507410049438,,
29,100519,1.0794463157653809,1.774986743927002,,
29,100529,0.7099044322967529,0.6987866759300232,,
29,100539,0.8961018323898315,1.3585551977157593,,
29,100549,0.853958010673523,1.1662416458129883,,
29,100559,0.8843973875045776,1.1414246559143066,,
29,100569,0.8485158681869507,1.1691712141036987,,
29,100579,0.7546564340591431,0.863654375076294,,
29,100589,0.7779691815376282,0.9265620112419128,,
29,100599,0.8887135982513428,1.154981255531311,,
29,100609,0.8297197818756104,1.1524916887283325,,
29,100619,0.9124706983566284,1.1621949672698975,,
29,100629,0.8871724009513855,1.1177127361297607,,
29,100639,0.981741189956665,1.453665018081665,,
29,100649,0.9842256307601929,1.295889973640442,,
29,100659,0.9572962522506714,1.3122200965881348,,
29,100669,0.7390763759613037,0.9695240259170532,,
29,100679,0.972396194934845,1.3208122253417969,,
29,100689,1.016998291015625,1.6330642700195312,,
29,100699,0.6955744028091431,0.9299296140670776,,
29,100709,0.8460668325424194,1.2249191999435425,,
29,100719,0.9020711183547974,1.2129020690917969,,
29,100729,0.9756982922554016,1.3523396253585815,,
29,100739,0.8046544790267944,1.1586391925811768,,
29,100749,0.6661367416381836,0.6881985664367676,,
29,100759,0.720097541809082,0.7321813106536865,,
29,100769,0.8571510314941406,1.1265144348144531,,
29,100779,1.0485193729400635,1.712157130241394,,
29,100789,0.9324817657470703,1.2248547077178955,,
29,100799,1.0857360363006592,1.8576991558074951,,
29,100809,1.0903806686401367,1.6446484327316284,,
29,100819,0.8530794382095337,1.0442769527435303,,
29,100829,0.9544177651405334,1.3906774520874023,,
29,100839,0.8123449087142944,0.9307132959365845,,
29,100849,0.8468940258026123,1.1225800514221191,,
29,100859,0.920041561126709,1.1391959190368652,,
29,100869,1.0465552806854248,1.71249520778656,,
29,100879,1.0484974384307861,1.665326714515686,,
29,100889,0.8475160598754883,1.2505409717559814,,
29,100899,0.9827542304992676,1.529792070388794,,
29,100909,0.8181129693984985,1.0111477375030518,,
29,100919,0.7761503458023071,0.8789331912994385,,
29,100929,1.016645908355713,1.5941187143325806,,
29,100939,1.0420106649398804,1.734848141670227,,
29,100949,1.0746642351150513,1.637819528579712,,
29,100959,0.9028639793395996,1.1054853200912476,,
29,100969,0.69915771484375,0.732700526714325,,
29,100979,0.8832532167434692,1.2345236539840698,,
29,100989,0.8962202072143555,1.218801736831665,,
29,100999,0.8730225563049316,1.140174150466919,,
29,101009,0.7853668332099915,0.9656668901443481,,
29,101019,0.8846755027770996,1.2179293632507324,,
29,101029,0.9147393703460693,1.1485402584075928,,
29,101039,1.0445255041122437,1.7885663509368896,,
29,101049,0.7016575336456299,0.7746212482452393,,
29,101059,0.9204027652740479,1.1009241342544556,,
29,101069,0.7638344764709473,1.068252682685852,,
29,101079,0.8749169111251831,1.3151038885116577,,
29,101089,0.7285581827163696,0.7729344367980957,,
29,101099,0.8120671510696411,0.9609400629997253,,
29,101109,0.8891205787658691,1.061313509941101,,
29,101119,0.8235486745834351,1.3265445232391357,,
29,101129,0.7967358231544495,0.9939813017845154,,
29,101139,0.8292616605758667,0.9921243190765381,,
29,101149,0.8839889764785767,1.1368603706359863,,
29,101159,0.9109482169151306,1.329535722732544,,
29,101169,0.9534676671028137,1.39023756980896,,
29,101179,0.7800680994987488,0.9196444153785706,,
29,101189,1.021793246269226,1.493369460105896,,
29,101199,0.8256052732467651,1.0834076404571533,,
29,101209,0.7977450489997864,0.9836408495903015,,
29,101219,0.795714259147644,0.9524646997451782,,
29,101229,0.8245903253555298,1.0239732265472412,,
29,101239,0.7814212441444397,0.9878172874450684,,
29,101249,0.8062476515769958,0.9991251826286316,,
29,101259,0.9075908064842224,1.2001979351043701,,
29,101269,0.7278286218643188,1.098912239074707,,
29,101279,0.9766863584518433,1.527619481086731,,
29,101289,0.7500226497650146,0.807247519493103,,
29,101299,1.1160876750946045,1.9001500606536865,,
29,101309,0.8986857533454895,1.5065269470214844,,
29,101319,0.8581953048706055,1.1712443828582764,,
29,101329,0.9412176609039307,1.627368688583374,,
29,101339,0.8719583749771118,1.2296773195266724,,
29,101349,0.9137702584266663,1.456172227859497,,
29,101359,0.8888967037200928,1.0997475385665894,,
29,101369,0.9326950311660767,1.3821772336959839,,
29,101379,0.9241596460342407,1.4754738807678223,,
29,101389,0.8459369540214539,0.9619070291519165,,
29,101399,0.8464534878730774,1.0972161293029785,,
29,101409,0.9107937812805176,1.4129459857940674,,
29,101419,0.6112209558486938,0.6500144004821777,,
29,101429,0.9107270240783691,1.0378440618515015,,
29,101439,0.9604244232177734,1.2514867782592773,,
29,101449,0.9385871887207031,1.3096413612365723,,
29,101459,0.7658087015151978,0.9998931884765625,,
29,101469,0.9065758585929871,1.2609162330627441,,
29,101479,1.0474014282226562,1.6387419700622559,,
29,101489,1.0165959596633911,1.4803657531738281,,
29,101499,1.0430325269699097,1.4923824071884155,,
29,101509,0.723046600818634,0.9368809461593628,,
29,101519,0.7782227396965027,1.0944523811340332,,
29,101529,0.9887474775314331,1.5650126934051514,,
29,101539,0.8932417631149292,1.3627957105636597,,
29,101549,0.9316422939300537,1.8067437410354614,,
29,101559,0.8867629766464233,1.0690429210662842,,
29,101569,0.7277264595031738,0.7407720685005188,,
29,101579,0.8119509816169739,0.9845519065856934,,
29,101589,0.8274309635162354,1.0674231052398682,,
29,101599,1.0065943002700806,1.300966501235962,,
29,101609,1.0493073463439941,1.581589698791504,,
29,101619,0.89814692735672,1.1963448524475098,,
29,101629,0.9179766178131104,1.3830950260162354,,
29,101639,0.9077576398849487,1.0751745700836182,,
29,101649,0.9622691869735718,1.4950796365737915,,
29,101659,1.1764390468597412,1.9554020166397095,,
29,101669,0.9262933135032654,1.4019289016723633,,
29,101679,0.8632960915565491,1.0806244611740112,,
29,101689,0.8568092584609985,1.1680653095245361,,
29,101699,0.8142191171646118,1.0272661447525024,,
29,101709,0.9084775447845459,1.213961124420166,,
29,101719,1.0632885694503784,1.7805039882659912,,
29,101729,0.9217847585678101,1.5280754566192627,,
29,101739,0.9363725185394287,1.296441912651062,,
29,101749,1.0388175249099731,1.8645002841949463,,
29,101759,0.9564981460571289,1.4139244556427002,,
29,101769,0.9710038900375366,1.5616685152053833,,
29,101779,0.8038290739059448,1.093357801437378,,
29,101789,1.2532551288604736,2.8441853523254395,,
29,101799,0.8947134017944336,1.096700668334961,,
29,101809,0.9270054697990417,1.3462913036346436,,
29,101819,0.8439459800720215,1.1337465047836304,,
29,101829,1.0781515836715698,1.7887569665908813,,
29,101839,1.234206199645996,3.233222484588623,,
29,101849,0.9910942912101746,1.8946505784988403,,
29,101859,0.8856844902038574,1.176621437072754,,
29,101869,0.9036622047424316,1.1662216186523438,,
29,101879,0.8834688067436218,1.565730094909668,,
29,101889,0.6947002410888672,0.7939428091049194,,
29,101899,0.9274372458457947,1.4508286714553833,,
29,101909,0.9331111907958984,1.2840981483459473,,
29,101919,1.0763095617294312,1.5412604808807373,,
29,101929,0.8004987239837646,0.9110708236694336,,
29,101939,0.7589196562767029,0.8964782953262329,,
29,101949,0.8678420782089233,1.0588221549987793,,
29,101959,0.9721630215644836,1.261037826538086,,
29,101969,0.8885025382041931,1.274493932723999,,
29,101979,0.8409653306007385,1.2676267623901367,,
29,101989,1.0278915166854858,1.6435470581054688,,
29,101999,0.7690659761428833,0.8724031448364258,,
29,102009,1.0409356355667114,1.4749730825424194,,
29,102019,1.0511564016342163,1.5955371856689453,,
29,102029,0.8248375654220581,0.9789258241653442,,
29,102039,1.0472058057785034,1.513840913772583,,
29,102049,0.7504879832267761,0.9877243041992188,,
29,102059,0.7989861369132996,1.060207486152649,,
29,102069,0.8728882074356079,1.1925883293151855,,
29,102079,0.9024515748023987,1.3678879737854004,,
29,102089,1.0114500522613525,1.3593878746032715,,
29,102099,0.8270885944366455,1.0956931114196777,,
29,102109,0.9223375916481018,1.300421953201294,,
29,102119,1.1726359128952026,2.4411845207214355,,
29,102129,0.5609021782875061,0.5266993045806885,,
29,102139,0.865403413772583,1.163796305656433,,
29,102149,0.83830726146698,1.1034836769104004,,
29,102159,0.8820813298225403,1.199141025543213,,
29,102169,0.7463889718055725,0.9191652536392212,,
29,102179,0.9438958168029785,1.1594451665878296,,
29,102189,0.8140613436698914,0.978249192237854,,
29,102199,1.155008316040039,2.278203248977661,,
29,102209,1.0327850580215454,1.6921515464782715,,
29,102219,0.6740511059761047,0.6847673654556274,,
29,102229,0.7758883833885193,0.9347498416900635,,
29,102239,0.7734414935112,0.9282107353210449,,
29,102249,0.9293525218963623,1.5074374675750732,,
29,102259,0.7697286009788513,1.0035247802734375,,
29,102269,1.016181230545044,1.4568655490875244,,
29,102279,0.9589751362800598,2.037625789642334,,
29,102289,0.8578515648841858,1.1570584774017334,,
29,102299,0.702779233455658,0.7837129235267639,,
29,102309,0.8764040470123291,1.131546974182129,,
29,102319,0.795866847038269,1.0160871744155884,,
29,102329,0.9934455156326294,1.5446112155914307,,
29,102339,0.8091254234313965,1.0808727741241455,,
29,102349,0.8637339472770691,1.2954634428024292,,
29,102359,0.7797672152519226,1.0289714336395264,,
29,102369,0.8137410283088684,0.9957267045974731,,
29,102379,1.0990993976593018,1.677687644958496,,
29,102389,0.8314812779426575,1.1480703353881836,,
29,102399,0.8431998491287231,1.0271035432815552,,
29,102409,1.0668182373046875,1.6439931392669678,,
29,102419,1.0142236948013306,1.6678595542907715,,
29,102429,0.9111247658729553,1.2915462255477905,,
29,102439,0.9763156175613403,1.3625621795654297,,
29,102449,0.8586958646774292,1.3017209768295288,,
29,102459,0.9101095199584961,1.4527804851531982,,
29,102469,0.8010799884796143,1.1673550605773926,,
29,102479,0.9445072412490845,1.2782937288284302,,
29,102489,0.7970709800720215,1.0349699258804321,,
29,102499,0.8510573506355286,0.9740425944328308,,
29,102509,0.9748638868331909,1.3608884811401367,,
29,102519,0.8180848360061646,0.9211087226867676,,
29,102529,0.6379249691963196,0.6853392124176025,,
29,102539,0.8486651182174683,1.172385573387146,,
29,102549,0.9568026065826416,1.475577473640442,,
29,102559,0.8187367916107178,0.9650775194168091,,
29,102569,0.8897023797035217,1.1964696645736694,,
29,102579,0.918787956237793,1.392586588859558,,
29,102589,0.9136277437210083,1.1476187705993652,,
29,102599,0.9286515712738037,1.273744821548462,,
29,102609,0.8518764972686768,1.3482792377471924,,
29,102619,0.7254031896591187,0.8355381488800049,,
29,102629,0.8256984949111938,1.221614956855774,,
29,102639,0.7046738862991333,1.0589900016784668,,
29,102649,1.1024577617645264,1.9878572225570679,,
29,102659,0.9432042241096497,1.2723097801208496,,
29,102669,0.7563064098358154,0.9139242172241211,,
29,102679,1.1643308401107788,2.3895726203918457,,
29,102689,0.8694404363632202,1.2179077863693237,,
29,102699,0.9205435514450073,1.420497179031372,,
29,102709,0.7712527513504028,0.866628110408783,,
29,102719,0.8240230679512024,1.1829798221588135,,
29,102729,0.6541774868965149,0.7453523874282837,,
29,102739,0.8504689931869507,1.3521496057510376,,
29,102749,1.2183001041412354,2.6668848991394043,,
29,102759,0.7324655055999756,0.8994786739349365,,
29,102769,0.8828725814819336,1.2527614831924438,,
29,102779,0.9412245154380798,1.336442232131958,,
29,102789,0.6808959245681763,0.670475959777832,,
29,102799,0.8980395197868347,1.1314369440078735,,
29,102809,0.7640426754951477,1.048504114151001,,
29,102819,0.8344672918319702,1.021742820739746,,
29,102829,0.8985724449157715,1.3460444211959839,,
29,102839,0.7000084519386292,0.8022902011871338,,
29,102849,1.0293948650360107,1.7035452127456665,,
29,102859,0.8073320984840393,0.9388363361358643,,
29,102869,1.0236583948135376,1.5490972995758057,,
29,102879,1.0127534866333008,1.502099871635437,,
29,102889,0.720986008644104,0.7423911094665527,,
29,102899,0.7791345715522766,0.9480018615722656,,
29,102909,0.8760712146759033,1.3305953741073608,,
29,102919,1.0228140354156494,1.4590392112731934,,
29,102929,1.0070509910583496,1.5907294750213623,,
29,102939,0.6745272874832153,0.8397239446640015,,
29,102949,0.9069762229919434,1.3737798929214478,,
29,102959,0.8143144845962524,0.9151649475097656,,
29,102969,0.803805947303772,1.0225508213043213,,
29,102979,1.0122907161712646,1.7464160919189453,,
29,102989,0.9397997856140137,1.6975032091140747,,
29,102999,1.1688162088394165,1.9414345026016235,,
29,103009,0.9335091710090637,1.54837167263031,,
29,103019,0.8862408399581909,1.0890543460845947,,
29,103029,0.8879815340042114,1.3491668701171875,,
29,103039,0.8335936069488525,1.1641013622283936,,
29,103049,0.991413414478302,1.5111820697784424,,
29,103059,0.7051867246627808,0.8274274468421936,,
29,103069,0.9280816316604614,1.284050703048706,,
29,103079,0.8525812029838562,1.1908519268035889,,
29,103089,0.8303424119949341,1.2065465450286865,,
29,103099,0.9863802194595337,1.5606651306152344,,
29,103109,0.852939248085022,1.1232542991638184,,
29,103119,0.8759493827819824,1.219944953918457,,
29,103129,0.8009533882141113,1.108412742614746,,
29,103139,0.6451373100280762,0.6734647750854492,,
29,103139,,,0.9104318618774414,1.3227112293243408
30,103149,0.835362434387207,1.031552791595459,,
30,103159,0.9397773146629333,1.2630283832550049,,
30,103169,0.7135627269744873,0.775609016418457,,
30,103179,0.908440351486206,1.2226614952087402,,
30,103189,1.118422269821167,2.1532044410705566,,
30,103199,0.795080840587616,0.9543617367744446,,
30,103209,0.9580804705619812,1.471982717514038,,
30,103219,0.8094741106033325,0.9608057141304016,,
30,103229,0.8814707398414612,1.1878019571304321,,
30,103239,0.8340377807617188,1.0632375478744507,,
30,103249,0.9573579430580139,1.2299227714538574,,
30,103259,0.6295303106307983,0.5474368929862976,,
30,103269,0.7873483300209045,1.0908855199813843,,
30,103279,0.8446828126907349,1.1527296304702759,,
30,103289,0.7270306944847107,0.8840476274490356,,
30,103299,0.6990921497344971,1.0074635744094849,,
30,103309,0.9430930614471436,1.3492881059646606,,
30,103319,0.8804367780685425,1.109929084777832,,
30,103329,0.8208914399147034,0.9732288122177124,,
30,103339,0.6697282195091248,0.6034334897994995,,
30,103349,0.8293277025222778,1.046547770500183,,
30,103359,0.9398216009140015,1.2105300426483154,,
30,103369,0.8400039672851562,1.0424480438232422,,
30,103379,1.0087287425994873,1.4376641511917114,,
30,103389,0.5919167995452881,0.555844783782959,,
30,103399,0.9514956474304199,1.2457610368728638,,
30,103409,0.9063776135444641,1.3528228998184204,,
30,103419,0.7176451683044434,0.7350062131881714,,
30,103429,1.0379241704940796,1.3973820209503174,,
30,103439,0.861815333366394,1.0816951990127563,,
30,103449,0.875920295715332,1.2202643156051636,,
30,103459,0.9456771016120911,1.2527650594711304,,
30,103469,0.8926612138748169,1.2184479236602783,,
30,103479,0.938611626625061,1.4012503623962402,,
30,103489,0.8927357196807861,1.4282370805740356,,
30,103499,1.0231330394744873,1.7756294012069702,,
30,103509,1.51377272605896,9.027475357055664,,
30,103519,0.9297305345535278,1.1785717010498047,,
30,103529,0.744360089302063,0.9867619872093201,,
30,103539,0.9912914633750916,1.8412939310073853,,
30,103549,0.829957127571106,1.1031110286712646,,
30,103559,0.8816851377487183,1.2764768600463867,,
30,103569,0.7843782305717468,1.0081875324249268,,
30,103579,0.8552007675170898,1.0868196487426758,,
30,103589,0.9329156279563904,1.4208064079284668,,
30,103599,0.8147274255752563,1.1230131387710571,,
30,103609,0.8941354155540466,1.2477641105651855,,
30,103619,0.9346743822097778,1.2897250652313232,,
30,103629,0.7047245502471924,0.7822971940040588,,
30,103639,0.8654477596282959,0.9944669008255005,,
30,103649,0.9447512626647949,1.4325177669525146,,
30,103659,0.901711642742157,1.1566998958587646,,
30,103669,0.9898532629013062,1.4008972644805908,,
30,103679,0.8632670640945435,1.1343404054641724,,
30,103689,0.885040819644928,1.1582069396972656,,
30,103699,1.0596802234649658,1.7208658456802368,,
30,103709,0.7701246738433838,0.9693925380706787,,
30,103719,0.7983480095863342,0.9729154706001282,,
30,103729,0.9315629005432129,1.2564095258712769,,
30,103739,1.0765094757080078,1.6264498233795166,,
30,103749,1.0040446519851685,2.1694188117980957,,
30,103759,1.046269178390503,1.5048644542694092,,
30,103769,0.9514501094818115,1.2900011539459229,,
30,103779,0.73252272605896,0.7652304172515869,,
30,103789,1.0384070873260498,1.6364611387252808,,
30,103799,0.8874458074569702,1.1801447868347168,,
30,103809,0.9320366382598877,1.2564706802368164,,
30,103819,0.7775896787643433,1.0720610618591309,,
30,103829,0.8861366510391235,1.3710154294967651,,
30,103839,0.9801009893417358,1.4640350341796875,,
30,103849,1.09855318069458,1.8373656272888184,,
30,103859,0.7891592383384705,0.8865801095962524,,
30,103869,1.210582971572876,1.931870937347412,,
30,103879,0.7585349082946777,0.9095360636711121,,
30,103889,0.9246651530265808,1.1580429077148438,,
30,103899,0.9745861887931824,1.426440954208374,,
30,103909,1.1444785594940186,1.766775369644165,,
30,103919,0.9221105575561523,1.4609477519989014,,
30,103929,0.9902422428131104,1.6028904914855957,,
30,103939,0.7922582626342773,0.9107791185379028,,
30,103949,1.1496555805206299,2.145927906036377,,
30,103959,0.9449540376663208,1.4979832172393799,,
30,103969,0.761552631855011,1.0793941020965576,,
30,103979,0.9664769172668457,1.4424846172332764,,
30,103989,1.0126171112060547,1.6991958618164062,,
30,103999,0.9339984059333801,1.2895374298095703,,
30,104009,1.1392332315444946,1.8604958057403564,,
30,104019,0.7929667234420776,0.9668525457382202,,
30,104029,0.8985049724578857,1.8049745559692383,,
30,104039,0.7945932149887085,0.9212898015975952,,
30,104049,0.8909632563591003,1.2531166076660156,,
30,104059,0.949310302734375,1.4721457958221436,,
30,104069,0.7544786930084229,0.9102200269699097,,
30,104079,0.8897758722305298,1.2006422281265259,,
30,104089,0.988830029964447,1.4275084733963013,,
30,104099,0.8020051717758179,0.9153761863708496,,
30,104109,0.9888050556182861,1.3630369901657104,,
30,104119,1.0018038749694824,1.6284494400024414,,
30,104129,0.8339258432388306,0.9548946022987366,,
30,104139,1.0796183347702026,1.710706114768982,,
30,104149,0.7789536118507385,0.8487135767936707,,
30,104159,0.8448936343193054,0.9885571002960205,,
30,104169,0.8141295909881592,1.0907597541809082,,
30,104179,0.7878151535987854,0.9658200144767761,,
30,104189,0.905992329120636,1.2304948568344116,,
30,104199,0.9187146425247192,1.1543693542480469,,
30,104209,0.7698459625244141,1.0147373676300049,,
30,104219,0.8999656438827515,1.2363455295562744,,
30,104229,0.7077537775039673,0.8222808837890625,,
30,104239,0.8506205677986145,1.0544211864471436,,
30,104249,0.946648120880127,1.444899559020996,,
30,104259,0.9499338865280151,1.2946420907974243,,
30,104269,0.9097815752029419,1.2796287536621094,,
30,104279,0.984636664390564,1.9521963596343994,,
30,104289,0.8750849962234497,1.1311888694763184,,
30,104299,0.9790681600570679,1.5240446329116821,,
30,104309,0.6796238422393799,0.7474621534347534,,
30,104319,0.8893544673919678,1.1153026819229126,,
30,104329,1.0798311233520508,1.6388261318206787,,
30,104339,1.2010191679000854,2.1745235919952393,,
30,104349,1.0634796619415283,1.5275485515594482,,
30,104359,0.7051295638084412,0.7487419843673706,,
30,104369,0.9332624077796936,1.4422268867492676,,
30,104379,0.7962822318077087,1.1861220598220825,,
30,104389,0.9776443243026733,1.4666025638580322,,
30,104399,0.8010050058364868,0.988030731678009,,
30,104409,1.0116045475006104,1.8314425945281982,,
30,104419,0.8657545447349548,1.0621814727783203,,
30,104429,0.8481414318084717,1.0681257247924805,,
30,104439,0.7847412824630737,0.8846673965454102,,
30,104449,0.9085346460342407,1.3133906126022339,,
30,104459,0.9742973446846008,1.378243088722229,,
30,104469,1.1491705179214478,2.0615310668945312,,
30,104479,1.0256885290145874,1.5565485954284668,,
30,104489,0.9197382926940918,1.30289888381958,,
30,104499,0.934255838394165,1.7593536376953125,,
30,104509,0.9619137644767761,1.2982642650604248,,
30,104519,0.9088141322135925,1.1610254049301147,,
30,104529,0.9866679906845093,1.36594557762146,,
30,104539,0.9059717655181885,1.1601697206497192,,
30,104549,0.74727863073349,0.9391978979110718,,
30,104559,0.7661095857620239,1.0552492141723633,,
30,104569,0.9285283088684082,2.5399703979492188,,
30,104579,0.8609833717346191,1.2353661060333252,,
30,104589,0.9043468832969666,1.2025249004364014,,
30,104599,1.0141860246658325,1.8182740211486816,,
30,104609,0.7940801382064819,1.1767139434814453,,
30,104619,0.8058109283447266,1.0330888032913208,,
30,104629,0.8944198489189148,1.4503253698349,,
30,104639,1.0490015745162964,1.5960934162139893,,
30,104649,1.004967212677002,1.581242322921753,,
30,104659,1.0042121410369873,1.3887507915496826,,
30,104669,1.0675185918807983,2.1341936588287354,,
30,104679,0.9850741624832153,1.5124049186706543,,
30,104689,0.8533243536949158,1.1103577613830566,,
30,104699,0.8979989886283875,1.229304313659668,,
30,104709,0.9315603375434875,1.3290575742721558,,
30,104719,1.0359339714050293,1.9388117790222168,,
30,104729,0.7383600473403931,0.8307991027832031,,
30,104739,0.8457947969436646,1.0598304271697998,,
30,104749,0.8524267673492432,1.2207798957824707,,
30,104759,0.991927981376648,1.464111328125,,
30,104769,1.0207717418670654,1.6421020030975342,,
30,104779,0.8264892101287842,1.037292242050171,,
30,104789,0.9113504886627197,1.3279609680175781,,
30,104799,0.9865487813949585,1.3502914905548096,,
30,104809,0.9677767753601074,1.5582935810089111,,
30,104819,0.9905747771263123,1.339705228805542,,
30,104829,0.8163474798202515,0.9595925807952881,,
30,104839,1.0042439699172974,1.5949194431304932,,
30,104849,0.9312489628791809,1.1664457321166992,,
30,104859,0.9815599918365479,1.4272847175598145,,
30,104869,1.1257749795913696,2.0900516510009766,,
30,104879,0.8328728079795837,1.1378744840621948,,
30,104889,0.6575002670288086,0.6856833100318909,,
30,104899,0.8284018039703369,1.1719093322753906,,
30,104909,1.0549269914627075,1.702445149421692,,
30,104919,0.941689133644104,1.4747371673583984,,
30,104929,1.029222011566162,1.5629305839538574,,
30,104939,0.8550645112991333,1.040480613708496,,
30,104949,0.9344742298126221,1.313319444656372,,
30,104959,1.1440815925598145,2.437326192855835,,
30,104969,0.6897518634796143,0.7693280577659607,,
30,104979,0.999814510345459,1.6523195505142212,,
30,104989,0.816718339920044,0.941206693649292,,
30,104999,0.9064075946807861,1.2561628818511963,,
30,105009,1.072974681854248,1.7727172374725342,,
30,105019,0.9735238552093506,1.340661644935608,,
30,105029,0.972794234752655,1.5663809776306152,,
30,105039,0.8649433851242065,1.129774570465088,,
30,105049,0.8017297983169556,1.1697925329208374,,
30,105059,0.9894271492958069,1.5744681358337402,,
30,105069,1.0089693069458008,1.449724793434143,,
30,105079,0.7163428068161011,0.8808549642562866,,
30,105089,0.840350866317749,0.9162566661834717,,
30,105099,0.9806513786315918,1.543367624282837,,
30,105109,0.9219716787338257,1.2278766632080078,,
30,105119,0.7581483125686646,0.8755393624305725,,
30,105129,0.8228789567947388,0.9650027751922607,,
30,105139,0.7267758846282959,0.7908616065979004,,
30,105149,0.7588053941726685,0.8649952411651611,,
30,105159,0.9018094539642334,1.175095558166504,,
30,105169,0.6910079717636108,0.7453739047050476,,
30,105179,0.9081858992576599,1.1701706647872925,,
30,105189,0.8175697326660156,1.1188006401062012,,
30,105199,1.0866587162017822,1.9181394577026367,,
30,105209,1.2605690956115723,2.4085099697113037,,
30,105219,0.7024564743041992,0.8151113986968994,,
30,105229,0.8766458034515381,1.1213536262512207,,
30,105239,0.9598817229270935,1.3390390872955322,,
30,105249,0.9781331419944763,1.6282813549041748,,
30,105259,0.9571882486343384,1.4115991592407227,,
30,105269,0.9003953337669373,1.2106672525405884,,
30,105279,1.023228406906128,1.4678030014038086,,
30,105289,0.6110363006591797,0.6425663828849792,,
30,105299,1.0706422328948975,1.8099513053894043,,
30,105309,0.9224116206169128,1.3221180438995361,,
30,105319,0.9767560362815857,1.4437196254730225,,
30,105329,0.8841232657432556,1.1492986679077148,,
30,105339,0.907069742679596,1.3461252450942993,,
30,105349,1.116163969039917,1.9249136447906494,,
30,105359,1.0539201498031616,1.5999804735183716,,
30,105369,0.9873181581497192,1.514702558517456,,
30,105379,1.2004287242889404,2.2028069496154785,,
30,105389,0.9183696508407593,1.3663954734802246,,
30,105399,0.9449011087417603,1.2928606271743774,,
30,105409,1.1444776058197021,2.128744125366211,,
30,105419,0.8710116147994995,1.0815577507019043,,
30,105429,0.8945294618606567,1.260827898979187,,
30,105439,1.150858759880066,1.7743122577667236,,
30,105449,0.9150885343551636,1.2701349258422852,,
30,105459,0.9933711290359497,1.6537461280822754,,
30,105469,0.86335289478302,1.2834056615829468,,
30,105479,0.9110699892044067,1.0850954055786133,,
30,105489,0.8239521980285645,0.9089141488075256,,
30,105499,0.9568121433258057,1.52598237991333,,
30,105509,0.97251957654953,1.3532040119171143,,
30,105519,0.7591691017150879,0.8821982145309448,,
30,105529,0.7320621013641357,0.7777204513549805,,
30,105539,0.9184449911117554,1.3533424139022827,,
30,105549,0.8523634672164917,1.118072748184204,,
30,105559,0.7772963047027588,0.956042468547821,,
30,105569,0.8155852556228638,1.1427910327911377,,
30,105579,0.9138987064361572,1.4154365062713623,,
30,105589,0.7226144075393677,0.6984728574752808,,
30,105599,0.7834363579750061,0.9645035862922668,,
30,105609,1.0563448667526245,1.9579271078109741,,
30,105619,1.019349217414856,1.461531639099121,,
30,105629,0.7341793775558472,0.8774855732917786,,
30,105639,0.8793632984161377,1.2219561338424683,,
30,105649,1.0317916870117188,1.7403768301010132,,
30,105659,1.143517255783081,1.8645102977752686,,
30,105669,1.1327240467071533,1.638289213180542,,
30,105679,0.7888031005859375,1.0289174318313599,,
30,105689,0.8723902702331543,1.338989496231079,,
30,105699,1.0843048095703125,1.5319677591323853,,
30,105709,0.9140693545341492,1.287675380706787,,
30,105719,0.8016612529754639,0.9275411367416382,,
30,105729,0.9326032996177673,1.320054054260254,,
30,105739,0.8517036437988281,1.0799771547317505,,
30,105749,0.8715417385101318,1.1799790859222412,,
30,105759,0.908725380897522,1.3488953113555908,,
30,105769,0.8588702082633972,1.2152268886566162,,
30,105779,1.0658693313598633,1.6950299739837646,,
30,105789,1.0391433238983154,1.678073525428772,,
30,105799,0.7562276721000671,1.0522898435592651,,
30,105809,0.9403029680252075,1.4374079704284668,,
30,105819,1.1136221885681152,2.1373064517974854,,
30,105829,0.8646979331970215,1.2186810970306396,,
30,105839,0.9466947913169861,1.3408985137939453,,
30,105849,0.8520255088806152,1.107672929763794,,
30,105859,1.050276517868042,1.6751177310943604,,
30,105869,1.038307785987854,1.5645642280578613,,
30,105879,1.019294261932373,1.5935066938400269,,
30,105889,0.9404062032699585,1.4538755416870117,,
30,105899,0.692349374294281,0.7355238199234009,,
30,105909,0.9706467986106873,1.3768689632415771,,
30,105919,0.705385684967041,0.6889858245849609,,
30,105929,0.7551686763763428,0.9063819646835327,,
30,105939,1.0834629535675049,1.667052984237671,,
30,105949,0.7118085622787476,0.7636282444000244,,
30,105959,1.077746033668518,1.586414098739624,,
30,105969,0.6972728967666626,0.8170343637466431,,
30,105979,0.9001083970069885,1.4343006610870361,,
30,105989,0.8649042844772339,1.1143524646759033,,
30,105999,0.5583497285842896,0.5343281030654907,,
30,106009,0.8368676900863647,1.5071840286254883,,
30,106019,0.7782579660415649,0.8742519617080688,,
30,106029,0.9747439622879028,1.531063437461853,,
30,106039,1.2092058658599854,1.9342230558395386,,
30,106049,0.8513777256011963,1.2046313285827637,,
30,106059,1.0466456413269043,1.5925077199935913,,
30,106069,0.9474654197692871,1.5155856609344482,,
30,106079,0.6398538947105408,0.6067017316818237,,
30,106089,1.0387663841247559,1.5574396848678589,,
30,106099,0.7329760789871216,0.7825416326522827,,
30,106109,0.7113537788391113,0.7492473721504211,,
30,106119,0.9732242822647095,1.4430780410766602,,
30,106129,1.1639623641967773,3.2627487182617188,,
30,106139,1.1167407035827637,1.6612069606781006,,
30,106149,0.757651150226593,0.8713477849960327,,
30,106159,1.21182119846344,2.286280870437622,,
30,106169,0.9893982410430908,1.601397156715393,,
30,106179,0.8253327012062073,1.018320918083191,,
30,106189,0.895067572593689,1.3422482013702393,,
30,106199,0.9264611601829529,1.2216414213180542,,
30,106209,0.8870875835418701,1.3153185844421387,,
30,106219,0.9639431238174438,1.309518575668335,,
30,106229,0.6595585346221924,0.7967027425765991,,
30,106239,0.822338342666626,1.1399035453796387,,
30,106249,0.8568019866943359,1.4589958190917969,,
30,106259,1.0268166065216064,1.7578117847442627,,
30,106269,0.9777426719665527,1.4165544509887695,,
30,106279,0.9075862765312195,1.3389042615890503,,
30,106289,0.9264007210731506,1.3348615169525146,,
30,106299,0.9099496603012085,1.1182737350463867,,
30,106309,0.9836367964744568,1.366120457649231,,
30,106319,0.7455601692199707,1.0517566204071045,,
30,106329,1.0023653507232666,1.5720173120498657,,
30,106339,0.7301774621009827,0.9308604001998901,,
30,106349,0.78482985496521,0.9117202162742615,,
30,106359,0.9978593587875366,1.6918655633926392,,
30,106369,0.8163199424743652,0.9634500741958618,,
30,106379,1.082514762878418,1.8333771228790283,,
30,106389,0.8645651340484619,1.0218591690063477,,
30,106399,0.803026020526886,1.0302269458770752,,
30,106409,0.8788115382194519,1.0942349433898926,,
30,106419,0.9742693305015564,1.5600202083587646,,
30,106429,1.185563564300537,2.827460527420044,,
30,106439,0.7002325057983398,0.7412813305854797,,
30,106449,0.8941826224327087,1.135090708732605,,
30,106459,0.8224908113479614,1.093342661857605,,
30,106469,0.8980972766876221,1.2663829326629639,,
30,106479,0.7980395555496216,1.0244520902633667,,
30,106489,0.7009639143943787,1.0131921768188477,,
30,106499,1.0975711345672607,1.9983465671539307,,
30,106509,0.8452014923095703,1.04231858253479,,
30,106519,0.8110799789428711,0.9565407037734985,,
30,106529,1.009552240371704,1.33278489112854,,
30,106539,0.8503520488739014,1.0880868434906006,,
30,106549,0.8037805557250977,0.88025963306427,,
30,106559,0.7920606136322021,0.9686155319213867,,
30,106569,0.8236254453659058,1.3728092908859253,,
30,106577,,,0.9100452065467834,1.3225339651107788
31,106579,0.9087322354316711,1.4134511947631836,,
31,106589,0.7967747449874878,1.1794685125350952,,
31,106599,0.9227050542831421,1.1939606666564941,,
31,106609,1.0334904193878174,1.7094464302062988,,
31,106619,0.9807757139205933,1.1837551593780518,,
31,106629,1.0158151388168335,1.772790551185608,,
31,106639,1.0123133659362793,1.7003002166748047,,
31,106649,0.9068355560302734,1.402675747871399,,
31,106659,1.0494192838668823,1.628830075263977,,
31,106669,1.0758278369903564,1.616026520729065,,
31,106679,1.0019431114196777,1.5350080728530884,,
31,106689,0.9401092529296875,1.279184341430664,,
31,106699,0.7949722409248352,1.1423702239990234,,
31,106709,0.7659686803817749,0.9327520728111267,,
31,106719,0.6915110945701599,0.6983652114868164,,
31,106729,0.7448263764381409,0.8635875582695007,,
31,106739,0.8837365508079529,1.1570467948913574,,
31,106749,0.8856633901596069,1.2852885723114014,,
31,106759,0.8182045221328735,0.9988687634468079,,
31,106769,0.8435174226760864,1.0159850120544434,,
31,106779,1.0022900104522705,1.503754734992981,,
31,106789,0.9115777611732483,1.3204259872436523,,
31,106799,0.7109451293945312,0.9181725382804871,,
31,106809,0.8257516622543335,1.1856764554977417,,
31,106819,1.1415419578552246,1.7125377655029297,,
31,106829,0.8154021501541138,0.9582302570343018,,
31,106839,0.8652505278587341,1.243567943572998,,
31,106849,0.9439579248428345,1.3654370307922363,,
31,106859,0.8207474946975708,1.0514824390411377,,
31,106869,0.9815288782119751,1.4015812873840332,,
31,106879,0.9624189138412476,1.3399889469146729,,
31,106889,1.0486483573913574,1.7821251153945923,,
31,106899,0.698107123374939,0.8436976075172424,,
31,106909,0.9238840341567993,1.2720386981964111,,
31,106919,1.0957401990890503,1.7921946048736572,,
31,106929,0.9583315849304199,1.4550998210906982,,
31,106939,0.8218867182731628,1.3541454076766968,,
31,106949,0.731846809387207,0.9703415632247925,,
31,106959,1.0273313522338867,1.6094167232513428,,
31,106969,1.002751350402832,1.3392751216888428,,
31,106979,0.9012384414672852,1.351461410522461,,
31,106989,0.9391850233078003,1.2584108114242554,,
31,106999,1.0175094604492188,1.519266128540039,,
31,107009,1.0677447319030762,1.727729082107544,,
31,107019,0.9090084433555603,1.365204095840454,,
31,107029,0.8092501163482666,1.1005669832229614,,
31,107039,0.7153528332710266,0.8741738796234131,,
31,107049,0.9987130761146545,1.4954006671905518,,
31,107059,0.7865194082260132,0.9370633363723755,,
31,107069,0.6525430083274841,0.7629429697990417,,
31,107079,1.0160170793533325,2.0128560066223145,,
31,107089,0.7889629602432251,0.8660142421722412,,
31,107099,0.96962970495224,1.3488523960113525,,
31,107109,0.8686550855636597,1.3235063552856445,,
31,107119,0.6782349944114685,0.7518042325973511,,
31,107129,1.034494400024414,1.676213026046753,,
31,107139,1.052285075187683,1.6472209692001343,,
31,107149,0.8878815174102783,1.1083648204803467,,
31,107159,0.8249789476394653,1.4196362495422363,,
31,107169,1.0070791244506836,1.429248571395874,,
31,107179,0.8503352403640747,1.2998363971710205,,
31,107189,0.9319851398468018,1.5548732280731201,,
31,107199,0.9224773049354553,1.319078803062439,,
31,107209,1.0898737907409668,1.749098539352417,,
31,107219,0.953416109085083,1.263929843902588,,
31,107229,1.2744609117507935,2.606715202331543,,
31,107239,0.7517726421356201,0.9275715351104736,,
31,107249,0.9416787624359131,1.8346664905548096,,
31,107259,0.9532952308654785,1.3162095546722412,,
31,107269,1.1229639053344727,1.8674495220184326,,
31,107279,0.8024012446403503,0.8920178413391113,,
31,107289,0.8609285354614258,0.9558377861976624,,
31,107299,0.9403400421142578,1.4097728729248047,,
31,107309,1.0651131868362427,1.896736741065979,,
31,107319,0.9246466159820557,1.2373509407043457,,
31,107329,0.9817496538162231,1.641247272491455,,
31,107339,0.6266295909881592,0.6867191791534424,,
31,107349,1.0671299695968628,1.9309488534927368,,
31,107359,0.8886515498161316,1.2670400142669678,,
31,107369,0.9824917912483215,1.5902520418167114,,
31,107379,0.8827425241470337,1.0846525430679321,,
31,107389,0.9926784038543701,1.4836056232452393,,
31,107399,1.1194112300872803,1.8788577318191528,,
31,107409,0.9929758906364441,1.485581398010254,,
31,107419,0.8356103897094727,0.9886717796325684,,
31,107429,0.696143388748169,0.7107499837875366,,
31,107439,0.9731269478797913,1.4719069004058838,,
31,107449,0.7467200756072998,0.9759829044342041,,
31,107459,0.8673721551895142,1.1776535511016846,,
31,107469,0.9243577718734741,1.4225002527236938,,
31,107479,1.0365054607391357,2.3019516468048096,,
31,107489,0.8851474523544312,1.0446648597717285,,
31,107499,0.7154087424278259,0.831438422203064,,
31,107509,0.8596341609954834,1.1646933555603027,,
31,107519,0.8604106903076172,1.0239624977111816,,
31,107529,0.8554973602294922,1.0122801065444946,,
31,107539,0.888155996799469,1.2498055696487427,,
31,107549,0.8458256721496582,1.190539002418518,,
31,107559,0.9066200852394104,1.1903750896453857,,
31,107569,0.8107566237449646,0.8825184106826782,,
31,107579,0.7850715517997742,1.1900279521942139,,
31,107589,0.9117730855941772,1.2393913269042969,,
31,107599,1.0462371110916138,1.8157254457473755,,
31,107609,0.662994921207428,0.8234714269638062,,
31,107619,0.9214479327201843,1.4784576892852783,,
31,107629,0.8774235248565674,1.2561651468276978,,
31,107639,0.7550634145736694,0.8321547508239746,,
31,107649,0.946593165397644,1.2281352281570435,,
31,107659,0.9260711669921875,1.2326936721801758,,
31,107669,0.8658525943756104,1.078473687171936,,
31,107679,0.6614982485771179,0.7016450762748718,,
31,107689,0.8969783186912537,1.3385621309280396,,
31,107699,1.193892240524292,2.865196704864502,,
31,107709,0.8813406229019165,1.1653683185577393,,
31,107719,0.8135910034179688,1.0941753387451172,,
31,107729,0.8766888380050659,1.0874061584472656,,
31,107739,0.8776556253433228,1.2224249839782715,,
31,107749,0.8648208379745483,1.3426344394683838,,
31,107759,0.8423811197280884,1.2379229068756104,,
31,107769,0.9606127142906189,1.339672327041626,,
31,107779,0.9700203537940979,1.57270085811615,,
31,107789,0.9288827776908875,1.1754522323608398,,
31,107799,0.9775968194007874,1.364386796951294,,
31,107809,0.8926079273223877,2.3844826221466064,,
31,107819,0.9455563426017761,1.3865848779678345,,
31,107829,1.0342618227005005,1.7566964626312256,,
31,107839,0.8007379174232483,0.9029374122619629,,
31,107849,0.8959730863571167,1.3897078037261963,,
31,107859,0.9192802309989929,1.2967703342437744,,
31,107869,0.8968557119369507,1.079298973083496,,
31,107879,0.820438027381897,0.9152458906173706,,
31,107889,0.8147948980331421,1.0096772909164429,,
31,107899,0.8171929121017456,1.0336962938308716,,
31,107909,0.8962806463241577,1.3657273054122925,,
31,107919,0.9012165069580078,1.4409122467041016,,
31,107929,0.9409413933753967,1.4795780181884766,,
31,107939,1.0997198820114136,1.7718961238861084,,
31,107949,0.7803969383239746,1.0790520906448364,,
31,107959,0.8602809309959412,1.1652287244796753,,
31,107969,0.7790044546127319,0.8953694105148315,,
31,107979,0.7774209976196289,0.9351197481155396,,
31,107989,1.0002394914627075,1.4407031536102295,,
31,107999,1.037904977798462,1.7218159437179565,,
31,108009,0.7632129788398743,0.9866564273834229,,
31,108019,0.9351518154144287,1.3225311040878296,,
31,108029,0.8065171837806702,0.9873126149177551,,
31,108039,0.7872894406318665,0.9420130252838135,,
31,108049,0.9295165538787842,1.239788293838501,,
31,108059,0.8736793994903564,1.1915230751037598,,
31,108069,0.7529559135437012,0.9157533645629883,,
31,108079,0.8745988011360168,1.3742706775665283,,
31,108089,1.1589155197143555,1.9784198999404907,,
31,108099,1.1197656393051147,1.8888682126998901,,
31,108109,0.9005520939826965,1.3373841047286987,,
31,108119,0.8739875555038452,1.0939321517944336,,
31,108129,1.0071218013763428,1.6062402725219727,,
31,108139,1.0524637699127197,1.779653787612915,,
31,108149,1.1077139377593994,1.8542132377624512,,
31,108159,0.6970857381820679,0.7382867336273193,,
31,108169,0.7716783881187439,0.8692052960395813,,
31,108179,0.8820939064025879,1.1743382215499878,,
31,108189,1.0758628845214844,1.6621253490447998,,
31,108199,0.7845295667648315,0.8261147737503052,,
31,108209,0.7325159311294556,1.0490078926086426,,
31,108219,0.8895378708839417,1.3787856101989746,,
31,108229,0.8619529008865356,1.2943172454833984,,
31,108239,0.7828660011291504,0.9985435009002686,,
31,108249,1.0539873838424683,1.6991050243377686,,
31,108259,1.0066096782684326,1.4982153177261353,,
31,108269,0.822080135345459,1.2154276371002197,,
31,108279,1.0254679918289185,1.6023306846618652,,
31,108289,0.8671529293060303,1.2492860555648804,,
31,108299,0.895337700843811,1.2645262479782104,,
31,108309,0.9468616247177124,1.234025239944458,,
31,108319,1.05611252784729,1.7380216121673584,,
31,108329,1.0456422567367554,1.9647557735443115,,
31,108339,0.6726551651954651,0.6556515693664551,,
31,108349,0.9759141802787781,1.4482524394989014,,
31,108359,0.932209849357605,1.2693318128585815,,
31,108369,0.9601696729660034,1.3091650009155273,,
31,108379,0.9590336680412292,1.5578886270523071,,
31,108389,0.9637004733085632,1.5473226308822632,,
31,108399,1.1430628299713135,2.785759925842285,,
31,108409,0.9714785814285278,1.311477780342102,,
31,108419,0.8377107977867126,1.233300805091858,,
31,108429,1.0992873907089233,1.7896736860275269,,
31,108439,0.9148611426353455,1.1906425952911377,,
31,108449,0.8023592233657837,1.1999047994613647,,
31,108459,0.9243747591972351,1.4574729204177856,,
31,108469,0.9346755146980286,1.3123424053192139,,
31,108479,1.1901845932006836,2.63315486907959,,
31,108489,0.9627131223678589,1.5582077503204346,,
31,108499,1.0234873294830322,1.5982508659362793,,
31,108509,1.148371696472168,1.8869013786315918,,
31,108519,0.7755276560783386,1.0496368408203125,,
31,108529,1.0374364852905273,1.8004975318908691,,
31,108539,0.7150144577026367,0.8046871423721313,,
31,108549,1.1239590644836426,1.8758251667022705,,
31,108559,0.6919869184494019,0.8313740491867065,,
31,108569,0.8070330023765564,1.0074725151062012,,
31,108579,0.9282883405685425,1.4888098239898682,,
31,108589,0.8686937689781189,1.0308833122253418,,
31,108599,0.8839741349220276,1.0518710613250732,,
31,108609,1.0433555841445923,1.5731017589569092,,
31,108619,1.3508236408233643,2.8103129863739014,,
31,108629,1.0148686170578003,1.5901144742965698,,
31,108639,1.0260751247406006,1.4621517658233643,,
31,108649,1.0138951539993286,1.6528873443603516,,
31,108659,0.8493955731391907,1.0786762237548828,,
31,108669,0.6580961346626282,0.8978559374809265,,
31,108679,0.7642340660095215,0.8058838844299316,,
31,108689,1.081180214881897,1.6993602514266968,,
31,108699,1.0514051914215088,2.0014655590057373,,
31,108709,0.8335971236228943,1.0977293252944946,,
31,108719,0.8590592741966248,1.2507505416870117,,
31,108729,0.8045976161956787,1.0650138854980469,,
31,108739,0.7186084985733032,0.8891378045082092,,
31,108749,1.0606741905212402,1.707221508026123,,
31,108759,0.8657366037368774,1.243044137954712,,
31,108769,0.7357182502746582,0.7995190620422363,,
31,108779,0.9492567181587219,1.3210070133209229,,
31,108789,0.7803837656974792,0.9310126900672913,,
31,108799,0.7875723838806152,0.930439829826355,,
31,108809,0.9531300663948059,1.3779206275939941,,
31,108819,1.101356029510498,1.7929850816726685,,
31,108829,0.8863793611526489,1.3121895790100098,,
31,108839,0.7875773906707764,0.8928492069244385,,
31,108849,0.9597117900848389,1.509017825126648,,
31,108859,0.8779724836349487,1.0659747123718262,,
31,108869,0.9805677533149719,1.5897340774536133,,
31,108879,0.8171722292900085,1.0948176383972168,,
31,108889,1.1659613847732544,2.1935534477233887,,
31,108899,0.8602361679077148,1.1254559755325317,,
31,108909,0.8174995183944702,0.9723780155181885,,
31,108919,1.0326898097991943,1.77708899974823,,
31,108929,0.7566255927085876,0.7699571251869202,,
31,108939,0.8355652689933777,1.2464371919631958,,
31,108949,1.031455397605896,1.446365475654602,,
31,108959,1.0247914791107178,1.5046353340148926,,
31,108969,0.7412847280502319,0.850175142288208,,
31,108979,0.8634088635444641,1.1256827116012573,,
31,108989,0.7567143440246582,0.8599353432655334,,
31,108999,0.9286712408065796,1.319453477859497,,
31,109009,0.7671525478363037,0.9854152202606201,,
31,109019,1.034542441368103,1.5066070556640625,,
31,109029,0.9003176093101501,1.1255956888198853,,
31,109039,0.8200785517692566,1.0635275840759277,,
31,109049,0.750194787979126,0.8095680475234985,,
31,109059,1.0209342241287231,1.7114843130111694,,
31,109069,0.8087067604064941,0.8831870555877686,,
31,109079,0.8792579770088196,1.0863995552062988,,
31,109089,1.0079898834228516,1.6019364595413208,,
31,109099,0.9203741550445557,1.1867444515228271,,
31,109109,0.6808090209960938,0.8206889033317566,,
31,109119,0.9939994215965271,1.3179219961166382,,
31,109129,0.7516918182373047,0.9905424118041992,,
31,109139,0.9577091932296753,1.2626121044158936,,
31,109149,0.8889105319976807,1.281198263168335,,
31,109159,0.8745779991149902,1.0751240253448486,,
31,109169,0.6953478455543518,0.7567530274391174,,
31,109179,0.714668869972229,0.7531460523605347,,
31,109189,0.9573459625244141,1.2720963954925537,,
31,109199,1.001663327217102,1.474882960319519,,
31,109209,0.8667483925819397,1.224588394165039,,
31,109219,1.3437244892120361,2.748772144317627,,
31,109229,0.9742481708526611,1.5171966552734375,,
31,109239,0.9572835564613342,1.3369112014770508,,
31,109249,1.03903329372406,1.956403374671936,,
31,109259,1.2855416536331177,2.8241782188415527,,
31,109269,0.8760672807693481,1.1324241161346436,,
31,109279,0.8802556395530701,1.392042875289917,,
31,109289,0.7786544561386108,0.8192412853240967,,
31,109299,0.9476945400238037,1.191715955734253,,
31,109309,1.1284844875335693,1.8829433917999268,,
31,109319,0.7744503021240234,0.8345935940742493,,
31,109329,0.9597224593162537,1.4241466522216797,,
31,109339,0.8127886652946472,1.0632810592651367,,
31,109349,0.895755410194397,1.2221620082855225,,
31,109359,1.124675989151001,1.8807384967803955,,
31,109369,0.943230152130127,1.1891915798187256,,
31,109379,1.1620218753814697,2.3768129348754883,,
31,109389,0.8689477443695068,1.5285649299621582,,
31,109399,1.070809245109558,1.6756659746170044,,
31,109409,1.1096982955932617,1.906319499015808,,
31,109419,0.930448055267334,1.3317794799804688,,
31,109429,0.9039815068244934,1.5084362030029297,,
31,109439,0.8245291709899902,1.1982450485229492,,
31,109449,0.876208484172821,1.1965378522872925,,
31,109459,0.9265503883361816,1.3395428657531738,,
31,109469,1.0027034282684326,1.4339125156402588,,
31,109479,0.975830078125,1.4967247247695923,,
31,109489,1.0601396560668945,1.5719223022460938,,
31,109499,0.8203579187393188,0.9930974841117859,,
31,109509,1.0289802551269531,1.5290354490280151,,
31,109519,0.8219279050827026,1.1089274883270264,,
31,109529,0.9162998795509338,1.24299955368042,,
31,109539,0.8293677568435669,0.9811753034591675,,
31,109549,0.7933816313743591,0.9134875535964966,,
31,109559,0.9630080461502075,1.3972584009170532,,
31,109569,0.854090690612793,1.0832188129425049,,
31,109579,0.9882052540779114,1.7368566989898682,,
31,109589,0.7430199384689331,0.8152937889099121,,
31,109599,0.9991372227668762,1.330258846282959,,
31,109609,0.8705306053161621,1.2735438346862793,,
31,109619,0.9874891042709351,1.394915223121643,,
31,109629,1.0507800579071045,1.6415187120437622,,
31,109639,1.0021061897277832,1.6744093894958496,,
31,109649,0.9573943614959717,1.380589246749878,,
31,109659,0.8401467800140381,1.251188039779663,,
31,109669,0.9490524530410767,1.2518073320388794,,
31,109679,1.3316282033920288,3.747323989868164,,
31,109689,0.7013323307037354,0.7201950550079346,,
31,109699,0.9670661687850952,1.3017137050628662,,
31,109709,0.8132084608078003,0.900710940361023,,
31,109719,1.142150640487671,2.011270761489868,,
31,109729,1.1704776287078857,2.1385273933410645,,
31,109739,1.1014935970306396,1.8858593702316284,,
31,109749,0.900062084197998,1.2528387308120728,,
31,109759,0.8160254955291748,1.0285358428955078,,
31,109769,0.7908143997192383,0.9547860622406006,,
31,109779,0.9441612362861633,1.6808685064315796,,
31,109789,0.8686255216598511,1.1538686752319336,,
31,109799,1.229419469833374,2.032027006149292,,
31,109809,0.9134549498558044,1.1616313457489014,,
31,109819,0.7665013670921326,0.8474053144454956,,
31,109829,0.9756931662559509,1.3128836154937744,,
31,109839,0.9421784281730652,1.4789376258850098,,
31,109849,0.8555397987365723,1.1594226360321045,,
31,109859,0.8763899803161621,1.5106396675109863,,
31,109869,1.0637117624282837,1.8155869245529175,,
31,109879,1.0155775547027588,1.3665590286254883,,
31,109889,0.8565658330917358,1.0020933151245117,,
31,109899,0.8979899883270264,1.346085548400879,,
31,109909,0.7890899181365967,0.8995771408081055,,
31,109919,0.9323764443397522,1.5902619361877441,,
31,109929,0.8625277876853943,1.04720139503479,,
31,109939,1.0540976524353027,1.7164679765701294,,
31,109949,0.9053626656532288,1.2377393245697021,,
31,109959,0.8011220693588257,1.0984117984771729,,
31,109969,0.9537304639816284,1.4172450304031372,,
31,109979,0.7986207008361816,0.9899897575378418,,
31,109989,0.9679136276245117,1.4258958101272583,,
31,109999,0.8210468292236328,1.058500051498413,,
31,110009,1.172897219657898,1.9641361236572266,,
31,110015,,,0.9100148677825928,1.3225562572479248
32,110019,1.0617746114730835,1.6681571006774902,,
32,110029,0.9529608488082886,1.3177543878555298,,
32,110039,0.8628501892089844,1.1166601181030273,,
32,110049,0.7422277927398682,0.8921202421188354,,
32,110059,0.9340500831604004,1.3763782978057861,,
32,110069,0.8471150994300842,1.1708067655563354,,
32,110079,0.7939567565917969,0.9725567698478699,,
32,110089,0.7630736827850342,0.8440001010894775,,
32,110099,0.7555629014968872,0.8863391876220703,,
32,110109,0.9928292632102966,1.6087074279785156,,
32,110119,1.0668658018112183,1.660398244857788,,
32,110129,0.8664915561676025,1.047694206237793,,
32,110139,0.874750018119812,1.3386962413787842,,
32,110149,0.9487031698226929,1.3617891073226929,,
32,110159,0.9754459261894226,1.5868512392044067,,
32,110169,0.8042153716087341,1.348517656326294,,
32,110179,1.024438500404358,1.3874566555023193,,
32,110189,0.9653108716011047,1.56460440158844,,
32,110199,1.0122480392456055,1.868121862411499,,
32,110209,0.8734184503555298,1.1041674613952637,,
32,110219,0.8688898086547852,1.163067102432251,,
32,110229,0.7327784895896912,0.8699480295181274,,
32,110239,1.0201586484909058,1.5364065170288086,,
32,110249,1.2070590257644653,1.8340144157409668,,
32,110259,1.2041535377502441,2.224520206451416,,
32,110269,0.7307884097099304,0.8930575847625732,,
32,110279,0.8340353965759277,1.037049651145935,,
32,110289,0.6735102534294128,0.7612733840942383,,
32,110299,0.702804684638977,0.7333793640136719,,
32,110309,0.6151514053344727,0.6837682127952576,,
32,110319,0.7444589138031006,1.095123052597046,,
32,110329,0.7927846908569336,0.8446505069732666,,
32,110339,0.8046754598617554,1.13703191280365,,
32,110349,1.13265061378479,1.784433364868164,,
32,110359,0.9341961741447449,1.1252336502075195,,
32,110369,0.9980477690696716,1.718634843826294,,
32,110379,0.958978533744812,1.4245864152908325,,
32,110389,0.7550296783447266,0.7801042795181274,,
32,110399,0.868451714515686,1.402838945388794,,
32,110409,0.908541738986969,1.4356480836868286,,
32,110419,0.8528960943222046,1.091644048690796,,
32,110429,0.8746041059494019,0.9967833161354065,,
32,110439,1.197791576385498,2.1252541542053223,,
32,110449,0.9014022946357727,1.1567554473876953,,
32,110459,0.8090008497238159,1.0153427124023438,,
32,110469,1.0402591228485107,1.6047630310058594,,
32,110479,0.9244532585144043,1.2666549682617188,,
32,110489,0.7881172299385071,1.1249680519104004,,
32,110499,0.9678187370300293,1.3904297351837158,,
32,110509,0.8748963475227356,1.1766023635864258,,
32,110519,0.85567307472229,1.0767183303833008,,
32,110529,0.7522866129875183,0.8920819163322449,,
32,110539,0.8770530223846436,1.1055971384048462,,
32,110549,0.9116401672363281,1.3193461894989014,,
32,110559,0.7950659990310669,1.0545287132263184,,
32,110569,0.7428146600723267,0.7577801942825317,,
32,110579,0.9106061458587646,1.3118125200271606,,
32,110589,0.7744482755661011,1.0872514247894287,,
32,110599,0.9895206093788147,1.358508586883545,,
32,110609,0.942895770072937,1.206763505935669,,
32,110619,0.9270178079605103,1.2621228694915771,,
32,110629,1.034276008605957,1.4782264232635498,,
32,110639,0.8797823190689087,1.130312204360962,,
32,110649,1.1232287883758545,1.7099168300628662,,
32,110659,0.8545704483985901,1.1810145378112793,,
32,110669,0.8780860900878906,1.0731549263000488,,
32,110679,1.0734227895736694,1.8428950309753418,,
32,110689,1.2177369594573975,2.42795729637146,,
32,110699,0.7924385666847229,0.9439389705657959,,
32,110709,0.9627403020858765,1.5636540651321411,,
32,110719,0.7928992509841919,0.9131625890731812,,
32,110729,0.9923075437545776,1.431058406829834,,
32,110739,0.7474871873855591,0.7527349591255188,,
32,110749,0.7510812878608704,1.1683883666992188,,
32,110759,1.0041570663452148,1.4493355751037598,,
32,110769,0.946037769317627,1.2335937023162842,,
32,110779,0.8549162149429321,1.0122618675231934,,
32,110789,0.6560094356536865,0.7352107763290405,,
32,110799,0.7847211360931396,0.944256067276001,,
32,110809,0.9550778269767761,1.263740062713623,,
32,110819,0.9894884824752808,1.387592077255249,,
32,110829,1.0476025342941284,1.4697959423065186,,
32,110839,0.879836916923523,1.2191489934921265,,
32,110849,1.221778392791748,2.0021023750305176,,
32,110859,0.9782600402832031,1.3159018754959106,,
32,110869,0.884953498840332,1.0893852710723877,,
32,110879,0.9105733633041382,1.369538426399231,,
32,110889,0.7742472290992737,0.8379976749420166,,
32,110899,0.7526276707649231,1.0249027013778687,,
32,110909,1.0681675672531128,1.9641947746276855,,
32,110919,1.0489213466644287,1.9899654388427734,,
32,110929,1.0170001983642578,1.64272940158844,,
32,110939,1.092334270477295,2.534482479095459,,
32,110949,1.084147572517395,1.6628797054290771,,
32,110959,0.7605613470077515,0.9656577110290527,,
32,110969,0.8748059272766113,1.1586781740188599,,
32,110979,1.0083279609680176,1.636738896369934,,
32,110989,0.8868538737297058,1.4105311632156372,,
32,110999,0.876519501209259,1.0886952877044678,,
32,111009,1.092713475227356,1.6158076524734497,,
32,111019,0.8975815773010254,1.2182706594467163,,
32,111029,0.9701112508773804,1.3883130550384521,,
32,111039,0.8295484781265259,1.0912400484085083,,
32,111049,0.8531817197799683,1.0048792362213135,,
32,111059,0.9450585246086121,1.324960708618164,,
32,111069,0.8801489472389221,1.124247431755066,,
32,111079,1.1116000413894653,1.8478435277938843,,
32,111089,1.0117460489273071,1.5661859512329102,,
32,111099,0.7566663026809692,0.8836608529090881,,
32,111109,0.7812742590904236,1.0360335111618042,,
32,111119,0.7104185819625854,0.830205500125885,,
32,111129,0.7826722860336304,0.9052461385726929,,
32,111139,0.8859096765518188,1.2619855403900146,,
32,111149,0.9318628311157227,1.292931079864502,,
32,111159,0.7917062640190125,0.9155980348587036,,
32,111169,0.8967803120613098,1.2568740844726562,,
32,111179,0.9351413249969482,1.2946113348007202,,
32,111189,1.115612506866455,2.3295841217041016,,
32,111199,0.9137259125709534,1.1063584089279175,,
32,111209,1.000991940498352,1.597532868385315,,
32,111219,0.9183342456817627,1.3099623918533325,,
32,111229,1.1530336141586304,2.0843071937561035,,
32,111239,1.0838385820388794,1.7532031536102295,,
32,111249,0.9887008666992188,1.5217623710632324,,
32,111259,0.8701965808868408,1.3608072996139526,,
32,111269,0.7177221775054932,0.7453075051307678,,
32,111279,0.662865936756134,0.8302258849143982,,
32,111289,0.8729941248893738,1.2242226600646973,,
32,111299,0.844872772693634,1.271682858467102,,
32,111309,0.9843212366104126,1.4660489559173584,,
32,111319,1.1069262027740479,1.702880620956421,,
32,111329,1.1509649753570557,2.218759536743164,,
32,111339,0.9962136149406433,1.6421406269073486,,
32,111349,0.8353651165962219,0.9572048187255859,,
32,111359,0.7458126544952393,0.9602543711662292,,
32,111369,0.7755423784255981,0.9801636934280396,,
32,111379,1.0030686855316162,1.3490025997161865,,
32,111389,1.0553113222122192,1.5372241735458374,,
32,111399,1.211496353149414,2.274749279022217,,
32,111409,0.9595504999160767,1.2291576862335205,,
32,111419,0.8588230013847351,1.147489309310913,,
32,111429,0.8830137252807617,1.0937188863754272,,
32,111439,0.9496748447418213,1.4162251949310303,,
32,111449,1.1569020748138428,2.1342267990112305,,
32,111459,0.9095203280448914,1.4041674137115479,,
32,111469,1.0812333822250366,1.7680504322052002,,
32,111479,1.0349047183990479,1.902369499206543,,
32,111489,1.0737433433532715,2.0886948108673096,,
32,111499,1.1500298976898193,1.8499940633773804,,
32,111509,0.8415607213973999,1.2102186679840088,,
32,111519,0.8407590389251709,1.1143035888671875,,
32,111529,1.156447172164917,2.414034366607666,,
32,111539,0.7666196823120117,0.7767220735549927,,
32,111549,0.8688745498657227,1.0822458267211914,,
32,111559,0.950482189655304,1.3642404079437256,,
32,111569,0.9676768779754639,1.3233695030212402,,
32,111579,0.9942634105682373,1.3454389572143555,,
32,111589,1.0867884159088135,1.9762072563171387,,
32,111599,0.99986732006073,1.2718687057495117,,
32,111609,0.8351240754127502,1.160506248474121,,
32,111619,0.8839506506919861,1.2522432804107666,,
32,111629,0.7793534994125366,0.8647238612174988,,
32,111639,0.7219593524932861,0.8160102367401123,,
32,111649,0.6838986873626709,0.7156158685684204,,
32,111659,0.9834456443786621,1.2848176956176758,,
32,111669,0.8762916922569275,1.0173084735870361,,
32,111679,0.9293326139450073,1.2493548393249512,,
32,111689,1.0860464572906494,1.7563724517822266,,
32,111699,0.9172617197036743,1.163267970085144,,
32,111709,0.9962265491485596,1.4177062511444092,,
32,111719,0.6469616293907166,0.7497736215591431,,
32,111729,0.8775144815444946,1.1597743034362793,,
32,111739,0.9774342775344849,1.6963284015655518,,
32,111749,0.925773561000824,1.330664873123169,,
32,111759,0.8409827947616577,1.0894911289215088,,
32,111769,0.7155839204788208,0.827853262424469,,
32,111779,0.9496204853057861,1.2564128637313843,,
32,111789,0.930224597454071,1.3555042743682861,,
32,111799,0.9629700183868408,1.378157615661621,,
32,111809,0.8908225297927856,1.2087481021881104,,
32,111819,0.7640190124511719,0.8579151630401611,,
32,111829,1.0566985607147217,1.74275803565979,,
32,111839,0.9959626197814941,1.4594089984893799,,
32,111849,1.0717384815216064,1.6678788661956787,,
32,111859,1.0203971862792969,1.5984196662902832,,
32,111869,0.9861752390861511,1.4997448921203613,,
32,111879,0.7285852432250977,0.8529677391052246,,
32,111889,1.0764111280441284,1.4747141599655151,,
32,111899,0.9504709243774414,1.54484224319458,,
32,111909,0.776164174079895,0.9579878449440002,,
32,111919,0.8423509001731873,1.1234289407730103,,
32,111929,1.051173210144043,1.4846818447113037,,
32,111939,0.9981943368911743,1.4893672466278076,,
32,111949,0.8501777052879333,1.253042459487915,,
32,111959,0.8897184729576111,1.1652202606201172,,
32,111969,1.1291394233703613,1.8346426486968994,,
32,111979,0.9136742949485779,1.2093956470489502,,
32,111989,0.8391910791397095,1.3764716386795044,,
32,111999,0.8510816097259521,1.0485693216323853,,
32,112009,0.8490009903907776,1.140430212020874,,
32,112019,0.81268310546875,1.1084468364715576,,
32,112029,0.8831359148025513,1.2778823375701904,,
32,112039,1.0021021366119385,1.5079251527786255,,
32,112049,1.0282299518585205,1.4633660316467285,,
32,112059,0.9938746690750122,1.6570401191711426,,
32,112069,1.0428047180175781,1.6532654762268066,,
32,112079,0.9822096824645996,1.4632833003997803,,
32,112089,0.8708403706550598,1.051459550857544,,
32,112099,0.944460391998291,1.2793006896972656,,
32,112109,1.0437836647033691,1.7467894554138184,,
32,112119,0.9935179948806763,1.6748521327972412,,
32,112129,0.9016188979148865,1.150250792503357,,
32,112139,0.7527073621749878,0.836435079574585,,
32,112149,0.8617455959320068,1.1796817779541016,,
32,112159,0.9041832089424133,1.2993254661560059,,
32,112169,1.0977816581726074,1.7961773872375488,,
32,112179,0.7141294479370117,0.9352476596832275,,
32,112189,0.881412148475647,1.078798532485962,,
32,112199,0.7692112326622009,0.8261187672615051,,
32,112209,0.6779034733772278,0.9367130994796753,,
32,112219,0.8875879049301147,1.3386563062667847,,
32,112229,0.881737470626831,1.273528814315796,,
32,112239,0.7391218543052673,0.8938515782356262,,
32,112249,0.700629711151123,0.8189122080802917,,
32,112259,0.7033166885375977,0.826504111289978,,
32,112269,0.8948611617088318,1.152134656906128,,
32,112279,0.9694639444351196,1.428626537322998,,
32,112289,1.0479068756103516,1.5023711919784546,,
32,112299,0.7684711217880249,1.3707740306854248,,
32,112309,0.9315087199211121,1.3914432525634766,,
32,112319,0.9453414082527161,1.4783458709716797,,
32,112329,0.8569318652153015,1.0235726833343506,,
32,112339,0.975641131401062,1.4166755676269531,,
32,112349,0.9089483618736267,1.21194326877594,,
32,112359,0.8044968843460083,0.8528779149055481,,
32,112369,0.80335533618927,0.9259270429611206,,
32,112379,0.9280559420585632,1.2088475227355957,,
32,112389,0.8609236478805542,1.2279020547866821,,
32,112399,0.9989911913871765,1.5353337526321411,,
32,112409,0.8955087661743164,1.041913628578186,,
32,112419,0.8496107459068298,1.226254940032959,,
32,112429,0.8845179677009583,1.1080012321472168,,
32,112439,0.800234854221344,1.241325855255127,,
32,112449,0.7520866394042969,1.1261467933654785,,
32,112459,0.9587192535400391,1.8141899108886719,,
32,112469,1.1679668426513672,1.8979283571243286,,
32,112479,0.9807381629943848,1.671320915222168,,
32,112489,0.9042366743087769,1.2724967002868652,,
32,112499,1.0124735832214355,1.592665433883667,,
32,112509,0.8303484916687012,1.2169303894042969,,
32,112519,0.9452781677246094,1.6117749214172363,,
32,112529,0.7706108689308167,1.0241914987564087,,
32,112539,0.8528392314910889,1.2197390794754028,,
32,112549,0.8490175008773804,1.1689932346343994,,
32,112559,1.0287773609161377,1.720018744468689,,
32,112569,1.1609387397766113,1.8238552808761597,,
32,112579,0.8961101770401001,1.106093168258667,,
32,112589,0.9480606913566589,1.4204894304275513,,
32,112599,0.8390205502510071,1.0300387144088745,,
32,112609,0.6473474502563477,0.6724212169647217,,
32,112619,0.8970527648925781,1.0776256322860718,,
32,112629,0.8387267589569092,1.3314422369003296,,
32,112639,0.896828293800354,1.1406155824661255,,
32,112649,1.0319132804870605,1.7221943140029907,,
32,112659,0.9171230792999268,1.1676955223083496,,
32,112669,1.0073221921920776,1.3312876224517822,,
32,112679,0.9183485507965088,1.2683281898498535,,
32,112689,0.9203464984893799,1.3563157320022583,,
32,112699,0.7969340085983276,0.9666018486022949,,
32,112709,1.0810201168060303,1.8888311386108398,,
32,112719,0.8557218313217163,1.278994083404541,,
32,112729,0.8686107397079468,1.0027426481246948,,
32,112739,0.8592638373374939,1.1957042217254639,,
32,112749,1.17596435546875,1.8140757083892822,,
32,112759,0.673302412033081,0.6698071360588074,,
32,112769,0.7510631680488586,0.9226940274238586,,
32,112779,0.8393501043319702,1.0293934345245361,,
32,112789,0.8981931209564209,1.115399956703186,,
32,112799,0.7683933973312378,0.8672590851783752,,
32,112809,1.1032404899597168,1.6919221878051758,,
32,112819,1.2024303674697876,1.9868717193603516,,
32,112829,0.8413326144218445,0.9636518955230713,,
32,112839,1.0649545192718506,1.7902700901031494,,
32,112849,0.9618632197380066,1.6049221754074097,,
32,112859,0.9600831866264343,1.4440772533416748,,
32,112869,0.7263879776000977,0.8179545402526855,,
32,112879,0.9126236438751221,1.463273525238037,,
32,112889,0.808454692363739,0.9644578695297241,,
32,112899,0.9306716322898865,1.3768409490585327,,
32,112909,0.977850079536438,1.2774658203125,,
32,112919,0.7974750995635986,0.9196803569793701,,
32,112929,0.7300664186477661,0.9392184615135193,,
32,112939,0.764050304889679,0.8968966603279114,,
32,112949,0.7517825365066528,1.0029220581054688,,
32,112959,0.8961371183395386,1.2716145515441895,,
32,112969,1.033200979232788,1.6384789943695068,,
32,112979,1.1983352899551392,2.083162784576416,,
32,112989,0.6227747201919556,0.6213891506195068,,
32,112999,0.8693199753761292,1.135056495666504,,
32,113009,0.7104010581970215,1.0631414651870728,,
32,113019,0.8938030004501343,1.2287440299987793,,
32,113029,0.9161725044250488,1.2689228057861328,,
32,113039,0.7490520477294922,0.8943785429000854,,
32,113049,1.0514490604400635,1.7347357273101807,,
32,113059,0.7774666547775269,1.041205883026123,,
32,113069,0.9148367047309875,1.1600596904754639,,
32,113079,1.033956527709961,1.5603281259536743,,
32,113089,0.9292035102844238,1.5198123455047607,,
32,113099,0.7175853848457336,0.7510087490081787,,
32,113109,0.8669577836990356,1.1565587520599365,,
32,113119,0.9575371742248535,1.4163087606430054,,
32,113129,0.6966003179550171,0.741138219833374,,
32,113139,0.8044290542602539,1.0706228017807007,,
32,113149,0.9563284516334534,1.4299073219299316,,
32,113159,0.6784567832946777,0.7249029874801636,,
32,113169,0.9007562398910522,1.7022757530212402,,
32,113179,0.7958141565322876,0.8873720765113831,,
32,113189,0.9675618410110474,1.4320306777954102,,
32,113199,1.2004621028900146,2.0636839866638184,,
32,113209,0.8315738439559937,1.158451795578003,,
32,113219,0.9645756483078003,1.3201473951339722,,
32,113229,0.952749490737915,1.4232417345046997,,
32,113239,0.7993355393409729,1.09719979763031,,
32,113249,0.7563809156417847,0.831636905670166,,
32,113259,0.8417094945907593,1.2044109106063843,,
32,113269,0.9731464385986328,1.4679975509643555,,
32,113279,0.861182689666748,1.2588025331497192,,
32,113289,1.1776351928710938,2.039010524749756,,
32,113299,0.876610279083252,1.2661161422729492,,
32,113309,0.9405739307403564,1.412987232208252,,
32,113319,1.0043078660964966,1.4695494174957275,,
32,113329,0.9919525384902954,1.5349823236465454,,
32,113339,0.9721047878265381,1.3468127250671387,,
32,113349,0.9529469013214111,1.2151706218719482,,
32,113359,0.8781483769416809,1.200697660446167,,
32,113369,0.906657338142395,1.1692640781402588,,
32,113379,0.8697788715362549,1.169264554977417,,
32,113389,0.7800740599632263,0.8697652220726013,,
32,113399,1.154437780380249,1.837821364402771,,
32,113409,0.94412761926651,1.2842296361923218,,
32,113419,0.9617772102355957,1.2597299814224243,,
32,113429,0.8482436537742615,1.1188393831253052,,
32,113439,0.8370867967605591,1.2178289890289307,,
32,113449,0.8587977290153503,1.1921237707138062,,
32,113453,,,0.9106041193008423,1.3279249668121338
33,113459,1.0492998361587524,1.5723483562469482,,
33,113469,0.9135202765464783,1.6718471050262451,,
33,113479,0.7178555727005005,0.7789071798324585,,
33,113489,0.8205880522727966,1.3706293106079102,,
33,113499,0.8080825209617615,0.9283076524734497,,
33,113509,0.971240758895874,1.5069677829742432,,
33,113519,1.0326018333435059,1.7365851402282715,,
33,113529,1.0115506649017334,1.4349762201309204,,
33,113539,0.9172528386116028,1.5620110034942627,,
33,113549,0.8159412145614624,0.9760980606079102,,
33,113559,0.6288430690765381,0.6278952360153198,,
33,113569,0.989311933517456,1.2947971820831299,,
33,113579,0.8487681150436401,1.0366029739379883,,
33,113589,0.9316152334213257,1.3124463558197021,,
33,113599,0.9185084700584412,1.2609015703201294,,
33,113609,0.8847666382789612,1.2594683170318604,,
33,113619,0.7789523005485535,0.9738956093788147,,
33,113629,0.8087607622146606,0.9158453941345215,,
33,113639,0.8003355264663696,1.029358983039856,,
33,113649,0.8280900120735168,1.012567400932312,,
33,113659,0.9281432032585144,1.2647210359573364,,
33,113669,0.9401174783706665,1.8844962120056152,,
33,113679,1.1479973793029785,2.1389522552490234,,
33,113689,0.7608219385147095,0.869760274887085,,
33,113699,0.9093222618103027,1.524796962738037,,
33,113709,0.9582067728042603,1.3905261754989624,,
33,113719,0.9832027554512024,1.690124273300171,,
33,113729,0.9258837699890137,1.435326337814331,,
33,113739,0.783392608165741,0.8443735241889954,,
33,113749,1.1116596460342407,2.6657979488372803,,
33,113759,0.7566804885864258,0.8344714641571045,,
33,113769,1.0991384983062744,1.7164795398712158,,
33,113779,0.820207953453064,1.0170600414276123,,
33,113789,0.7550888657569885,1.1677242517471313,,
33,113799,1.0824394226074219,1.5500264167785645,,
33,113809,1.0440893173217773,1.6212430000305176,,
33,113819,0.8170462846755981,1.0155229568481445,,
33,113829,0.8556056022644043,1.2503169775009155,,
33,113839,0.9418267011642456,1.2952357530593872,,
33,113849,1.1173360347747803,2.484715461730957,,
33,113859,0.81950843334198,1.0715892314910889,,
33,113869,0.8402383327484131,1.0112640857696533,,
33,113879,0.921667218208313,1.376074194908142,,
33,113889,0.7279855012893677,0.7307701110839844,,
33,113899,1.0026671886444092,1.4084721803665161,,
33,113909,1.106881022453308,1.9325573444366455,,
33,113919,1.0084258317947388,1.9320226907730103,,
33,113929,0.9264398813247681,1.491040825843811,,
33,113939,0.8558213710784912,1.1611398458480835,,
33,113949,0.7118427157402039,0.8321782946586609,,
33,113959,0.8978725671768188,1.2761187553405762,,
33,113969,1.2351322174072266,2.2446842193603516,,
33,113979,1.0956671237945557,2.006599187850952,,
33,113989,0.8374017477035522,1.1824170351028442,,
33,113999,0.8948400616645813,1.124891996383667,,
33,114009,0.8731881976127625,1.3373515605926514,,
33,114019,0.9640991687774658,1.2980560064315796,,
33,114029,0.8540662527084351,1.2157928943634033,,
33,114039,0.7633028030395508,0.8625472784042358,,
33,114049,0.9624174237251282,1.5333914756774902,,
33,114059,0.8727685213088989,1.140739917755127,,
33,114069,1.0446321964263916,2.1153512001037598,,
33,114079,0.7160289287567139,0.7879780530929565,,
33,114089,0.7614696025848389,0.8021318912506104,,
33,114099,1.0231304168701172,1.7553796768188477,,
33,114109,0.95137619972229,1.2986373901367188,,
33,114119,0.878685474395752,1.3319511413574219,,
33,114129,0.8020830154418945,0.9962064623832703,,
33,114139,1.0193836688995361,1.510059118270874,,
33,114149,0.9902327656745911,1.4260553121566772,,
33,114159,0.9065998792648315,1.1816202402114868,,
33,114169,0.7942993640899658,0.9929398894309998,,
33,114179,0.9690470099449158,1.6378920078277588,,
33,114189,0.6780490875244141,0.9072209596633911,,
33,114199,1.0354052782058716,1.6876533031463623,,
33,114209,1.01454496383667,1.6095218658447266,,
33,114219,0.8904299736022949,1.2920241355895996,,
33,114229,1.0232577323913574,1.5220928192138672,,
33,114239,0.9260671138763428,1.2051761150360107,,
33,114249,0.922071635723114,1.408528447151184,,
33,114259,1.027942180633545,1.3406398296356201,,
33,114269,0.9005776643753052,1.255545973777771,,
33,114279,0.892462432384491,1.2234067916870117,,
33,114289,1.0322048664093018,2.536050319671631,,
33,114299,1.0045361518859863,1.5003961324691772,,
33,114309,0.8831623792648315,1.0965195894241333,,
33,114319,0.9476578831672668,1.5090878009796143,,
33,114329,1.0919954776763916,1.6842015981674194,,
33,114339,0.8122795224189758,1.0786917209625244,,
33,114349,0.6785173416137695,0.7450111508369446,,
33,114359,0.9316384792327881,1.3440043926239014,,
33,114369,0.8235822916030884,1.6349403858184814,,
33,114379,0.8836848735809326,1.024128794670105,,
33,114389,0.7772672176361084,0.9196797609329224,,
33,114399,0.579825758934021,0.7701207399368286,,
33,114409,0.9697297215461731,1.3130511045455933,,
33,114419,0.8646230697631836,1.2590241432189941,,
33,114429,0.8333985805511475,1.207444667816162,,
33,114439,0.8445613980293274,1.4040768146514893,,
33,114449,0.8399168252944946,1.149100422859192,,
33,114459,1.250252604484558,2.498126745223999,,
33,114469,0.8842296004295349,1.3184192180633545,,
33,114479,0.8181743621826172,1.0225472450256348,,
33,114489,0.9137305021286011,1.1996912956237793,,
33,114499,0.9976202845573425,1.537203073501587,,
33,114509,0.8553011417388916,1.042245864868164,,
33,114519,1.1900036334991455,1.9559695720672607,,
33,114529,0.9366043210029602,1.4623093605041504,,
33,114539,0.8857802152633667,1.3751640319824219,,
33,114549,1.021714448928833,2.1616859436035156,,
33,114559,0.9848492741584778,1.2393848896026611,,
33,114569,0.817617654800415,1.0411450862884521,,
33,114579,1.0259190797805786,1.655596375465393,,
33,114589,0.8536851406097412,1.2223968505859375,,
33,114599,0.8991950750350952,1.3043767213821411,,
33,114609,0.8104537725448608,1.1088004112243652,,
33,114619,1.153704047203064,2.2146570682525635,,
33,114629,0.8630267977714539,1.216076374053955,,
33,114639,1.2159276008605957,2.387612819671631,,
33,114649,1.0149974822998047,1.3852405548095703,,
33,114659,0.8719483613967896,1.0030711889266968,,
33,114669,0.7191537618637085,0.8019459247589111,,
33,114679,0.8995473980903625,1.2184576988220215,,
33,114689,0.8045226335525513,0.9668214321136475,,
33,114699,1.039858341217041,1.5485882759094238,,
33,114709,1.0239064693450928,1.4814012050628662,,
33,114719,0.8635031580924988,1.5308640003204346,,
33,114729,0.6350205540657043,0.587023913860321,,
33,114739,0.8008782863616943,0.9843240976333618,,
33,114749,0.9840384721755981,1.7307394742965698,,
33,114759,0.8830716609954834,1.222212791442871,,
33,114769,0.8549505472183228,1.042865514755249,,
33,114779,0.6913188695907593,0.7954166531562805,,
33,114789,0.8829178810119629,1.3011622428894043,,
33,114799,0.8901568651199341,1.0738933086395264,,
33,114809,0.8673595786094666,1.0825183391571045,,
33,114819,0.8085004091262817,1.0763344764709473,,
33,114829,0.9391888976097107,1.2233368158340454,,
33,114839,0.9569408893585205,1.3419536352157593,,
33,114849,0.7987238168716431,1.0759861469268799,,
33,114859,1.078760027885437,1.7776081562042236,,
33,114869,0.860590934753418,1.1363736391067505,,
33,114879,1.030486822128296,1.925134539604187,,
33,114889,0.9921237826347351,1.5884169340133667,,
33,114899,0.9028419256210327,1.1737748384475708,,
33,114909,0.9687981009483337,1.3431557416915894,,
33,114919,0.5732876062393188,0.6632075309753418,,
33,114929,0.8107509613037109,1.0846269130706787,,
33,114939,0.8524388670921326,1.1119756698608398,,
33,114949,0.7041271328926086,0.7775712013244629,,
33,114959,0.7159183025360107,0.9862447381019592,,
33,114969,0.900603711605072,1.6960179805755615,,
33,114979,0.8874595165252686,1.2058348655700684,,
33,114989,0.9760280847549438,1.6638209819793701,,
33,114999,0.9370061159133911,1.330585241317749,,
33,115009,1.055694818496704,1.5535473823547363,,
33,115019,0.9604620337486267,1.4047516584396362,,
33,115029,0.631428062915802,0.7130413055419922,,
33,115039,1.0001213550567627,1.6563829183578491,,
33,115049,0.9143251776695251,1.3508274555206299,,
33,115059,0.7753890752792358,0.9546018838882446,,
33,115069,0.8367348909378052,1.1741563081741333,,
33,115079,0.8287000060081482,1.3093996047973633,,
33,115089,0.9491119980812073,1.1825995445251465,,
33,115099,0.884256899356842,1.162874698638916,,
33,115109,0.9013515710830688,1.3141649961471558,,
33,115119,0.9563606977462769,1.3840380907058716,,
33,115129,0.8623071908950806,1.0377976894378662,,
33,115139,1.0698693990707397,1.500612735748291,,
33,115149,0.9591404795646667,1.4726696014404297,,
33,115159,0.9249053001403809,1.157153844833374,,
33,115169,0.8575569987297058,1.1076045036315918,,
33,115179,1.1007473468780518,1.8587374687194824,,
33,115189,0.8604694604873657,1.3198105096817017,,
33,115199,0.7122624516487122,0.8034951090812683,,
33,115209,0.801559329032898,0.9447476863861084,,
33,115219,0.9318971037864685,1.2644248008728027,,
33,115229,0.8411169052124023,1.0610893964767456,,
33,115239,1.0792322158813477,1.8511924743652344,,
33,115249,1.059303879737854,1.7578520774841309,,
33,115259,0.8832178115844727,1.1833031177520752,,
33,115269,0.951507568359375,1.5173463821411133,,
33,115279,0.8931682109832764,1.2555766105651855,,
33,115289,0.6570109128952026,0.825240433216095,,
33,115299,0.8921548128128052,1.2431453466415405,,
33,115309,0.8546584248542786,1.2579611539840698,,
33,115319,0.9731806516647339,1.258570909500122,,
33,115329,0.9647274613380432,1.2547399997711182,,
33,115339,0.7705740928649902,0.8440102338790894,,
33,115349,1.0087593793869019,1.4229457378387451,,
33,115359,0.906615674495697,1.2402784824371338,,
33,115369,0.795306384563446,0.9026768207550049,,
33,115379,0.9345380067825317,1.1432026624679565,,
33,115389,0.9007551074028015,1.1192827224731445,,
33,115399,0.8625598549842834,1.1015329360961914,,
33,115409,1.003913402557373,1.2982760667800903,,
33,115419,0.9884581565856934,1.5265566110610962,,
33,115429,0.8149080276489258,1.0064949989318848,,
33,115439,0.6607741117477417,0.7066677212715149,,
33,115449,0.8360460996627808,1.0465993881225586,,
33,115459,0.9981915354728699,1.519695520401001,,
33,115469,0.8663200736045837,1.1623865365982056,,
33,115479,0.8912559151649475,1.382698893547058,,
33,115489,1.0123357772827148,1.4991059303283691,,
33,115499,1.0991276502609253,1.5891084671020508,,
33,115509,0.9004956483840942,1.28678560256958,,
33,115519,0.8154070973396301,0.8974171876907349,,
33,115529,0.9888174533843994,1.5187913179397583,,
33,115539,0.8254859447479248,1.0699511766433716,,
33,115549,0.9693102836608887,1.2431367635726929,,
33,115559,0.9053389430046082,1.0155768394470215,,
33,115569,0.7867887616157532,0.9172993898391724,,
33,115579,0.8610457181930542,0.9578824043273926,,
33,115589,0.9269657731056213,1.3632447719573975,,
33,115599,0.6977576613426208,0.7924326658248901,,
33,115609,0.7525075674057007,0.9356718063354492,,
33,115619,0.9964087009429932,1.6309185028076172,,
33,115629,0.9406441450119019,1.1630725860595703,,
33,115639,0.7611626386642456,0.9798705577850342,,
33,115649,0.8902238607406616,1.0962198972702026,,
33,115659,0.8056870698928833,0.9798697829246521,,
33,115669,0.9800224304199219,1.350372552871704,,
33,115679,1.0405211448669434,1.3965070247650146,,
33,115689,0.7675577998161316,0.9004956483840942,,
33,115699,1.009720802307129,1.4141384363174438,,
33,115709,0.9446961879730225,1.2499008178710938,,
33,115719,0.9034883379936218,1.6780815124511719,,
33,115729,0.8054423332214355,0.9468871355056763,,
33,115739,0.9469188451766968,1.5492753982543945,,
33,115749,0.7667057514190674,0.9627964496612549,,
33,115759,0.8315446376800537,0.9954378604888916,,
33,115769,1.0478336811065674,1.7516396045684814,,
33,115779,0.9187155365943909,1.1471140384674072,,
33,115789,0.8542593121528625,1.1400110721588135,,
33,115799,0.7325609922409058,0.8079738020896912,,
33,115809,0.9058568477630615,1.1036983728408813,,
33,115819,1.0754603147506714,1.6910876035690308,,
33,115829,1.1024420261383057,1.798604965209961,,
33,115839,0.8934966921806335,1.1517159938812256,,
33,115849,1.0058832168579102,1.5352299213409424,,
33,115859,0.9304893016815186,1.5988106727600098,,
33,115869,0.766471266746521,0.7878831624984741,,
33,115879,0.787307620048523,0.9546543955802917,,
33,115889,0.7456194162368774,0.8675456643104553,,
33,115899,0.7752606272697449,0.9493108987808228,,
33,115909,0.9486157894134521,1.6178252696990967,,
33,115919,0.9017535448074341,1.4246206283569336,,
33,115929,0.7857296466827393,0.973351001739502,,
33,115939,0.9220945835113525,1.287294626235962,,
33,115949,0.9590854644775391,1.331406593322754,,
33,115959,1.0724477767944336,1.5935165882110596,,
33,115969,1.0897241830825806,1.75042724609375,,
33,115979,1.0880564451217651,2.5419986248016357,,
33,115989,0.8762369751930237,1.279251217842102,,
33,115999,0.8360270857810974,1.067171335220337,,
33,116009,0.94474196434021,1.3170192241668701,,
33,116019,0.8700563907623291,1.116041660308838,,
33,116029,0.884986400604248,1.364085078239441,,
33,116039,0.9557617902755737,1.4450342655181885,,
33,116049,0.8828311562538147,1.166058897972107,,
33,116059,0.9677779078483582,1.382979393005371,,
33,116069,0.8258885145187378,1.0463800430297852,,
33,116079,0.7600626945495605,0.791458010673523,,
33,116089,0.9598467946052551,1.4997344017028809,,
33,116099,1.109231948852539,1.6370997428894043,,
33,116109,0.9776725769042969,1.4195646047592163,,
33,116119,0.986781656742096,1.7977041006088257,,
33,116129,1.0677579641342163,1.6562259197235107,,
33,116139,0.915703296661377,1.3150370121002197,,
33,116149,0.7528674006462097,0.914183497428894,,
33,116159,0.823581337928772,1.517948865890503,,
33,116169,1.0187705755233765,1.516648292541504,,
33,116179,1.0049816370010376,1.6931006908416748,,
33,116189,1.0061583518981934,2.1981048583984375,,
33,116199,0.9201140403747559,1.3429392576217651,,
33,116209,0.8244972825050354,1.0256316661834717,,
33,116219,1.0486940145492554,1.9505877494812012,,
33,116229,1.11183500289917,1.9320054054260254,,
33,116239,0.9199331998825073,1.2232390642166138,,
33,116249,0.9344666600227356,1.311509370803833,,
33,116259,0.902423620223999,1.3680531978607178,,
33,116269,0.7828335762023926,0.9258580803871155,,
33,116279,0.9432963132858276,1.5214662551879883,,
33,116289,1.0887237787246704,1.6569480895996094,,
33,116299,1.097812533378601,1.784738302230835,,
33,116309,0.9998968839645386,1.6852900981903076,,
33,116319,0.6680635809898376,0.7525030970573425,,
33,116329,1.0628801584243774,1.7885489463806152,,
33,116339,0.9388841390609741,1.3548119068145752,,
33,116349,0.8973972201347351,1.5021123886108398,,
33,116359,0.6965301036834717,0.8242895007133484,,
33,116369,0.8491024971008301,1.0568684339523315,,
33,116379,1.2704048156738281,3.207028388977051,,
33,116389,0.8264058828353882,0.9971187114715576,,
33,116399,0.6912087202072144,0.7254489064216614,,
33,116409,0.9933160543441772,1.5453345775604248,,
33,116419,1.0197385549545288,1.632275104522705,,
33,116429,1.064218282699585,1.5553271770477295,,
33,116439,1.0222500562667847,1.410733699798584,,
33,116449,0.9611341953277588,1.3395607471466064,,
33,116459,0.9265523552894592,1.3878120183944702,,
33,116469,0.7707089185714722,0.9440526366233826,,
33,116479,0.7676434516906738,1.0002193450927734,,
33,116489,1.1455333232879639,2.6154091358184814,,
33,116499,0.8723076581954956,1.2551813125610352,,
33,116509,0.9137055277824402,1.2267744541168213,,
33,116519,0.638748049736023,0.7641657590866089,,
33,116529,0.844807505607605,1.8386179208755493,,
33,116539,0.8703079223632812,1.2255640029907227,,
33,116549,0.8312399387359619,0.9151476621627808,,
33,116559,0.9478482604026794,1.51125967502594,,
33,116569,1.00392484664917,1.557971477508545,,
33,116579,0.9386205673217773,1.2557454109191895,,
33,116589,1.1313965320587158,1.6384289264678955,,
33,116599,0.9510438442230225,1.7239869832992554,,
33,116609,1.0184845924377441,2.818941831588745,,
33,116619,0.8217275142669678,0.9418283700942993,,
33,116629,1.0423474311828613,2.4143545627593994,,
33,116639,0.8693090677261353,1.1601428985595703,,
33,116649,0.9209228754043579,1.1983397006988525,,
33,116659,0.8433432579040527,1.3581340312957764,,
33,116669,0.7776359915733337,0.8942416906356812,,
33,116679,1.0201971530914307,1.450650930404663,,
33,116689,0.8363743424415588,1.3417637348175049,,
33,116699,0.8015342950820923,1.134232759475708,,
33,116709,0.8820934891700745,1.1383205652236938,,
33,116719,0.8750923871994019,1.2747681140899658,,
33,116729,0.9212230443954468,1.2869794368743896,,
33,116739,0.6626001596450806,0.7961932420730591,,
33,116749,0.7866366505622864,0.9317989945411682,,
33,116759,1.1055121421813965,2.795167922973633,,
33,116769,0.7322430610656738,0.8214288949966431,,
33,116779,0.727146565914154,0.834661602973938,,
33,116789,1.0559782981872559,1.5873008966445923,,
33,116799,1.0048139095306396,1.6538182497024536,,
33,116809,0.806498110294342,0.9919481873512268,,
33,116819,0.9662749171257019,1.4942028522491455,,
33,116829,0.8546640872955322,0.9873374104499817,,
33,116839,0.6827346086502075,0.7626302242279053,,
33,116849,0.9301774501800537,1.15084707736969,,
33,116859,1.1849994659423828,2.027465581893921,,
33,116869,0.9379737973213196,1.3285064697265625,,
33,116879,0.7541664838790894,0.8649020195007324,,
33,116889,0.9116901755332947,1.365769863128662,,
33,116891,,,0.9104453325271606,1.322723388671875
34,116899,0.9024893045425415,1.155114769935608,,
34,116909,0.8601852059364319,1.0273571014404297,,
34,116919,0.9506239891052246,1.4180700778961182,,
34,116929,0.8813046216964722,1.1807256937026978,,
34,116939,0.7473986148834229,0.9144150018692017,,
34,116949,0.9289270639419556,1.2133904695510864,,
34,116959,1.2515043020248413,2.296300172805786,,
34,116969,0.9025040864944458,1.1550970077514648,,
34,116979,0.8053494095802307,1.1441837549209595,,
34,116989,1.0205748081207275,1.4413747787475586,,
34,116999,1.245826005935669,2.0871524810791016,,
34,117009,0.9674794673919678,1.3647547960281372,,
34,117019,0.9865199327468872,1.5573903322219849,,
34,117029,0.83820641040802,0.9458423256874084,,
34,117039,0.6846402883529663,0.741692066192627,,
34,117049,0.912934422492981,1.3273364305496216,,
34,117059,0.8998983502388,1.245748519897461,,
34,117069,0.9981263279914856,1.4017738103866577,,
34,117079,0.8602899312973022,1.2963805198669434,,
34,117089,1.0021686553955078,1.532853364944458,,
34,117099,0.9884411096572876,1.3278950452804565,,
34,117109,1.294790506362915,2.2437644004821777,,
34,117119,1.0026023387908936,1.4103084802627563,,
34,117129,0.8847700953483582,1.1421618461608887,,
34,117139,0.9908686876296997,1.4561214447021484,,
34,117149,0.8654941320419312,1.034050703048706,,
34,117159,0.8530765771865845,1.1868669986724854,,
34,117169,0.8888277411460876,1.2278136014938354,,
34,117179,0.8603165149688721,1.1805765628814697,,
34,117189,0.9264049530029297,1.2527272701263428,,
34,117199,1.0227197408676147,1.777932047843933,,
34,117209,1.114182472229004,1.8682920932769775,,
34,117219,1.007927417755127,1.3877705335617065,,
34,117229,0.7012041807174683,0.6729570627212524,,
34,117239,0.9239513278007507,1.4089033603668213,,
34,117249,0.9265135526657104,1.4018535614013672,,
34,117259,0.764065682888031,0.8267219066619873,,
34,117269,0.7923744916915894,0.9106501340866089,,
34,117279,0.9239568114280701,1.643237590789795,,
34,117289,0.9709764122962952,1.4821741580963135,,
34,117299,0.9283396005630493,1.3950462341308594,,
34,117309,0.8153650760650635,1.027829885482788,,
34,117319,1.2185847759246826,2.17419695854187,,
34,117329,0.7853376865386963,0.9714123010635376,,
34,117339,0.892177939414978,1.37754487991333,,
34,117349,0.8954980373382568,1.1243491172790527,,
34,117359,0.8341917991638184,1.25148606300354,,
34,117369,0.9553502202033997,1.5179675817489624,,
34,117379,1.1233530044555664,1.6935596466064453,,
34,117389,1.0096290111541748,1.3396801948547363,,
34,117399,0.6740907430648804,0.7697247266769409,,
34,117409,1.0552009344100952,2.8451011180877686,,
34,117419,0.7978574633598328,1.1368145942687988,,
34,117429,1.352593183517456,2.3580703735351562,,
34,117439,1.0166313648223877,1.5659456253051758,,
34,117449,0.8473638892173767,0.9933844208717346,,
34,117459,1.0155045986175537,1.745892882347107,,
34,117469,0.8639938831329346,1.19091796875,,
34,117479,0.9924420118331909,1.423018455505371,,
34,117489,0.854042649269104,1.0736474990844727,,
34,117499,0.9242950677871704,1.372258186340332,,
34,117509,0.9561214447021484,1.6303234100341797,,
34,117519,1.0483150482177734,1.5291894674301147,,
34,117529,1.0375338792800903,1.5038185119628906,,
34,117539,0.8791866302490234,1.1806410551071167,,
34,117549,1.135802149772644,2.0665249824523926,,
34,117559,0.9258869886398315,1.2938570976257324,,
34,117569,1.025714635848999,1.3599059581756592,,
34,117579,0.8439026474952698,1.0849967002868652,,
34,117589,1.029525637626648,1.9419901371002197,,
34,117599,0.8084905743598938,0.8595612049102783,,
34,117609,0.8879145979881287,1.137534499168396,,
34,117619,0.80802321434021,0.9792380332946777,,
34,117629,1.0775070190429688,1.702187180519104,,
34,117639,0.8233978748321533,1.011540174484253,,
34,117649,0.8399304151535034,1.1159749031066895,,
34,117659,0.966560423374176,1.7926361560821533,,
34,117669,0.6357467174530029,0.5913373231887817,,
34,117679,0.7652522325515747,0.7753511071205139,,
34,117689,1.1275361776351929,1.6669527292251587,,
34,117699,0.8005877733230591,1.1790083646774292,,
34,117709,0.8522137999534607,1.4201600551605225,,
34,117719,0.8703036308288574,1.0764843225479126,,
34,117729,1.0380109548568726,1.7715110778808594,,
34,117739,1.199810266494751,2.2524666786193848,,
34,117749,0.8667894601821899,1.1963896751403809,,
34,117759,0.6723698377609253,0.7845979928970337,,
34,117769,0.9644229412078857,1.3419891595840454,,
34,117779,0.8080319762229919,1.024247407913208,,
34,117789,0.9233592748641968,1.2038800716400146,,
34,117799,0.9936203360557556,1.497180700302124,,
34,117809,0.8859314918518066,1.4752106666564941,,
34,117819,0.8724853992462158,1.1979197263717651,,
34,117829,1.2153265476226807,2.0715737342834473,,
34,117839,0.8747003078460693,1.1990280151367188,,
34,117849,0.8232684135437012,1.161075234413147,,
34,117859,0.7983006238937378,1.03218412399292,,
34,117869,0.8980191349983215,1.1028728485107422,,
34,117879,0.7379853129386902,0.8188436031341553,,
34,117889,1.0216929912567139,1.5889368057250977,,
34,117899,0.9360980987548828,1.3210102319717407,,
34,117909,0.7988710403442383,1.0821647644042969,,
34,117919,0.8790019154548645,1.4254345893859863,,
34,117929,0.9583197236061096,1.395513892173767,,
34,117939,0.808207631111145,1.109790325164795,,
34,117949,0.8585627675056458,1.1724933385849,,
34,117959,1.0616004467010498,2.0053563117980957,,
34,117969,1.0694398880004883,1.6561906337738037,,
34,117979,0.872327446937561,1.1928428411483765,,
34,117989,0.9368460178375244,1.2652201652526855,,
34,117999,1.1167654991149902,1.769287347793579,,
34,118009,0.9063518047332764,1.406849980354309,,
34,118019,0.9907097816467285,1.607151985168457,,
34,118029,0.7420793771743774,0.988249659538269,,
34,118039,0.9505032896995544,1.6361503601074219,,
34,118049,1.0031652450561523,1.3661425113677979,,
34,118059,0.9289266467094421,1.4349980354309082,,
34,118069,1.1450685262680054,2.2099013328552246,,
34,118079,0.9792380332946777,1.3031376600265503,,
34,118089,0.9654940962791443,1.993990182876587,,
34,118099,0.8308011293411255,1.0098190307617188,,
34,118109,0.9642453193664551,1.3466085195541382,,
34,118119,0.8083973526954651,1.1829609870910645,,
34,118129,0.8927546739578247,1.4338198900222778,,
34,118139,0.8900967240333557,1.4209110736846924,,
34,118149,0.9523516893386841,1.247209072113037,,
34,118159,0.7672182321548462,0.9163773655891418,,
34,118169,0.8343716263771057,1.1462140083312988,,
34,118179,0.7523088455200195,0.9260520935058594,,
34,118189,0.9526853561401367,1.3418598175048828,,
34,118199,0.8671497106552124,1.1908514499664307,,
34,118209,1.0766730308532715,1.679112195968628,,
34,118219,0.9825338125228882,1.3962401151657104,,
34,118229,0.9333124756813049,1.4607754945755005,,
34,118239,0.7837517857551575,0.8063835501670837,,
34,118249,0.8981656432151794,1.2075916528701782,,
34,118259,0.9740934371948242,1.322812795639038,,
34,118269,0.5964293479919434,0.682570219039917,,
34,118279,0.8152357935905457,1.038822889328003,,
34,118289,0.7523916959762573,0.9113016128540039,,
34,118299,0.8892065286636353,1.041612982749939,,
34,118309,1.0798689126968384,2.587649345397949,,
34,118319,0.9783408045768738,1.4100356101989746,,
34,118329,0.8931823968887329,1.2554473876953125,,
34,118339,0.8566401600837708,1.2660824060440063,,
34,118349,0.7749907970428467,1.0878033638000488,,
34,118359,0.8300297260284424,1.0258255004882812,,
34,118369,0.9086560010910034,1.2460744380950928,,
34,118379,0.8728020787239075,1.2130721807479858,,
34,118389,1.0159639120101929,1.6546814441680908,,
34,118399,0.9299818873405457,1.337465524673462,,
34,118409,0.9352833032608032,1.2937264442443848,,
34,118419,0.7403231859207153,0.8971354961395264,,
34,118429,0.7974121570587158,0.9782349467277527,,
34,118439,1.0723345279693604,1.8491380214691162,,
34,118449,0.7447037696838379,0.9426977038383484,,
34,118459,0.7945842742919922,0.9434412121772766,,
34,118469,0.892013430595398,1.2059178352355957,,
34,118479,0.8208206295967102,0.934161901473999,,
34,118489,0.8949178457260132,1.429364800453186,,
34,118499,1.035740852355957,1.7924411296844482,,
34,118509,0.9665721654891968,1.2803754806518555,,
34,118519,0.8648736476898193,1.4402167797088623,,
34,118529,1.0574681758880615,1.500974416732788,,
34,118539,0.9778012037277222,1.2753106355667114,,
34,118549,0.7299853563308716,0.9214611053466797,,
34,118559,1.0093512535095215,1.6432032585144043,,
34,118569,0.7866219282150269,0.8963489532470703,,
34,118579,0.6742024421691895,0.6182292699813843,,
34,118589,0.7464918494224548,0.8535981178283691,,
34,118599,0.8597187399864197,1.1861374378204346,,
34,118609,0.5224738717079163,0.41244393587112427,,
34,118619,0.7702777981758118,0.9428025484085083,,
34,118629,1.0286242961883545,1.4769272804260254,,
34,118639,0.945215106010437,1.4461493492126465,,
34,118649,0.7936368584632874,1.0242112874984741,,
34,118659,0.8505876660346985,1.023626685142517,,
34,118669,0.8224436044692993,1.1257200241088867,,
34,118679,0.8234906196594238,0.9908576011657715,,
34,118689,0.9649714231491089,1.532582402229309,,
34,118699,1.0263181924819946,1.6390421390533447,,
34,118709,0.8300381302833557,1.0195022821426392,,
34,118719,0.8425870537757874,1.3371410369873047,,
34,118729,0.9084377288818359,1.252265453338623,,
34,118739,0.8473057150840759,1.1008245944976807,,
34,118749,0.9478789567947388,1.5432751178741455,,
34,118759,1.059157371520996,1.5650478601455688,,
34,118769,0.9894109964370728,1.7992089986801147,,
34,118779,0.8141120672225952,0.9585459232330322,,
34,118789,0.9634708166122437,1.3912736177444458,,
34,118799,0.944066047668457,1.3531638383865356,,
34,118809,0.9287428855895996,1.2222354412078857,,
34,118819,0.8285551071166992,1.0379118919372559,,
34,118829,0.9862791299819946,1.4961063861846924,,
34,118839,0.7779754400253296,0.9330342411994934,,
34,118849,1.0609709024429321,1.8862566947937012,,
34,118859,0.9212778806686401,1.303218126296997,,
34,118869,1.0571213960647583,1.8489689826965332,,
34,118879,0.78060382604599,0.8719519376754761,,
34,118889,0.675140380859375,0.7102290391921997,,
34,118899,0.8894362449645996,1.2334039211273193,,
34,118909,0.6877503991127014,0.8296287059783936,,
34,118919,0.8521983027458191,0.9151221513748169,,
34,118929,0.7619584798812866,0.8613555431365967,,
34,118939,0.9279434680938721,1.2319051027297974,,
34,118949,0.9399752020835876,1.2239580154418945,,
34,118959,1.0790565013885498,1.7968062162399292,,
34,118969,0.7493693828582764,0.974682092666626,,
34,118979,0.7737770080566406,0.9772743582725525,,
34,118989,0.7984446287155151,0.9461454153060913,,
34,118999,0.9361681938171387,1.2416402101516724,,
34,119009,1.0641729831695557,2.552143096923828,,
34,119019,1.152509093284607,2.1578140258789062,,
34,119029,0.9841889142990112,1.5467453002929688,,
34,119039,1.0623923540115356,1.6463779211044312,,
34,119049,0.914190948009491,1.148133397102356,,
34,119059,1.0194066762924194,1.5972933769226074,,
34,119069,1.087979793548584,1.7806206941604614,,
34,119079,0.9002663493156433,1.362877607345581,,
34,119089,0.8640555143356323,1.0564243793487549,,
34,119099,0.9338048696517944,1.309444785118103,,
34,119109,1.157564401626587,1.8333704471588135,,
34,119119,0.8458255529403687,1.201683521270752,,
34,119129,0.9714965224266052,1.1243208646774292,,
34,119139,0.8498643636703491,1.2837467193603516,,
34,119149,0.8125369548797607,1.0482327938079834,,
34,119159,1.0421183109283447,1.8272807598114014,,
34,119169,1.0859065055847168,1.5660791397094727,,
34,119179,0.9428160786628723,1.3763232231140137,,
34,119189,0.9196674823760986,1.3705699443817139,,
34,119199,0.8164206743240356,1.0485148429870605,,
34,119209,1.0588496923446655,1.6968469619750977,,
34,119219,0.7375849485397339,0.860614538192749,,
34,119229,0.8800132274627686,1.408691167831421,,
34,119239,1.1003036499023438,1.7632315158843994,,
34,119249,0.9216947555541992,1.3121607303619385,,
34,119259,0.8690798282623291,1.1325331926345825,,
34,119269,0.8293047547340393,1.115283489227295,,
34,119279,0.8535202741622925,1.1015491485595703,,
34,119289,0.7969682216644287,1.0479965209960938,,
34,119299,0.9422467947006226,1.3571162223815918,,
34,119309,0.7572987675666809,1.3186486959457397,,
34,119319,0.8865374326705933,1.362968921661377,,
34,119329,0.8975529074668884,1.2857999801635742,,
34,119339,0.9643940925598145,1.4411860704421997,,
34,119349,1.1543171405792236,2.0431835651397705,,
34,119359,0.9579573273658752,1.432619571685791,,
34,119369,0.8362216949462891,1.0151984691619873,,
34,119379,1.176823377609253,1.9218294620513916,,
34,119389,0.7931255102157593,1.0826903581619263,,
34,119399,0.9869083166122437,1.288651704788208,,
34,119409,0.8658218383789062,1.2889996767044067,,
34,119419,0.8170424699783325,0.9425292611122131,,
34,119429,0.8156561851501465,0.9176376461982727,,
34,119439,1.1603004932403564,2.1629631519317627,,
34,119449,0.9682735800743103,1.4161306619644165,,
34,119459,1.0769647359848022,1.5649473667144775,,
34,119469,1.1130807399749756,1.7773860692977905,,
34,119479,0.8617202043533325,1.2414987087249756,,
34,119489,0.8127810955047607,1.0557680130004883,,
34,119499,0.8635598421096802,1.271416425704956,,
34,119509,0.8165977001190186,1.0366665124893188,,
34,119519,0.8685638904571533,1.0626742839813232,,
34,119529,0.6950898170471191,0.8179242014884949,,
34,119539,0.7987111806869507,0.923740804195404,,
34,119549,0.8186018466949463,1.159462571144104,,
34,119559,1.085944652557373,1.6159838438034058,,
34,119569,0.7682429552078247,1.024017095565796,,
34,119579,0.8960367441177368,1.3626322746276855,,
34,119589,0.8403898477554321,0.9495370388031006,,
34,119599,0.9370729923248291,1.6601113080978394,,
34,119609,1.0275639295578003,1.6224000453948975,,
34,119619,0.927399754524231,1.212515115737915,,
34,119629,0.8091410398483276,1.113735556602478,,
34,119639,1.2223981618881226,2.6027274131774902,,
34,119649,0.8491065502166748,1.0505139827728271,,
34,119659,0.8047945499420166,0.970623254776001,,
34,119669,0.796604573726654,1.0114185810089111,,
34,119679,0.9532514214515686,1.4604947566986084,,
34,119689,0.7811086177825928,0.9131912589073181,,
34,119699,0.9194271564483643,1.266717791557312,,
34,119709,0.9812056422233582,1.6570782661437988,,
34,119719,1.0129597187042236,1.8454324007034302,,
34,119729,0.8446882367134094,0.9476509094238281,,
34,119739,0.9262204170227051,1.1814725399017334,,
34,119749,0.8801161050796509,1.2469719648361206,,
34,119759,1.0207734107971191,1.7238469123840332,,
34,119769,0.6786120533943176,0.825800895690918,,
34,119779,0.657293438911438,0.8054304122924805,,
34,119789,0.7914502620697021,0.8167983293533325,,
34,119799,0.9507624506950378,1.362727165222168,,
34,119809,1.0332939624786377,1.5724117755889893,,
34,119819,1.2015812397003174,2.4898056983947754,,
34,119829,0.9083373546600342,1.2321367263793945,,
34,119839,1.0532517433166504,1.9939031600952148,,
34,119849,0.7923322916030884,0.8818224668502808,,
34,119859,0.9248075485229492,1.3840575218200684,,
34,119869,1.0056602954864502,1.3942198753356934,,
34,119879,0.8645421862602234,1.0997614860534668,,
34,119889,0.8042804002761841,0.9536767601966858,,
34,119899,0.9128412008285522,1.6289722919464111,,
34,119909,1.0163519382476807,1.4735851287841797,,
34,119919,1.1876109838485718,2.2295985221862793,,
34,119929,0.8484323024749756,1.0564548969268799,,
34,119939,1.0533579587936401,1.558945894241333,,
34,119949,1.4118766784667969,2.7504076957702637,,
34,119959,0.898820161819458,1.2281231880187988,,
34,119969,0.9525904059410095,1.3436709642410278,,
34,119979,0.9260841012001038,1.2817604541778564,,
34,119989,0.7637919187545776,0.9453505277633667,,
34,119999,0.9507872462272644,1.4328666925430298,,
34,120009,0.7979151606559753,0.8613280653953552,,
34,120019,0.9541726112365723,1.4394441843032837,,
34,120029,1.059274435043335,2.0396385192871094,,
34,120039,1.1305862665176392,1.8278027772903442,,
34,120049,1.1169310808181763,1.8205907344818115,,
34,120059,1.264963150024414,3.0722930431365967,,
34,120069,0.716434121131897,0.902970552444458,,
34,120079,0.9966784119606018,1.8672841787338257,,
34,120089,0.9656029939651489,1.436995029449463,,
34,120099,0.9126985669136047,1.1666290760040283,,
34,120109,0.9223465919494629,1.3446213006973267,,
34,120119,0.8480040431022644,1.1860809326171875,,
34,120129,1.000252604484558,1.4038829803466797,,
34,120139,0.8667806386947632,1.0854721069335938,,
34,120149,1.0065934658050537,1.4176418781280518,,
34,120159,0.8026618957519531,1.1509160995483398,,
34,120169,0.904930591583252,1.1975486278533936,,
34,120179,0.7470788359642029,0.8444689512252808,,
34,120189,1.115861415863037,1.6497888565063477,,
34,120199,0.8445667028427124,1.0392515659332275,,
34,120209,0.8201215863227844,0.958660900592804,,
34,120219,0.9014843106269836,1.3054018020629883,,
34,120229,1.0408198833465576,1.8774842023849487,,
34,120239,0.9389498233795166,1.226642370223999,,
34,120249,1.0350136756896973,1.5712077617645264,,
34,120259,0.8233680725097656,1.0759696960449219,,
34,120269,0.9531192183494568,1.365450382232666,,
34,120279,0.9238232970237732,1.7941800355911255,,
34,120289,0.7872996926307678,1.0549070835113525,,
34,120299,0.9479708075523376,1.27670156955719,,
34,120309,1.089270830154419,1.6453169584274292,,
34,120319,0.9666978120803833,1.426102638244629,,
34,120329,0.793834924697876,1.0190541744232178,,
34,120329,,,0.9106905460357666,1.323011875152588
35,120339,0.9896833896636963,1.5429351329803467,,
35,120349,0.9778093099594116,1.4869569540023804,,
35,120359,0.8257603049278259,0.9914030432701111,,
35,120369,0.9928317666053772,1.581102967262268,,
35,120379,0.8202387094497681,0.9846293926239014,,
35,120389,0.7921528816223145,1.1636923551559448,,
35,120399,1.0292245149612427,1.4779245853424072,,
35,120409,0.6666173934936523,0.7304800748825073,,
35,120419,0.949113667011261,1.4360675811767578,,
35,120429,0.9214977622032166,1.345308780670166,,
35,120439,1.001552700996399,1.4828574657440186,,
35,120449,0.6190580725669861,0.7176100015640259,,
35,120459,0.9810581207275391,1.6494969129562378,,
35,120469,0.8082274198532104,1.091317057609558,,
35,120479,0.8884761333465576,1.1904206275939941,,
35,120489,0.8722831606864929,1.3425633907318115,,
35,120499,0.7071400880813599,0.6942532062530518,,
35,120509,0.7587258219718933,0.8791348934173584,,
35,120519,0.822795033454895,1.1158318519592285,,
35,120529,1.0232595205307007,1.5006132125854492,,
35,120539,0.9465620517730713,1.3128855228424072,,
35,120549,0.788698673248291,0.9746737480163574,,
35,120559,1.0473694801330566,1.7749016284942627,,
35,120569,0.8250224590301514,1.0416357517242432,,
35,120579,0.8149084448814392,1.076281189918518,,
35,120589,0.9362972378730774,1.249171257019043,,
35,120599,0.9357473254203796,1.3117289543151855,,
35,120609,1.0212305784225464,1.7059780359268188,,
35,120619,0.8615830540657043,1.1860547065734863,,
35,120629,0.737349271774292,0.9666780233383179,,
35,120639,1.0944080352783203,1.8850327730178833,,
35,120649,1.2257637977600098,2.275825023651123,,
35,120659,0.852297842502594,1.1197900772094727,,
35,120669,1.133484125137329,2.0827176570892334,,
35,120679,0.775077223777771,0.9123821258544922,,
35,120689,0.9863104820251465,1.514495611190796,,
35,120699,1.0696545839309692,1.535806655883789,,
35,120709,0.9615834951400757,1.5319944620132446,,
35,120719,0.9631272554397583,1.483579397201538,,
35,120729,0.9638640880584717,1.543297290802002,,
35,120739,1.1506843566894531,1.9392403364181519,,
35,120749,1.0537538528442383,1.5354046821594238,,
35,120759,1.1493306159973145,1.8679505586624146,,
35,120769,0.9816533327102661,1.532193899154663,,
35,120779,0.8990670442581177,1.100510835647583,,
35,120789,0.9307131767272949,1.21217942237854,,
35,120799,0.8018405437469482,1.032673954963684,,
35,120809,0.9590387940406799,1.2638740539550781,,
35,120819,0.6832038164138794,0.6817692518234253,,
35,120829,0.9930721521377563,1.5045926570892334,,
35,120839,0.9542195796966553,1.297847032546997,,
35,120849,0.6191321611404419,0.673986554145813,,
35,120859,0.7639857530593872,0.9688775539398193,,
35,120869,0.9057474136352539,1.2769336700439453,,
35,120879,0.8285770416259766,1.116487741470337,,
35,120889,0.9559085369110107,1.3721933364868164,,
35,120899,0.8125450611114502,0.9259704351425171,,
35,120909,1.0138832330703735,2.11370849609375,,
35,120919,0.910026490688324,1.1325572729110718,,
35,120929,0.7706519365310669,0.8235626220703125,,
35,120939,0.909453272819519,1.1906887292861938,,
35,120949,0.9110167622566223,1.0671098232269287,,
35,120959,0.9806618690490723,1.6718723773956299,,
35,120969,0.8700531721115112,1.1292152404785156,,
35,120979,0.9119464755058289,1.4067411422729492,,
35,120989,0.8427166938781738,1.1642512083053589,,
35,120999,0.8619173765182495,1.1554045677185059,,
35,121009,0.8896652460098267,1.1364837884902954,,
35,121019,0.9887138605117798,1.5711581707000732,,
35,121029,0.9335687756538391,1.4508179426193237,,
35,121039,0.7495678067207336,0.9308949708938599,,
35,121049,0.992253839969635,1.6931777000427246,,
35,121059,0.6698484420776367,0.803964376449585,,
35,121069,0.7544844150543213,0.8759827613830566,,
35,121079,1.157954454421997,1.8294312953948975,,
35,121089,1.0798230171203613,3.314279794692993,,
35,121099,0.8909646272659302,1.5758295059204102,,
35,121109,0.8452280163764954,1.1360507011413574,,
35,121119,0.6523318290710449,0.6191763877868652,,
35,121129,0.8805807828903198,1.241767168045044,,
35,121139,0.8500936031341553,1.1730633974075317,,
35,121149,0.9331758618354797,1.5067507028579712,,
35,121159,0.8635140657424927,1.2110031843185425,,
35,121169,0.8442228436470032,1.2026755809783936,,
35,121179,0.9579812288284302,1.2877517938613892,,
35,121189,0.9339752197265625,1.3209006786346436,,
35,121199,0.9211628437042236,1.3095951080322266,,
35,121209,0.9268914461135864,1.224564790725708,,
35,121219,0.8999499678611755,1.3410029411315918,,
35,121229,0.814960241317749,1.0245082378387451,,
35,121239,0.8100118637084961,1.0403060913085938,,
35,121249,0.9806134700775146,1.6732920408248901,,
35,121259,0.9954574108123779,1.327416181564331,,
35,121269,0.900359034538269,1.4187395572662354,,
35,121279,0.8319936394691467,1.1868627071380615,,
35,121289,0.7506845593452454,0.8619354963302612,,
35,121299,0.8637036085128784,1.3868881464004517,,
35,121309,0.7298445701599121,0.7523791193962097,,
35,121319,0.7591822743415833,0.8996864557266235,,
35,121329,0.8072923421859741,1.0202070474624634,,
35,121339,0.8741426467895508,1.273917555809021,,
35,121349,1.0163682699203491,2.088728666305542,,
35,121359,1.030759334564209,1.518014907836914,,
35,121369,1.0558748245239258,1.4699382781982422,,
35,121379,1.1755952835083008,2.111720323562622,,
35,121389,1.2019761800765991,2.42752742767334,,
35,121399,0.86882483959198,1.2091981172561646,,
35,121409,0.9725247621536255,1.3375846147537231,,
35,121419,0.9168777465820312,1.2830854654312134,,
35,121429,0.8678473234176636,1.1382272243499756,,
35,121439,0.9412631392478943,1.2463791370391846,,
35,121449,1.0365467071533203,1.7349731922149658,,
35,121459,1.0533885955810547,2.3980884552001953,,
35,121469,1.0822527408599854,1.6351933479309082,,
35,121479,0.9885028004646301,1.7066919803619385,,
35,121489,0.8574365973472595,1.1112651824951172,,
35,121499,0.9473346471786499,1.3276962041854858,,
35,121509,0.838717520236969,1.0947890281677246,,
35,121519,1.0508053302764893,1.7189548015594482,,
35,121529,0.9698180556297302,1.2966934442520142,,
35,121539,0.8395244479179382,1.1452207565307617,,
35,121549,0.819068968296051,1.1126906871795654,,
35,121559,0.9821732044219971,1.6246113777160645,,
35,121569,0.8921203017234802,1.1871137619018555,,
35,121579,0.9250624179840088,1.3003711700439453,,
35,121589,0.5967543721199036,0.5732126235961914,,
35,121599,1.055835247039795,1.7781445980072021,,
35,121609,1.0429760217666626,1.8366601467132568,,
35,121619,0.9810341596603394,1.859758973121643,,
35,121629,1.0306484699249268,1.6359846591949463,,
35,121639,0.8868533372879028,1.2892208099365234,,
35,121649,1.056841492652893,1.5195910930633545,,
35,121659,0.8128480911254883,1.021623134613037,,
35,121669,0.6754783987998962,0.7684605121612549,,
35,121679,1.1480162143707275,1.9514124393463135,,
35,121689,0.8407962322235107,0.9899476170539856,,
35,121699,1.0013737678527832,1.3896434307098389,,
35,121709,0.7643373012542725,1.0494235754013062,,
35,121719,0.832177460193634,1.0668115615844727,,
35,121729,0.7084224224090576,0.9442042112350464,,
35,121739,0.8613929748535156,1.4978671073913574,,
35,121749,1.2652010917663574,2.174046277999878,,
35,121759,0.9472463130950928,1.2705378532409668,,
35,121769,0.6738835573196411,0.6710153818130493,,
35,121779,0.8547743558883667,1.212977409362793,,
35,121789,0.6539921760559082,0.6414030194282532,,
35,121799,0.8749080896377563,1.1521459817886353,,
35,121809,0.9408107399940491,1.3653507232666016,,
35,121819,0.7563073635101318,0.9815687537193298,,
35,121829,1.1940295696258545,2.0872793197631836,,
35,121839,0.8780142068862915,1.1225076913833618,,
35,121849,0.8392403721809387,1.0028783082962036,,
35,121859,0.9127345681190491,1.5155792236328125,,
35,121869,0.714755117893219,0.8336092233657837,,
35,121879,0.9854857921600342,1.5207933187484741,,
35,121889,0.7756369113922119,1.003312587738037,,
35,121899,0.9754440784454346,1.4896936416625977,,
35,121909,0.8574963212013245,0.9976158142089844,,
35,121919,0.8703774809837341,1.1364597082138062,,
35,121929,0.9810236692428589,1.778480052947998,,
35,121939,0.8568995594978333,1.153170108795166,,
35,121949,0.8177649974822998,1.0824270248413086,,
35,121959,1.0014628171920776,1.6146106719970703,,
35,121969,0.9312489032745361,1.2991304397583008,,
35,121979,0.6565119028091431,0.7155584692955017,,
35,121989,0.7922702431678772,0.8327335119247437,,
35,121999,0.8025203347206116,1.1168491840362549,,
35,122009,0.9198715686798096,1.1897003650665283,,
35,122019,0.9437519311904907,1.2890915870666504,,
35,122029,0.6703500747680664,0.7199802398681641,,
35,122039,0.7395455837249756,0.8762032389640808,,
35,122049,0.9089914560317993,1.288149118423462,,
35,122059,0.9686993360519409,1.481026291847229,,
35,122069,1.0761768817901611,2.8996639251708984,,
35,122079,0.7335457801818848,0.8988683223724365,,
35,122089,0.9197874665260315,1.3400695323944092,,
35,122099,0.8887689113616943,1.2022680044174194,,
35,122109,1.029526948928833,1.6697027683258057,,
35,122119,0.8506601452827454,0.9387887120246887,,
35,122129,0.8884525299072266,1.159703016281128,,
35,122139,0.7143087387084961,0.8229526281356812,,
35,122149,1.065764307975769,1.7318284511566162,,
35,122159,0.7438485622406006,1.3398802280426025,,
35,122169,0.8834989070892334,1.2227717638015747,,
35,122179,0.8196149468421936,1.110210657119751,,
35,122189,0.9323753714561462,1.2848047018051147,,
35,122199,0.8563988208770752,1.1750609874725342,,
35,122209,0.8949902653694153,1.1995502710342407,,
35,122219,1.0052852630615234,1.371941089630127,,
35,122229,0.979037880897522,1.3775138854980469,,
35,122239,0.9059170484542847,1.092027187347412,,
35,122249,0.9335196018218994,1.2365434169769287,,
35,122259,1.0055336952209473,1.592871904373169,,
35,122269,0.8262878656387329,1.2485570907592773,,
35,122279,1.0487773418426514,1.7918386459350586,,
35,122289,0.9475057721138,1.405803918838501,,
35,122299,0.7530437111854553,0.9382463693618774,,
35,122309,0.6230328679084778,0.5832663178443909,,
35,122319,0.7181402444839478,0.7999280691146851,,
35,122329,0.725152850151062,0.8113980889320374,,
35,122339,1.0488793849945068,1.4939067363739014,,
35,122349,0.9860990643501282,1.484196424484253,,
35,122359,0.9037697911262512,1.18595552444458,,
35,122369,0.8738377094268799,1.0189182758331299,,
35,122379,1.0057190656661987,1.3738813400268555,,
35,122389,0.7877939939498901,1.366187334060669,,
35,122399,0.943096399307251,1.3490612506866455,,
35,122409,0.7613822817802429,0.9918357133865356,,
35,122419,0.7840328216552734,1.033606767654419,,
35,122429,0.6687878370285034,0.6447458267211914,,
35,122439,1.1194794178009033,2.271387815475464,,
35,122449,1.0300376415252686,1.4439640045166016,,
35,122459,1.0079694986343384,1.3214058876037598,,
35,122469,0.7414315938949585,1.0602965354919434,,
35,122479,0.9355553388595581,1.3360580205917358,,
35,122489,1.0222892761230469,1.658033013343811,,
35,122499,0.8170788288116455,0.9567345380783081,,
35,122509,1.0320309400558472,1.4668869972229004,,
35,122519,1.1165387630462646,1.8559142351150513,,
35,122529,0.9979004859924316,2.0620734691619873,,
35,122539,0.9551112651824951,1.202019214630127,,
35,122549,0.9548643827438354,1.5457754135131836,,
35,122559,0.8938466310501099,1.3421728610992432,,
35,122569,0.9146090745925903,1.2478665113449097,,
35,122579,1.116103172302246,1.9008276462554932,,
35,122589,0.7461450695991516,0.8188009262084961,,
35,122599,0.8795892596244812,1.1470544338226318,,
35,122609,0.8150127530097961,0.9598833322525024,,
35,122619,0.7253803014755249,0.9173895716667175,,
35,122629,0.863350510597229,1.1553188562393188,,
35,122639,0.6815641522407532,0.9756696224212646,,
35,122649,1.0519018173217773,1.777968168258667,,
35,122659,0.5918204188346863,0.6321350932121277,,
35,122669,0.7695850133895874,0.9889088869094849,,
35,122679,0.8975861072540283,1.4300835132598877,,
35,122689,1.0603141784667969,1.8324358463287354,,
35,122699,0.8854685425758362,1.1437888145446777,,
35,122709,0.7274843454360962,0.7919238209724426,,
35,122719,1.1896586418151855,2.0257582664489746,,
35,122729,0.8722370862960815,1.3418155908584595,,
35,122739,1.0179898738861084,1.5583819150924683,,
35,122749,0.9699523448944092,1.3633313179016113,,
35,122759,0.7383888959884644,0.7665727138519287,,
35,122769,1.02622389793396,1.664476990699768,,
35,122779,0.8003742694854736,1.0965631008148193,,
35,122789,1.0527863502502441,1.4707791805267334,,
35,122799,0.8664314150810242,1.3075717687606812,,
35,122809,0.8526945114135742,0.9509462118148804,,
35,122819,0.9366742968559265,1.2816886901855469,,
35,122829,0.7261111736297607,0.7505041360855103,,
35,122839,0.8618818521499634,1.206099271774292,,
35,122849,0.7458745837211609,0.7868301868438721,,
35,122859,0.8901658654212952,1.1467818021774292,,
35,122869,1.0092287063598633,2.115488052368164,,
35,122879,0.798321008682251,0.8815499544143677,,
35,122889,0.7974098324775696,0.9132402539253235,,
35,122899,0.9902635216712952,1.5796046257019043,,
35,122909,0.6801186800003052,0.8237959146499634,,
35,122919,1.0094592571258545,1.4079539775848389,,
35,122929,1.0323961973190308,1.585097074508667,,
35,122939,0.8427218794822693,1.3271363973617554,,
35,122949,0.7391791343688965,0.9204888939857483,,
35,122959,0.8845260143280029,1.232251763343811,,
35,122969,1.1904606819152832,2.1345252990722656,,
35,122979,0.9797247052192688,1.613999605178833,,
35,122989,0.906897246837616,1.1807243824005127,,
35,122999,1.1272237300872803,2.2092745304107666,,
35,123009,0.9696146845817566,1.4066643714904785,,
35,123019,1.0289018154144287,1.4885754585266113,,
35,123029,0.7982946038246155,0.9528840184211731,,
35,123039,0.6818696856498718,0.819797694683075,,
35,123049,1.2914478778839111,2.433042526245117,,
35,123059,0.9778528213500977,1.7645676136016846,,
35,123069,0.8766105771064758,1.539674997329712,,
35,123079,1.095768690109253,1.629267930984497,,
35,123089,1.2857226133346558,2.44473934173584,,
35,123099,0.8752797842025757,1.1689348220825195,,
35,123109,0.6717023849487305,0.7611141204833984,,
35,123119,0.8694016933441162,1.197251796722412,,
35,123129,0.8400452136993408,1.095879316329956,,
35,123139,0.9038847088813782,1.170194387435913,,
35,123149,0.8051215410232544,0.9689623117446899,,
35,123159,0.9141553640365601,1.113182544708252,,
35,123169,0.9268978834152222,1.2934317588806152,,
35,123179,0.9619220495223999,1.263235092163086,,
35,123189,0.9612683057785034,1.3845009803771973,,
35,123199,0.9681538939476013,1.463078260421753,,
35,123209,1.0366220474243164,1.5887525081634521,,
35,123219,0.9608578681945801,1.3857223987579346,,
35,123229,0.8850264549255371,1.2071213722229004,,
35,123239,0.8766331076622009,1.1350336074829102,,
35,123249,0.8007810115814209,0.9618350863456726,,
35,123259,0.7462801933288574,0.894726037979126,,
35,123269,1.053436517715454,1.6275341510772705,,
35,123279,0.7752808332443237,1.11996328830719,,
35,123289,0.7921391725540161,0.9851717948913574,,
35,123299,1.0158469676971436,1.4915263652801514,,
35,123309,0.8791931867599487,1.0782068967819214,,
35,123319,0.9453936815261841,1.191818356513977,,
35,123329,0.8910208344459534,1.3838841915130615,,
35,123339,0.8532912731170654,1.0464341640472412,,
35,123349,0.998751163482666,1.4155311584472656,,
35,123359,1.049391746520996,1.7328555583953857,,
35,123369,0.6228238940238953,0.656298041343689,,
35,123379,0.9119225740432739,1.269025444984436,,
35,123389,0.9517508149147034,1.5043643712997437,,
35,123399,0.9200489521026611,1.4663571119308472,,
35,123409,0.9219583868980408,1.3581016063690186,,
35,123419,1.0393149852752686,1.4915050268173218,,
35,123429,1.2836405038833618,2.211813449859619,,
35,123439,0.9728147983551025,1.268470287322998,,
35,123449,0.7702125310897827,0.9599613547325134,,
35,123459,0.7092419862747192,0.7035988569259644,,
35,123469,0.8465086817741394,1.2075417041778564,,
35,123479,0.7798222899436951,1.0324739217758179,,
35,123489,0.885094404220581,1.2198845148086548,,
35,123499,0.6946669816970825,0.6826796531677246,,
35,123509,0.6990722417831421,0.8977180123329163,,
35,123519,1.241821527481079,2.221736431121826,,
35,123529,1.006629467010498,1.2849392890930176,,
35,123539,1.0690340995788574,1.7651673555374146,,
35,123549,0.9557998776435852,1.3438241481781006,,
35,123559,0.7851637601852417,1.004057765007019,,
35,123569,0.9369205236434937,1.2329058647155762,,
35,123579,0.9007289409637451,1.3061811923980713,,
35,123589,0.7684136033058167,0.9424422383308411,,
35,123599,0.7963794469833374,0.941655158996582,,
35,123609,0.9285991191864014,1.407902717590332,,
35,123619,0.7161499857902527,0.7538439035415649,,
35,123629,0.8227159976959229,0.9546191692352295,,
35,123639,0.867792546749115,1.2166178226470947,,
35,123649,0.890376091003418,1.1611377000808716,,
35,123659,0.843421459197998,1.1596293449401855,,
35,123669,0.6650301814079285,0.7717648148536682,,
35,123679,0.8064560890197754,1.036008596420288,,
35,123689,0.8522484302520752,1.2922075986862183,,
35,123699,0.8320223689079285,1.0122030973434448,,
35,123709,0.8916961550712585,1.1175718307495117,,
35,123719,0.7766245603561401,0.8759036660194397,,
35,123729,0.9030503630638123,1.4922490119934082,,
35,123739,0.7774866819381714,1.0262317657470703,,
35,123749,0.9746308326721191,1.4849345684051514,,
35,123759,0.9481919407844543,1.3715088367462158,,
35,123767,,,0.9099835753440857,1.322594404220581
36,123769,0.8819408416748047,1.3648293018341064,,
36,123779,0.8120734691619873,0.9453471899032593,,
36,123789,0.9571961760520935,1.3290841579437256,,
36,123799,0.8492980599403381,1.0273289680480957,,
36,123809,0.756672739982605,0.9523250460624695,,
36,123819,0.9251190423965454,1.3165439367294312,,
36,123829,0.7581360340118408,0.8509714007377625,,
36,123839,1.1600455045700073,5.312834739685059,,
36,123849,0.9969590902328491,1.4157768487930298,,
36,123859,0.9077247381210327,1.3243616819381714,,
36,123869,0.8187609910964966,0.9180158972740173,,
36,123879,0.8391985893249512,1.3930574655532837,,
36,123889,0.78763747215271,0.9760586023330688,,
36,123899,1.0939629077911377,1.8561620712280273,,
36,123909,0.721987783908844,0.8543028831481934,,
36,123919,1.1169099807739258,1.8033576011657715,,
36,123929,0.9277182221412659,1.3648693561553955,,
36,123939,0.7721156477928162,0.9841052293777466,,
36,123949,0.94660484790802,1.3499763011932373,,
36,123959,1.0432106256484985,1.5874863862991333,,
36,123969,0.7676337957382202,0.9473143219947815,,
36,123979,0.9489865303039551,1.3050296306610107,,
36,123989,0.7707213759422302,0.9080443382263184,,
36,123999,0.9722809791564941,1.3125762939453125,,
36,124009,0.8874894976615906,1.2114648818969727,,
36,124019,0.6554614901542664,0.6494280099868774,,
36,124029,0.6865031719207764,0.6757529973983765,,
36,124039,0.8185492157936096,1.0244364738464355,,
36,124049,0.9843921661376953,1.57600998878479,,
36,124059,0.7876302003860474,0.9228057861328125,,
36,124069,0.7723057270050049,1.0416219234466553,,
36,124079,1.0046236515045166,1.5046675205230713,,
36,124089,0.8827559351921082,1.231144666671753,,
36,124099,0.9393860697746277,1.2701525688171387,,
36,124109,0.8943854570388794,1.3238816261291504,,
36,124119,0.8645375967025757,1.310546636581421,,
36,124129,1.1487735509872437,1.7446156740188599,,
36,124139,0.9269922375679016,1.4257597923278809,,
36,124149,0.8246574997901917,1.147552490234375,,
36,124159,0.7525866031646729,0.8364815711975098,,
36,124169,1.1675102710723877,1.9939873218536377,,
36,124179,0.8052170276641846,0.9898591637611389,,
36,124189,0.7896198034286499,1.0867661237716675,,
36,124199,0.7245694398880005,0.7575262188911438,,
36,124209,0.9126434326171875,1.2190189361572266,,
36,124219,0.959385871887207,1.3156723976135254,,
36,124229,0.8460148572921753,1.1533637046813965,,
36,124239,0.9152106642723083,1.366585373878479,,
36,124249,0.992222785949707,1.7037782669067383,,
36,124259,0.9352149367332458,1.262893557548523,,
36,124269,0.7558171153068542,0.9712044596672058,,
36,124279,0.8445752263069153,1.0926021337509155,,
36,124289,0.8248872756958008,1.1557759046554565,,
36,124299,0.8301030397415161,1.1982872486114502,,
36,124309,0.6711640954017639,0.7972968816757202,,
36,124319,0.9295937418937683,1.089699387550354,,
36,124329,0.9337702393531799,1.269609808921814,,
36,124339,0.838151752948761,0.9276116490364075,,
36,124349,0.8773897886276245,1.241957187652588,,
36,124359,0.830938458442688,1.1313608884811401,,
36,124369,0.848564624786377,1.826805830001831,,
36,124379,0.8964765071868896,1.1568503379821777,,
36,124389,0.8653179407119751,1.123233437538147,,
36,124399,0.781765341758728,0.9344514608383179,,
36,124409,0.7513940334320068,0.7555747032165527,,
36,124419,0.7200369834899902,0.8105127215385437,,
36,124429,0.9378738403320312,1.3652124404907227,,
36,124439,0.8535830974578857,1.2788379192352295,,
36,124449,1.1025280952453613,1.670290470123291,,
36,124459,1.0849441289901733,2.4661784172058105,,
36,124469,1.0597105026245117,2.4593513011932373,,
36,124479,0.6624597311019897,0.6376869678497314,,
36,124489,0.8736317157745361,1.2355833053588867,,
36,124499,1.001272201538086,1.4109734296798706,,
36,124509,0.8095258474349976,0.9846824407577515,,
36,124519,0.979856014251709,1.4153854846954346,,
36,124529,1.014791488647461,1.5002081394195557,,
36,124539,0.921785831451416,1.4170564413070679,,
36,124549,0.8445172905921936,1.0794014930725098,,
36,124559,0.8822019100189209,1.4373700618743896,,
36,124569,0.8893102407455444,1.2052333354949951,,
36,124579,0.9609287977218628,1.4928829669952393,,
36,124589,0.9247331023216248,1.2087175846099854,,
36,124599,0.9626768827438354,1.4539744853973389,,
36,124609,0.9855263829231262,1.6227099895477295,,
36,124619,0.9666674733161926,1.377661108970642,,
36,124629,1.1096149682998657,1.9374388456344604,,
36,124639,0.7386587262153625,0.8230106830596924,,
36,124649,0.970527708530426,1.6247127056121826,,
36,124659,0.9864201545715332,1.4868295192718506,,
36,124669,0.6692155599594116,0.6400179862976074,,
36,124679,0.9458188414573669,1.5112738609313965,,
36,124689,0.9735792279243469,1.3936126232147217,,
36,124699,0.9554741978645325,1.6773157119750977,,
36,124709,0.9051600098609924,1.5847411155700684,,
36,124719,0.7865289449691772,0.8625615239143372,,
36,124729,0.8796738982200623,1.071457862854004,,
36,124739,1.0756938457489014,1.7356414794921875,,
36,124749,0.8642444610595703,1.160637378692627,,
36,124759,0.8762456178665161,1.3203316926956177,,
36,124769,0.744330644607544,0.8749323487281799,,
36,124779,0.8976874351501465,1.1856460571289062,,
36,124789,0.8551056385040283,1.0638294219970703,,
36,124799,0.9314638376235962,1.2944892644882202,,
36,124809,0.817013144493103,1.012087345123291,,
36,124819,0.993603527545929,1.5053894519805908,,
36,124829,0.9817817211151123,1.454486608505249,,
36,124839,0.9009733200073242,1.0857398509979248,,
36,124849,0.9225777387619019,1.3632779121398926,,
36,124859,0.9932739734649658,1.9212509393692017,,
36,124869,0.8314286470413208,1.0889981985092163,,
36,124879,0.7636549472808838,0.8747153878211975,,
36,124889,0.9494234323501587,1.6033600568771362,,
36,124899,0.9229349493980408,1.3144855499267578,,
36,124909,1.1655879020690918,2.293290615081787,,
36,124919,0.8219956159591675,1.0872178077697754,,
36,124929,0.8634973764419556,1.3556733131408691,,
36,124939,1.148476004600525,1.944258689880371,,
36,124949,1.0029854774475098,1.4377094507217407,,
36,124959,0.9344537258148193,1.1023355722427368,,
36,124969,1.042325496673584,1.7068634033203125,,
36,124979,0.8648866415023804,1.1215177774429321,,
36,124989,1.1740572452545166,2.5388805866241455,,
36,124999,0.9191848635673523,1.1901328563690186,,
36,125009,0.9267177581787109,1.2202167510986328,,
36,125019,1.0631797313690186,1.5951778888702393,,
36,125029,0.954355776309967,1.389249563217163,,
36,125039,0.9454950094223022,1.3726096153259277,,
36,125049,0.8389735221862793,1.0598028898239136,,
36,125059,1.1339497566223145,1.9468870162963867,,
36,125069,0.8418207168579102,1.251936912536621,,
36,125079,0.8791787028312683,1.5039658546447754,,
36,125089,1.0911734104156494,1.6619130373001099,,
36,125099,0.8721593618392944,1.1950910091400146,,
36,125109,0.8392890691757202,1.3308675289154053,,
36,125119,0.9102250337600708,1.4459975957870483,,
36,125129,0.9218480587005615,1.2201815843582153,,
36,125139,1.1474289894104004,1.9887747764587402,,
36,125149,0.777574360370636,0.9268618822097778,,
36,125159,1.0078907012939453,1.9038074016571045,,
36,125169,0.9152629375457764,1.1096370220184326,,
36,125179,0.7193034291267395,0.6382564306259155,,
36,125189,0.9991430044174194,1.3647346496582031,,
36,125199,0.9017821550369263,1.1730512380599976,,
36,125209,0.910957932472229,1.1522867679595947,,
36,125219,0.6413838863372803,0.5871702432632446,,
36,125229,0.8296446800231934,1.0025675296783447,,
36,125239,0.7125283479690552,0.6837437748908997,,
36,125249,1.1210849285125732,2.0885162353515625,,
36,125259,0.9244042634963989,1.2480615377426147,,
36,125269,0.8743067979812622,1.2348045110702515,,
36,125279,1.0838429927825928,1.688513994216919,,
36,125289,0.9259647130966187,1.3196965456008911,,
36,125299,0.7103523015975952,0.7953965067863464,,
36,125309,0.9182882308959961,1.3209704160690308,,
36,125319,0.7743879556655884,1.1074774265289307,,
36,125329,0.928025484085083,1.2985883951187134,,
36,125339,1.179828405380249,2.0158352851867676,,
36,125349,0.7434265613555908,0.8146994113922119,,
36,125359,0.8910284042358398,1.3494658470153809,,
36,125369,0.8271231651306152,1.0442216396331787,,
36,125379,1.01186203956604,1.7365801334381104,,
36,125389,0.892605721950531,1.8257410526275635,,
36,125399,0.6732751727104187,0.8443658947944641,,
36,125409,0.876593291759491,1.3704886436462402,,
36,125419,0.9246702790260315,1.2730579376220703,,
36,125429,0.9347795248031616,1.1873072385787964,,
36,125439,0.8382899165153503,1.0524123907089233,,
36,125449,0.9448615312576294,1.3353406190872192,,
36,125459,0.8810921907424927,1.2762253284454346,,
36,125469,0.8799829483032227,1.2269902229309082,,
36,125479,0.8431941270828247,1.1967096328735352,,
36,125489,1.1293081045150757,2.181732177734375,,
36,125499,0.839672327041626,1.0438836812973022,,
36,125509,0.9295765161514282,1.2716052532196045,,
36,125519,0.7993974089622498,1.115720510482788,,
36,125529,0.6328441500663757,0.6500495672225952,,
36,125539,0.9472724199295044,1.399302363395691,,
36,125549,0.8871679902076721,1.1104750633239746,,
36,125559,1.1260319948196411,1.7234476804733276,,
36,125569,0.8941185474395752,1.0572781562805176,,
36,125579,1.00754976272583,1.648085594177246,,
36,125589,0.967444121837616,1.8486015796661377,,
36,125599,0.9172988533973694,1.268051028251648,,
36,125609,0.6461107730865479,0.576826810836792,,
36,125619,0.9993911981582642,1.365890383720398,,
36,125629,0.8682190179824829,1.005039930343628,,
36,125639,0.6786178350448608,0.8593260645866394,,
36,125649,0.7983207106590271,1.0107728242874146,,
36,125659,0.9264082908630371,1.3065705299377441,,
36,125669,1.0267622470855713,1.6496518850326538,,
36,125679,1.033238410949707,1.5828449726104736,,
36,125689,0.9031243324279785,1.2806074619293213,,
36,125699,0.8263834714889526,0.966160774230957,,
36,125709,0.9693275094032288,1.3931697607040405,,
36,125719,0.8241273760795593,1.0544583797454834,,
36,125729,1.0077202320098877,1.289768099784851,,
36,125739,0.8590167760848999,1.0921604633331299,,
36,125749,0.9206965565681458,1.3128728866577148,,
36,125759,0.8492156267166138,1.23163902759552,,
36,125769,0.890653133392334,1.137322187423706,,
36,125779,1.07149338722229,1.9585769176483154,,
36,125789,0.9583450555801392,1.3144900798797607,,
36,125799,0.8940607905387878,1.1479240655899048,,
36,125809,0.6528182625770569,0.880573034286499,,
36,125819,0.8015483021736145,0.9649254083633423,,
36,125829,0.8858814239501953,1.251036286354065,,
36,125839,1.0240193605422974,1.644519329071045,,
36,125849,0.7077733874320984,0.7822598218917847,,
36,125859,0.7795169353485107,0.9420293569564819,,
36,125869,0.9630972743034363,1.5008589029312134,,
36,125879,0.9412053227424622,1.3088886737823486,,
36,125889,0.8821702003479004,1.2223026752471924,,
36,125899,0.9188742637634277,1.2430830001831055,,
36,125909,0.7763125896453857,0.9225719571113586,,
36,125919,0.9268394112586975,1.3116159439086914,,
36,125929,1.2083015441894531,2.423436164855957,,
36,125939,0.8018171787261963,1.0987002849578857,,
36,125949,0.8274940252304077,1.3916010856628418,,
36,125959,0.9672732949256897,1.538317322731018,,
36,125969,0.8461353182792664,0.9524440765380859,,
36,125979,0.7428524494171143,1.0748262405395508,,
36,125989,0.8633027076721191,1.1042333841323853,,
36,125999,0.8869284391403198,1.2189531326293945,,
36,126009,0.9776960611343384,1.4763877391815186,,
36,126019,0.7335032224655151,0.8531975150108337,,
36,126029,0.8624574542045593,1.124362587928772,,
36,126039,1.058068871498108,2.051525592803955,,
36,126049,0.9679937958717346,1.30232572555542,,
36,126059,0.9762890934944153,1.4490399360656738,,
36,126069,0.9720247387886047,1.7843832969665527,,
36,126079,0.562684178352356,0.4734666645526886,,
36,126089,0.8424797058105469,1.10953950881958,,
36,126099,0.9009810090065002,1.315018653869629,,
36,126109,1.0011506080627441,1.636091947555542,,
36,126119,1.012930989265442,1.8316315412521362,,
36,126129,0.7771221995353699,1.151532530784607,,
36,126139,0.9776158332824707,1.6581212282180786,,
36,126149,0.9045215845108032,1.153253197669983,,
36,126159,1.1100877523422241,1.5496305227279663,,
36,126169,0.7420117855072021,0.8735272288322449,,
36,126179,0.9484626650810242,1.3664660453796387,,
36,126189,0.9706882834434509,1.453648328781128,,
36,126199,0.8703334331512451,1.2138893604278564,,
36,126209,0.8333681225776672,1.0310903787612915,,
36,126219,0.8967347145080566,1.1333396434783936,,
36,126229,0.9200699329376221,1.447040319442749,,
36,126239,0.8079855442047119,1.1554601192474365,,
36,126249,0.9602802395820618,1.3423912525177002,,
36,126259,0.985173225402832,1.3395930528640747,,
36,126269,0.9010537266731262,1.2461705207824707,,
36,126279,0.6980916857719421,0.8578643798828125,,
36,126289,0.5491684079170227,0.47006648778915405,,
36,126299,0.7635327577590942,0.9076224565505981,,
36,126309,0.8754523396492004,1.5023815631866455,,
36,126319,0.8361260890960693,1.1151909828186035,,
36,126329,0.8428152799606323,1.1437268257141113,,
36,126339,0.7890257835388184,1.0264971256256104,,
36,126349,0.8348891139030457,1.0740885734558105,,
36,126359,0.8633051514625549,1.862115502357483,,
36,126369,0.9095221161842346,1.2273125648498535,,
36,126379,0.9051015377044678,1.134521484375,,
36,126389,0.8464149236679077,1.1132326126098633,,
36,126399,0.9611790776252747,1.475131869316101,,
36,126409,0.7706495523452759,0.916743814945221,,
36,126419,0.9747251272201538,1.4441416263580322,,
36,126429,0.7524715662002563,0.9404305815696716,,
36,126439,0.7146362662315369,0.7184734344482422,,
36,126449,0.8196151256561279,0.9887399673461914,,
36,126459,1.0249277353286743,1.9962178468704224,,
36,126469,1.1362102031707764,1.8670952320098877,,
36,126479,1.034842610359192,1.5678718090057373,,
36,126489,0.8705202341079712,1.356846809387207,,
36,126499,0.8472434878349304,1.2642066478729248,,
36,126509,0.8462668657302856,1.2416162490844727,,
36,126519,0.958027184009552,1.4590473175048828,,
36,126529,0.7008795738220215,0.7666013836860657,,
36,126539,1.1465883255004883,2.19564151763916,,
36,126549,0.8856411576271057,1.2036949396133423,,
36,126559,0.8813574314117432,1.5669240951538086,,
36,126569,0.9019215703010559,1.4282218217849731,,
36,126579,0.856256365776062,1.0116558074951172,,
36,126589,1.0920629501342773,2.444417953491211,,
36,126599,0.9253923296928406,1.575819492340088,,
36,126609,0.7363652586936951,0.8794789910316467,,
36,126619,0.7747405767440796,0.8309351801872253,,
36,126629,0.924760103225708,1.375150442123413,,
36,126639,0.769767165184021,0.8683425188064575,,
36,126649,0.9704501628875732,1.4153586626052856,,
36,126659,1.017311930656433,1.6443244218826294,,
36,126669,1.3013789653778076,3.6885602474212646,,
36,126679,0.8382931351661682,0.958609402179718,,
36,126689,0.7525855302810669,0.8547705411911011,,
36,126699,0.7107609510421753,0.6495586037635803,,
36,126709,0.9183536767959595,1.4789849519729614,,
36,126719,0.9679087400436401,1.362189769744873,,
36,126729,1.060672640800476,1.691039800643921,,
36,126739,0.9905908107757568,1.6350845098495483,,
36,126749,0.8859142065048218,1.1273993253707886,,
36,126759,0.9370869398117065,1.4845004081726074,,
36,126769,0.8517225384712219,1.10553777217865,,
36,126779,0.9492678642272949,1.3080952167510986,,
36,126789,0.8733898401260376,1.1537550687789917,,
36,126799,0.9788997173309326,1.3973369598388672,,
36,126809,0.7058157920837402,0.7910795211791992,,
36,126819,0.5933997631072998,0.5848650932312012,,
36,126829,1.005523920059204,1.2618225812911987,,
36,126839,0.8418519496917725,1.2751535177230835,,
36,126849,0.8588581085205078,1.1928386688232422,,
36,126859,0.8904553055763245,1.040513277053833,,
36,126869,0.9889705777168274,1.6162750720977783,,
36,126879,1.0095665454864502,1.392000675201416,,
36,126889,0.7934566736221313,1.0955357551574707,,
36,126899,0.9534071087837219,1.2753815650939941,,
36,126909,0.8861461877822876,1.3100608587265015,,
36,126919,0.8553675413131714,1.4711222648620605,,
36,126929,1.2109848260879517,2.4350242614746094,,
36,126939,0.9973201751708984,1.3326373100280762,,
36,126949,0.6580703258514404,0.8391889929771423,,
36,126959,0.9804480075836182,1.5239746570587158,,
36,126969,1.0531983375549316,1.8986294269561768,,
36,126979,0.8217952251434326,1.0853464603424072,,
36,126989,0.9353520274162292,1.5346909761428833,,
36,126999,1.0256825685501099,1.5403378009796143,,
36,127009,0.8095263242721558,0.9063794612884521,,
36,127019,1.3416165113449097,2.6573078632354736,,
36,127029,0.9272080063819885,1.3246734142303467,,
36,127039,0.8250605463981628,1.0906589031219482,,
36,127049,1.1458826065063477,4.201633453369141,,
36,127059,0.7620707750320435,0.9541674852371216,,
36,127069,0.9009507894515991,1.137916088104248,,
36,127079,0.9638211131095886,1.2496891021728516,,
36,127089,0.9073638916015625,1.1462087631225586,,
36,127099,0.9019849896430969,1.1783010959625244,,
36,127109,0.7721447944641113,0.9589322805404663,,
36,127119,0.7746584415435791,0.81056147813797,,
36,127129,0.8213880062103271,0.9667561054229736,,
36,127139,0.8962234258651733,1.2072800397872925,,
36,127149,1.0048611164093018,1.9364556074142456,,
36,127159,0.9403924942016602,1.3377121686935425,,
36,127169,0.9404968619346619,1.5239323377609253,,
36,127179,0.9136207103729248,1.2462959289550781,,
36,127189,0.8902320861816406,1.1057971715927124,,
36,127199,0.8449352383613586,1.0736504793167114,,
36,127205,,,0.9100863337516785,1.3253554105758667
